08/07 10:53:35 - mmengine - INFO - 
------------------------------------------------------------
System environment:
    sys.platform: linux
    Python: 3.8.20 (default, Oct  3 2024, 15:24:27) [GCC 11.2.0]
    CUDA available: True
    MUSA available: False
    numpy_random_seed: 459875427
    GPU 0,1,2,3: NVIDIA A100-SXM4-80GB
    CUDA_HOME: /usr/local/cuda
    NVCC: Cuda compilation tools, release 12.8, V12.8.93
    GCC: gcc (SUSE Linux) 7.5.0
    PyTorch: 1.10.0+cu113
    PyTorch compiling details: PyTorch built with:
  - GCC 7.3
  - C++ Version: 201402
  - Intel(R) Math Kernel Library Version 2020.0.0 Product Build 20191122 for Intel(R) 64 architecture applications
  - Intel(R) MKL-DNN v2.2.3 (Git Hash 7336ca9f055cf1bfa13efb658fe15dc9b41f0740)
  - OpenMP 201511 (a.k.a. OpenMP 4.5)
  - LAPACK is enabled (usually provided by MKL)
  - NNPACK is enabled
  - CPU capability usage: AVX512
  - CUDA Runtime 11.3
  - NVCC architecture flags: -gencode;arch=compute_37,code=sm_37;-gencode;arch=compute_50,code=sm_50;-gencode;arch=compute_60,code=sm_60;-gencode;arch=compute_70,code=sm_70;-gencode;arch=compute_75,code=sm_75;-gencode;arch=compute_80,code=sm_80;-gencode;arch=compute_86,code=sm_86
  - CuDNN 8.2
  - Magma 2.5.2
  - Build settings: BLAS_INFO=mkl, BUILD_TYPE=Release, CUDA_VERSION=11.3, CUDNN_VERSION=8.2.0, CXX_COMPILER=/opt/rh/devtoolset-7/root/usr/bin/c++, CXX_FLAGS= -Wno-deprecated -fvisibility-inlines-hidden -DUSE_PTHREADPOOL -fopenmp -DNDEBUG -DUSE_KINETO -DUSE_FBGEMM -DUSE_QNNPACK -DUSE_PYTORCH_QNNPACK -DUSE_XNNPACK -DSYMBOLICATE_MOBILE_DEBUG_HANDLE -DEDGE_PROFILER_USE_KINETO -O2 -fPIC -Wno-narrowing -Wall -Wextra -Werror=return-type -Wno-missing-field-initializers -Wno-type-limits -Wno-array-bounds -Wno-unknown-pragmas -Wno-sign-compare -Wno-unused-parameter -Wno-unused-variable -Wno-unused-function -Wno-unused-result -Wno-unused-local-typedefs -Wno-strict-overflow -Wno-strict-aliasing -Wno-error=deprecated-declarations -Wno-stringop-overflow -Wno-psabi -Wno-error=pedantic -Wno-error=redundant-decls -Wno-error=old-style-cast -fdiagnostics-color=always -faligned-new -Wno-unused-but-set-variable -Wno-maybe-uninitialized -fno-math-errno -fno-trapping-math -Werror=format -Wno-stringop-overflow, LAPACK_INFO=mkl, PERF_WITH_AVX=1, PERF_WITH_AVX2=1, PERF_WITH_AVX512=1, TORCH_VERSION=1.10.0, USE_CUDA=ON, USE_CUDNN=ON, USE_EXCEPTION_PTR=1, USE_GFLAGS=OFF, USE_GLOG=OFF, USE_MKL=ON, USE_MKLDNN=ON, USE_MPI=OFF, USE_NCCL=ON, USE_NNPACK=ON, USE_OPENMP=ON, 

    TorchVision: 0.11.1+cu113
    OpenCV: 4.10.0
    MMEngine: 0.10.7

Runtime environment:
    cudnn_benchmark: False
    mp_cfg: {'mp_start_method': 'fork', 'opencv_num_threads': 0}
    dist_cfg: {'backend': 'nccl'}
    seed: 459875427
    Distributed launcher: pytorch
    Distributed training: True
    GPU number: 4
------------------------------------------------------------

08/07 10:53:38 - mmengine - INFO - Config:
DIOR_train_dataset = dict(
    ann_file='processed_DIOR_train.json',
    backend_args=None,
    data_prefix=dict(img='JPEGImages-trainval/'),
    data_root='../data/LAE-FOD/DIOR/',
    filter_cfg=dict(filter_empty_gt=True),
    metainfo=dict(
        classes=(
            'airplane',
            'airport',
            'groundtrackfield',
            'harbor',
            'baseballfield',
            'overpass',
            'basketballcourt',
            'ship',
            'bridge',
            'stadium',
            'storagetank',
            'tenniscourt',
            'expressway service area',
            'trainstation',
            'expressway toll station',
            'vehicle',
            'golffield',
            'windmill',
            'chimney',
            'dam',
        )),
    pipeline=[
        dict(backend_args=None, type='LoadImageFromFile'),
        dict(type='LoadAnnotations', with_bbox=True),
        dict(prob=0.5, type='RandomFlip'),
        dict(
            transforms=[
                [
                    dict(
                        keep_ratio=True,
                        scales=[
                            (
                                480,
                                1333,
                            ),
                            (
                                512,
                                1333,
                            ),
                            (
                                544,
                                1333,
                            ),
                            (
                                576,
                                1333,
                            ),
                            (
                                608,
                                1333,
                            ),
                            (
                                640,
                                1333,
                            ),
                            (
                                672,
                                1333,
                            ),
                            (
                                704,
                                1333,
                            ),
                            (
                                736,
                                1333,
                            ),
                            (
                                768,
                                1333,
                            ),
                            (
                                800,
                                1333,
                            ),
                        ],
                        type='RandomChoiceResize'),
                ],
                [
                    dict(
                        keep_ratio=True,
                        scales=[
                            (
                                400,
                                4200,
                            ),
                            (
                                500,
                                4200,
                            ),
                            (
                                600,
                                4200,
                            ),
                        ],
                        type='RandomChoiceResize'),
                    dict(
                        allow_negative_crop=True,
                        crop_size=(
                            384,
                            600,
                        ),
                        crop_type='absolute_range',
                        type='RandomCrop'),
                    dict(
                        keep_ratio=True,
                        scales=[
                            (
                                480,
                                1333,
                            ),
                            (
                                512,
                                1333,
                            ),
                            (
                                544,
                                1333,
                            ),
                            (
                                576,
                                1333,
                            ),
                            (
                                608,
                                1333,
                            ),
                            (
                                640,
                                1333,
                            ),
                            (
                                672,
                                1333,
                            ),
                            (
                                704,
                                1333,
                            ),
                            (
                                736,
                                1333,
                            ),
                            (
                                768,
                                1333,
                            ),
                            (
                                800,
                                1333,
                            ),
                        ],
                        type='RandomChoiceResize'),
                ],
            ],
            type='RandomChoice'),
        dict(
            meta_keys=(
                'img_id',
                'img_path',
                'ori_shape',
                'img_shape',
                'scale_factor',
                'flip',
                'flip_direction',
                'text',
                'custom_entities',
            ),
            type='PackDetInputs'),
    ],
    return_classes=True,
    type='CocoDataset')
DIOR_val_dataset = dict(
    ann_file='DIOR_val.json',
    backend_args=None,
    data_prefix=dict(img='JPEGImages-trainval/'),
    data_root='../data/LAE-FOD/DIOR/',
    metainfo=dict(
        classes=(
            'airplane',
            'airport',
            'groundtrackfield',
            'harbor',
            'baseballfield',
            'overpass',
            'basketballcourt',
            'ship',
            'bridge',
            'stadium',
            'storagetank',
            'tenniscourt',
            'expressway service area',
            'trainstation',
            'expressway toll station',
            'vehicle',
            'golffield',
            'windmill',
            'chimney',
            'dam',
        )),
    pipeline=[
        dict(backend_args=None, type='LoadImageFromFile'),
        dict(keep_ratio=True, scale=(
            800,
            1333,
        ), type='FixScaleResize'),
        dict(type='LoadAnnotations', with_bbox=True),
        dict(
            meta_keys=(
                'img_id',
                'img_path',
                'ori_shape',
                'img_shape',
                'scale_factor',
                'text',
                'custom_entities',
            ),
            type='PackDetInputs'),
    ],
    return_classes=True,
    test_mode=True,
    type='CocoDataset')
DIOR_val_evaluator = dict(
    ann_file='../data/LAE-FOD/DIOR/DIOR_val.json',
    backend_args=None,
    format_only=False,
    metric='bbox',
    type='CocoMetric')
all_metrics = [
    dict(
        ann_file='../data/LAE-FOD/DIOR/DIOR_val.json',
        backend_args=None,
        format_only=False,
        metric='bbox',
        type='CocoMetric'),
]
all_train_dataset = [
    dict(
        ann_file='processed_DIOR_train.json',
        backend_args=None,
        data_prefix=dict(img='JPEGImages-trainval/'),
        data_root='../data/LAE-FOD/DIOR/',
        filter_cfg=dict(filter_empty_gt=True),
        metainfo=dict(
            classes=(
                'airplane',
                'airport',
                'groundtrackfield',
                'harbor',
                'baseballfield',
                'overpass',
                'basketballcourt',
                'ship',
                'bridge',
                'stadium',
                'storagetank',
                'tenniscourt',
                'expressway service area',
                'trainstation',
                'expressway toll station',
                'vehicle',
                'golffield',
                'windmill',
                'chimney',
                'dam',
            )),
        pipeline=[
            dict(backend_args=None, type='LoadImageFromFile'),
            dict(type='LoadAnnotations', with_bbox=True),
            dict(prob=0.5, type='RandomFlip'),
            dict(
                transforms=[
                    [
                        dict(
                            keep_ratio=True,
                            scales=[
                                (
                                    480,
                                    1333,
                                ),
                                (
                                    512,
                                    1333,
                                ),
                                (
                                    544,
                                    1333,
                                ),
                                (
                                    576,
                                    1333,
                                ),
                                (
                                    608,
                                    1333,
                                ),
                                (
                                    640,
                                    1333,
                                ),
                                (
                                    672,
                                    1333,
                                ),
                                (
                                    704,
                                    1333,
                                ),
                                (
                                    736,
                                    1333,
                                ),
                                (
                                    768,
                                    1333,
                                ),
                                (
                                    800,
                                    1333,
                                ),
                            ],
                            type='RandomChoiceResize'),
                    ],
                    [
                        dict(
                            keep_ratio=True,
                            scales=[
                                (
                                    400,
                                    4200,
                                ),
                                (
                                    500,
                                    4200,
                                ),
                                (
                                    600,
                                    4200,
                                ),
                            ],
                            type='RandomChoiceResize'),
                        dict(
                            allow_negative_crop=True,
                            crop_size=(
                                384,
                                600,
                            ),
                            crop_type='absolute_range',
                            type='RandomCrop'),
                        dict(
                            keep_ratio=True,
                            scales=[
                                (
                                    480,
                                    1333,
                                ),
                                (
                                    512,
                                    1333,
                                ),
                                (
                                    544,
                                    1333,
                                ),
                                (
                                    576,
                                    1333,
                                ),
                                (
                                    608,
                                    1333,
                                ),
                                (
                                    640,
                                    1333,
                                ),
                                (
                                    672,
                                    1333,
                                ),
                                (
                                    704,
                                    1333,
                                ),
                                (
                                    736,
                                    1333,
                                ),
                                (
                                    768,
                                    1333,
                                ),
                                (
                                    800,
                                    1333,
                                ),
                            ],
                            type='RandomChoiceResize'),
                    ],
                ],
                type='RandomChoice'),
            dict(
                meta_keys=(
                    'img_id',
                    'img_path',
                    'ori_shape',
                    'img_shape',
                    'scale_factor',
                    'flip',
                    'flip_direction',
                    'text',
                    'custom_entities',
                ),
                type='PackDetInputs'),
        ],
        return_classes=True,
        type='CocoDataset'),
]
all_val_dataset = [
    dict(
        ann_file='DIOR_val.json',
        backend_args=None,
        data_prefix=dict(img='JPEGImages-trainval/'),
        data_root='../data/LAE-FOD/DIOR/',
        metainfo=dict(
            classes=(
                'airplane',
                'airport',
                'groundtrackfield',
                'harbor',
                'baseballfield',
                'overpass',
                'basketballcourt',
                'ship',
                'bridge',
                'stadium',
                'storagetank',
                'tenniscourt',
                'expressway service area',
                'trainstation',
                'expressway toll station',
                'vehicle',
                'golffield',
                'windmill',
                'chimney',
                'dam',
            )),
        pipeline=[
            dict(backend_args=None, type='LoadImageFromFile'),
            dict(keep_ratio=True, scale=(
                800,
                1333,
            ), type='FixScaleResize'),
            dict(type='LoadAnnotations', with_bbox=True),
            dict(
                meta_keys=(
                    'img_id',
                    'img_path',
                    'ori_shape',
                    'img_shape',
                    'scale_factor',
                    'text',
                    'custom_entities',
                ),
                type='PackDetInputs'),
        ],
        return_classes=True,
        test_mode=True,
        type='CocoDataset'),
]
auto_scale_lr = dict(base_batch_size=16, enable=False)
backend_args = None
custom_hooks = [
    dict(type='LatencyLoggerHook'),
]
data_root = '../data/LAE-FOD/DIOR/'
dataset_prefixes = [
    'DIOR',
]
dataset_type = 'CocoDataset'
default_hooks = dict(
    checkpoint=dict(interval=1, max_keep_ckpts=3, type='CheckpointHook'),
    logger=dict(interval=50, type='LoggerHook'),
    param_scheduler=dict(type='ParamSchedulerHook'),
    sampler_seed=dict(type='DistSamplerSeedHook'),
    timer=dict(type='IterTimerHook'),
    visualization=dict(type='DetVisualizationHook'))
default_scope = 'mmdet'
env_cfg = dict(
    cudnn_benchmark=False,
    dist_cfg=dict(backend='nccl'),
    mp_cfg=dict(mp_start_method='fork', opencv_num_threads=0))
lang_model_name = '../weights/bert-base-uncased'
launcher = 'pytorch'
load_from = '/dss/dsstbyfs02/scratch/07/di54rur/LAE-1M/work_dirs/lae_dino_swin-t_pretrain_LAE-1M/epoch_32.pth'
log_level = 'INFO'
log_processor = dict(by_epoch=True, type='LogProcessor', window_size=50)
max_epochs = 32
metainfo = dict(
    classes=(
        'airplane',
        'airport',
        'groundtrackfield',
        'harbor',
        'baseballfield',
        'overpass',
        'basketballcourt',
        'ship',
        'bridge',
        'stadium',
        'storagetank',
        'tenniscourt',
        'expressway service area',
        'trainstation',
        'expressway toll station',
        'vehicle',
        'golffield',
        'windmill',
        'chimney',
        'dam',
    ))
model = dict(
    as_two_stage=True,
    backbone=dict(
        attn_drop_rate=0.0,
        convert_weights=False,
        depths=[
            2,
            2,
            6,
            2,
        ],
        drop_path_rate=0.2,
        drop_rate=0.0,
        embed_dims=96,
        frozen_stages=-1,
        mlp_ratio=4,
        num_heads=[
            3,
            6,
            12,
            24,
        ],
        out_indices=(
            1,
            2,
            3,
        ),
        patch_norm=True,
        qk_scale=None,
        qkv_bias=True,
        type='SwinTransformer',
        window_size=7,
        with_cp=True),
    bbox_head=dict(
        contrastive_cfg=dict(bias=False, log_scale=0.0, max_text_len=256),
        loss_bbox=dict(loss_weight=5.0, type='L1Loss'),
        loss_cls=dict(
            alpha=0.25,
            gamma=2.0,
            loss_weight=1.0,
            type='FocalLoss',
            use_sigmoid=True),
        loss_iou=dict(loss_weight=2.0, type='GIoULoss'),
        num_classes=20,
        sync_cls_avg_factor=True,
        type='LAEDINOHead'),
    data_preprocessor=dict(
        bgr_to_rgb=True,
        mean=[
            123.675,
            116.28,
            103.53,
        ],
        pad_mask=False,
        std=[
            58.395,
            57.12,
            57.375,
        ],
        type='DetDataPreprocessor'),
    decoder=dict(
        layer_cfg=dict(
            cross_attn_cfg=dict(dropout=0.0, embed_dims=256, num_heads=8),
            cross_attn_text_cfg=dict(dropout=0.0, embed_dims=256, num_heads=8),
            ffn_cfg=dict(
                embed_dims=256, feedforward_channels=2048, ffn_drop=0.0),
            self_attn_cfg=dict(dropout=0.0, embed_dims=256, num_heads=8)),
        num_layers=6,
        post_norm_cfg=None,
        return_intermediate=True),
    dn_cfg=dict(
        box_noise_scale=1.0,
        group_cfg=dict(dynamic=True, num_dn_queries=100, num_groups=None),
        label_noise_scale=0.5),
    encoder=dict(
        fusion_layer_cfg=dict(
            embed_dim=1024,
            init_values=0.0001,
            l_dim=256,
            num_heads=4,
            v_dim=256),
        layer_cfg=dict(
            ffn_cfg=dict(
                embed_dims=256, feedforward_channels=2048, ffn_drop=0.0),
            self_attn_cfg=dict(dropout=0.0, embed_dims=256, num_levels=4)),
        num_cp=6,
        num_layers=6,
        text_layer_cfg=dict(
            ffn_cfg=dict(
                embed_dims=256, feedforward_channels=1024, ffn_drop=0.0),
            self_attn_cfg=dict(dropout=0.0, embed_dims=256, num_heads=4))),
    language_model=dict(
        add_pooling_layer=False,
        name='../weights/bert-base-uncased',
        pad_to_max=False,
        special_tokens_list=[
            '[CLS]',
            '[SEP]',
            '.',
            '?',
        ],
        type='BertModel',
        use_sub_sentence_represent=True),
    neck=dict(
        act_cfg=None,
        bias=True,
        in_channels=[
            192,
            384,
            768,
        ],
        kernel_size=1,
        norm_cfg=dict(num_groups=32, type='GN'),
        num_outs=4,
        out_channels=256,
        type='ChannelMapper'),
    num_queries=900,
    positional_encoding=dict(
        normalize=True, num_feats=128, offset=0.0, temperature=20),
    test_cfg=dict(max_per_img=300),
    train_cfg=dict(
        assigner=dict(
            match_costs=[
                dict(type='BinaryFocalLossCost', weight=2.0),
                dict(box_format='xywh', type='BBoxL1Cost', weight=5.0),
                dict(iou_mode='giou', type='IoUCost', weight=2.0),
            ],
            type='HungarianAssigner')),
    type='LAEDINO',
    with_box_refine=True)
optim_wrapper = dict(
    clip_grad=dict(max_norm=0.1, norm_type=2),
    optimizer=dict(lr=0.0001, type='AdamW', weight_decay=0.0001),
    paramwise_cfg=dict(
        custom_keys=dict(
            absolute_pos_embed=dict(decay_mult=0.0),
            backbone=dict(lr_mult=0.1))),
    type='OptimWrapper')
param_scheduler = [
    dict(
        begin=0,
        by_epoch=True,
        end=32,
        gamma=0.1,
        milestones=[
            11,
        ],
        type='MultiStepLR'),
]
pretrained = 'https://github.com/SwinTransformer/storage/releases/download/v1.0.0/swin_tiny_patch4_window7_224.pth'
resume = False
test_cfg = dict(type='TestLoop')
test_dataloader = dict(
    batch_size=1,
    dataset=dict(
        datasets=[
            dict(
                ann_file='DIOR_val.json',
                backend_args=None,
                data_prefix=dict(img='JPEGImages-trainval/'),
                data_root='../data/LAE-FOD/DIOR/',
                metainfo=dict(
                    classes=(
                        'airplane',
                        'airport',
                        'groundtrackfield',
                        'harbor',
                        'baseballfield',
                        'overpass',
                        'basketballcourt',
                        'ship',
                        'bridge',
                        'stadium',
                        'storagetank',
                        'tenniscourt',
                        'expressway service area',
                        'trainstation',
                        'expressway toll station',
                        'vehicle',
                        'golffield',
                        'windmill',
                        'chimney',
                        'dam',
                    )),
                pipeline=[
                    dict(backend_args=None, type='LoadImageFromFile'),
                    dict(
                        keep_ratio=True,
                        scale=(
                            800,
                            1333,
                        ),
                        type='FixScaleResize'),
                    dict(type='LoadAnnotations', with_bbox=True),
                    dict(
                        meta_keys=(
                            'img_id',
                            'img_path',
                            'ori_shape',
                            'img_shape',
                            'scale_factor',
                            'text',
                            'custom_entities',
                        ),
                        type='PackDetInputs'),
                ],
                return_classes=True,
                test_mode=True,
                type='CocoDataset'),
        ],
        type='ConcatDataset'),
    drop_last=False,
    num_workers=2,
    persistent_workers=True,
    sampler=dict(shuffle=False, type='DefaultSampler'))
test_evaluator = dict(
    dataset_prefixes=[
        'DIOR',
    ],
    metrics=[
        dict(
            ann_file='../data/LAE-FOD/DIOR/DIOR_val.json',
            backend_args=None,
            format_only=False,
            metric='bbox',
            type='CocoMetric'),
    ],
    type='MultiDatasetsEvaluator')
test_pipeline = [
    dict(backend_args=None, type='LoadImageFromFile'),
    dict(keep_ratio=True, scale=(
        800,
        1333,
    ), type='FixScaleResize'),
    dict(type='LoadAnnotations', with_bbox=True),
    dict(
        meta_keys=(
            'img_id',
            'img_path',
            'ori_shape',
            'img_shape',
            'scale_factor',
            'text',
            'custom_entities',
        ),
        type='PackDetInputs'),
]
train_cfg = dict(max_epochs=32, type='EpochBasedTrainLoop', val_interval=1)
train_dataloader = dict(
    batch_sampler=dict(type='AspectRatioBatchSampler'),
    batch_size=4,
    dataset=dict(
        datasets=[
            dict(
                ann_file='processed_DIOR_train.json',
                backend_args=None,
                data_prefix=dict(img='JPEGImages-trainval/'),
                data_root='../data/LAE-FOD/DIOR/',
                filter_cfg=dict(filter_empty_gt=True),
                metainfo=dict(
                    classes=(
                        'airplane',
                        'airport',
                        'groundtrackfield',
                        'harbor',
                        'baseballfield',
                        'overpass',
                        'basketballcourt',
                        'ship',
                        'bridge',
                        'stadium',
                        'storagetank',
                        'tenniscourt',
                        'expressway service area',
                        'trainstation',
                        'expressway toll station',
                        'vehicle',
                        'golffield',
                        'windmill',
                        'chimney',
                        'dam',
                    )),
                pipeline=[
                    dict(backend_args=None, type='LoadImageFromFile'),
                    dict(type='LoadAnnotations', with_bbox=True),
                    dict(prob=0.5, type='RandomFlip'),
                    dict(
                        transforms=[
                            [
                                dict(
                                    keep_ratio=True,
                                    scales=[
                                        (
                                            480,
                                            1333,
                                        ),
                                        (
                                            512,
                                            1333,
                                        ),
                                        (
                                            544,
                                            1333,
                                        ),
                                        (
                                            576,
                                            1333,
                                        ),
                                        (
                                            608,
                                            1333,
                                        ),
                                        (
                                            640,
                                            1333,
                                        ),
                                        (
                                            672,
                                            1333,
                                        ),
                                        (
                                            704,
                                            1333,
                                        ),
                                        (
                                            736,
                                            1333,
                                        ),
                                        (
                                            768,
                                            1333,
                                        ),
                                        (
                                            800,
                                            1333,
                                        ),
                                    ],
                                    type='RandomChoiceResize'),
                            ],
                            [
                                dict(
                                    keep_ratio=True,
                                    scales=[
                                        (
                                            400,
                                            4200,
                                        ),
                                        (
                                            500,
                                            4200,
                                        ),
                                        (
                                            600,
                                            4200,
                                        ),
                                    ],
                                    type='RandomChoiceResize'),
                                dict(
                                    allow_negative_crop=True,
                                    crop_size=(
                                        384,
                                        600,
                                    ),
                                    crop_type='absolute_range',
                                    type='RandomCrop'),
                                dict(
                                    keep_ratio=True,
                                    scales=[
                                        (
                                            480,
                                            1333,
                                        ),
                                        (
                                            512,
                                            1333,
                                        ),
                                        (
                                            544,
                                            1333,
                                        ),
                                        (
                                            576,
                                            1333,
                                        ),
                                        (
                                            608,
                                            1333,
                                        ),
                                        (
                                            640,
                                            1333,
                                        ),
                                        (
                                            672,
                                            1333,
                                        ),
                                        (
                                            704,
                                            1333,
                                        ),
                                        (
                                            736,
                                            1333,
                                        ),
                                        (
                                            768,
                                            1333,
                                        ),
                                        (
                                            800,
                                            1333,
                                        ),
                                    ],
                                    type='RandomChoiceResize'),
                            ],
                        ],
                        type='RandomChoice'),
                    dict(
                        meta_keys=(
                            'img_id',
                            'img_path',
                            'ori_shape',
                            'img_shape',
                            'scale_factor',
                            'flip',
                            'flip_direction',
                            'text',
                            'custom_entities',
                        ),
                        type='PackDetInputs'),
                ],
                return_classes=True,
                type='CocoDataset'),
        ],
        type='ConcatDataset'),
    num_workers=8,
    persistent_workers=True,
    sampler=dict(shuffle=True, type='DefaultSampler'))
train_pipeline = [
    dict(backend_args=None, type='LoadImageFromFile'),
    dict(type='LoadAnnotations', with_bbox=True),
    dict(prob=0.5, type='RandomFlip'),
    dict(
        transforms=[
            [
                dict(
                    keep_ratio=True,
                    scales=[
                        (
                            480,
                            1333,
                        ),
                        (
                            512,
                            1333,
                        ),
                        (
                            544,
                            1333,
                        ),
                        (
                            576,
                            1333,
                        ),
                        (
                            608,
                            1333,
                        ),
                        (
                            640,
                            1333,
                        ),
                        (
                            672,
                            1333,
                        ),
                        (
                            704,
                            1333,
                        ),
                        (
                            736,
                            1333,
                        ),
                        (
                            768,
                            1333,
                        ),
                        (
                            800,
                            1333,
                        ),
                    ],
                    type='RandomChoiceResize'),
            ],
            [
                dict(
                    keep_ratio=True,
                    scales=[
                        (
                            400,
                            4200,
                        ),
                        (
                            500,
                            4200,
                        ),
                        (
                            600,
                            4200,
                        ),
                    ],
                    type='RandomChoiceResize'),
                dict(
                    allow_negative_crop=True,
                    crop_size=(
                        384,
                        600,
                    ),
                    crop_type='absolute_range',
                    type='RandomCrop'),
                dict(
                    keep_ratio=True,
                    scales=[
                        (
                            480,
                            1333,
                        ),
                        (
                            512,
                            1333,
                        ),
                        (
                            544,
                            1333,
                        ),
                        (
                            576,
                            1333,
                        ),
                        (
                            608,
                            1333,
                        ),
                        (
                            640,
                            1333,
                        ),
                        (
                            672,
                            1333,
                        ),
                        (
                            704,
                            1333,
                        ),
                        (
                            736,
                            1333,
                        ),
                        (
                            768,
                            1333,
                        ),
                        (
                            800,
                            1333,
                        ),
                    ],
                    type='RandomChoiceResize'),
            ],
        ],
        type='RandomChoice'),
    dict(
        meta_keys=(
            'img_id',
            'img_path',
            'ori_shape',
            'img_shape',
            'scale_factor',
            'flip',
            'flip_direction',
            'text',
            'custom_entities',
        ),
        type='PackDetInputs'),
]
val_cfg = dict(type='ValLoop')
val_dataloader = dict(
    batch_size=1,
    dataset=dict(
        datasets=[
            dict(
                ann_file='DIOR_val.json',
                backend_args=None,
                data_prefix=dict(img='JPEGImages-trainval/'),
                data_root='../data/LAE-FOD/DIOR/',
                metainfo=dict(
                    classes=(
                        'airplane',
                        'airport',
                        'groundtrackfield',
                        'harbor',
                        'baseballfield',
                        'overpass',
                        'basketballcourt',
                        'ship',
                        'bridge',
                        'stadium',
                        'storagetank',
                        'tenniscourt',
                        'expressway service area',
                        'trainstation',
                        'expressway toll station',
                        'vehicle',
                        'golffield',
                        'windmill',
                        'chimney',
                        'dam',
                    )),
                pipeline=[
                    dict(backend_args=None, type='LoadImageFromFile'),
                    dict(
                        keep_ratio=True,
                        scale=(
                            800,
                            1333,
                        ),
                        type='FixScaleResize'),
                    dict(type='LoadAnnotations', with_bbox=True),
                    dict(
                        meta_keys=(
                            'img_id',
                            'img_path',
                            'ori_shape',
                            'img_shape',
                            'scale_factor',
                            'text',
                            'custom_entities',
                        ),
                        type='PackDetInputs'),
                ],
                return_classes=True,
                test_mode=True,
                type='CocoDataset'),
        ],
        type='ConcatDataset'),
    drop_last=False,
    num_workers=2,
    persistent_workers=True,
    sampler=dict(shuffle=False, type='DefaultSampler'))
val_evaluator = dict(
    dataset_prefixes=[
        'DIOR',
    ],
    metrics=[
        dict(
            ann_file='../data/LAE-FOD/DIOR/DIOR_val.json',
            backend_args=None,
            format_only=False,
            metric='bbox',
            type='CocoMetric'),
    ],
    type='MultiDatasetsEvaluator')
vis_backends = [
    dict(type='LocalVisBackend'),
]
visualizer = dict(
    name='visualizer',
    type='DetLocalVisualizer',
    vis_backends=[
        dict(type='LocalVisBackend'),
    ])
work_dir = '/dss/dsstbyfs02/scratch/07/di54rur/LAE-1M/work_dirs/lae_dino_swin-t_finetune_DIOR'

loading annotations into memory...
loading annotations into memory...
loading annotations into memory...
08/07 10:53:50 - mmengine - INFO - Hooks will be executed in the following order:
before_run:
(VERY_HIGH   ) RuntimeInfoHook                    
(BELOW_NORMAL) LoggerHook                         
 -------------------- 
before_train:
(VERY_HIGH   ) RuntimeInfoHook                    
(NORMAL      ) IterTimerHook                      
(VERY_LOW    ) CheckpointHook                     
 -------------------- 
before_train_epoch:
(VERY_HIGH   ) RuntimeInfoHook                    
(NORMAL      ) IterTimerHook                      
(NORMAL      ) DistSamplerSeedHook                
 -------------------- 
before_train_iter:
(VERY_HIGH   ) RuntimeInfoHook                    
(NORMAL      ) IterTimerHook                      
 -------------------- 
after_train_iter:
(VERY_HIGH   ) RuntimeInfoHook                    
(NORMAL      ) IterTimerHook                      
(BELOW_NORMAL) LoggerHook                         
(LOW         ) ParamSchedulerHook                 
(VERY_LOW    ) CheckpointHook                     
 -------------------- 
after_train_epoch:
(NORMAL      ) IterTimerHook                      
(LOW         ) ParamSchedulerHook                 
(VERY_LOW    ) CheckpointHook                     
 -------------------- 
before_val:
(VERY_HIGH   ) RuntimeInfoHook                    
 -------------------- 
before_val_epoch:
(NORMAL      ) IterTimerHook                      
 -------------------- 
before_val_iter:
(NORMAL      ) IterTimerHook                      
 -------------------- 
after_val_iter:
(NORMAL      ) IterTimerHook                      
(NORMAL      ) DetVisualizationHook               
(BELOW_NORMAL) LoggerHook                         
 -------------------- 
after_val_epoch:
(VERY_HIGH   ) RuntimeInfoHook                    
(NORMAL      ) IterTimerHook                      
(BELOW_NORMAL) LoggerHook                         
(LOW         ) ParamSchedulerHook                 
(VERY_LOW    ) CheckpointHook                     
 -------------------- 
after_val:
(VERY_HIGH   ) RuntimeInfoHook                    
 -------------------- 
after_train:
(VERY_HIGH   ) RuntimeInfoHook                    
(VERY_LOW    ) CheckpointHook                     
 -------------------- 
before_test:
(VERY_HIGH   ) RuntimeInfoHook                    
 -------------------- 
before_test_epoch:
(NORMAL      ) IterTimerHook                      
(NORMAL      ) LatencyLoggerHook                  
 -------------------- 
before_test_iter:
(NORMAL      ) IterTimerHook                      
 -------------------- 
after_test_iter:
(NORMAL      ) IterTimerHook                      
(NORMAL      ) DetVisualizationHook               
(BELOW_NORMAL) LoggerHook                         
 -------------------- 
after_test_epoch:
(VERY_HIGH   ) RuntimeInfoHook                    
(NORMAL      ) IterTimerHook                      
(NORMAL      ) LatencyLoggerHook                  
(BELOW_NORMAL) LoggerHook                         
 -------------------- 
after_test:
(VERY_HIGH   ) RuntimeInfoHook                    
 -------------------- 
after_run:
(BELOW_NORMAL) LoggerHook                         
 -------------------- 
Done (t=0.38s)
creating index...
Done (t=0.38s)
creating index...
Done (t=0.38s)
creating index...
index created!
index created!
index created!
loading annotations into memory...
Done (t=0.31s)
creating index...
index created!
loading annotations into memory...
loading annotations into memory...
Done (t=0.02s)
creating index...Done (t=0.03s)

creating index...
index created!index created!

loading annotations into memory...
Done (t=0.01s)
creating index...
index created!
loading annotations into memory...
loading annotations into memory...
Done (t=0.01s)
creating index...
index created!
Done (t=0.01s)
creating index...
index created!
loading annotations into memory...
Done (t=0.01s)
creating index...
index created!
08/07 10:53:57 - mmengine - INFO - paramwise_options -- backbone.patch_embed.projection.weight:lr=1e-05
08/07 10:53:57 - mmengine - INFO - paramwise_options -- backbone.patch_embed.projection.weight:weight_decay=0.0001
08/07 10:53:57 - mmengine - INFO - paramwise_options -- backbone.patch_embed.projection.weight:lr_mult=0.1
08/07 10:53:57 - mmengine - INFO - paramwise_options -- backbone.patch_embed.projection.bias:lr=1e-05
08/07 10:53:57 - mmengine - INFO - paramwise_options -- backbone.patch_embed.projection.bias:weight_decay=0.0001
08/07 10:53:57 - mmengine - INFO - paramwise_options -- backbone.patch_embed.projection.bias:lr_mult=0.1
08/07 10:53:57 - mmengine - INFO - paramwise_options -- backbone.patch_embed.norm.weight:lr=1e-05
08/07 10:53:57 - mmengine - INFO - paramwise_options -- backbone.patch_embed.norm.weight:weight_decay=0.0001
08/07 10:53:57 - mmengine - INFO - paramwise_options -- backbone.patch_embed.norm.weight:lr_mult=0.1
08/07 10:53:57 - mmengine - INFO - paramwise_options -- backbone.patch_embed.norm.bias:lr=1e-05
08/07 10:53:57 - mmengine - INFO - paramwise_options -- backbone.patch_embed.norm.bias:weight_decay=0.0001
08/07 10:53:57 - mmengine - INFO - paramwise_options -- backbone.patch_embed.norm.bias:lr_mult=0.1
08/07 10:53:57 - mmengine - INFO - paramwise_options -- backbone.stages.0.blocks.0.norm1.weight:lr=1e-05
08/07 10:53:57 - mmengine - INFO - paramwise_options -- backbone.stages.0.blocks.0.norm1.weight:weight_decay=0.0001
08/07 10:53:57 - mmengine - INFO - paramwise_options -- backbone.stages.0.blocks.0.norm1.weight:lr_mult=0.1
08/07 10:53:57 - mmengine - INFO - paramwise_options -- backbone.stages.0.blocks.0.norm1.bias:lr=1e-05
08/07 10:53:57 - mmengine - INFO - paramwise_options -- backbone.stages.0.blocks.0.norm1.bias:weight_decay=0.0001
08/07 10:53:57 - mmengine - INFO - paramwise_options -- backbone.stages.0.blocks.0.norm1.bias:lr_mult=0.1
08/07 10:53:57 - mmengine - INFO - paramwise_options -- backbone.stages.0.blocks.0.attn.w_msa.relative_position_bias_table:lr=1e-05
08/07 10:53:57 - mmengine - INFO - paramwise_options -- backbone.stages.0.blocks.0.attn.w_msa.relative_position_bias_table:weight_decay=0.0001
08/07 10:53:57 - mmengine - INFO - paramwise_options -- backbone.stages.0.blocks.0.attn.w_msa.relative_position_bias_table:lr_mult=0.1
08/07 10:53:57 - mmengine - INFO - paramwise_options -- backbone.stages.0.blocks.0.attn.w_msa.qkv.weight:lr=1e-05
08/07 10:53:57 - mmengine - INFO - paramwise_options -- backbone.stages.0.blocks.0.attn.w_msa.qkv.weight:weight_decay=0.0001
08/07 10:53:57 - mmengine - INFO - paramwise_options -- backbone.stages.0.blocks.0.attn.w_msa.qkv.weight:lr_mult=0.1
08/07 10:53:57 - mmengine - INFO - paramwise_options -- backbone.stages.0.blocks.0.attn.w_msa.qkv.bias:lr=1e-05
08/07 10:53:57 - mmengine - INFO - paramwise_options -- backbone.stages.0.blocks.0.attn.w_msa.qkv.bias:weight_decay=0.0001
08/07 10:53:57 - mmengine - INFO - paramwise_options -- backbone.stages.0.blocks.0.attn.w_msa.qkv.bias:lr_mult=0.1
08/07 10:53:57 - mmengine - INFO - paramwise_options -- backbone.stages.0.blocks.0.attn.w_msa.proj.weight:lr=1e-05
08/07 10:53:57 - mmengine - INFO - paramwise_options -- backbone.stages.0.blocks.0.attn.w_msa.proj.weight:weight_decay=0.0001
08/07 10:53:57 - mmengine - INFO - paramwise_options -- backbone.stages.0.blocks.0.attn.w_msa.proj.weight:lr_mult=0.1
08/07 10:53:57 - mmengine - INFO - paramwise_options -- backbone.stages.0.blocks.0.attn.w_msa.proj.bias:lr=1e-05
08/07 10:53:57 - mmengine - INFO - paramwise_options -- backbone.stages.0.blocks.0.attn.w_msa.proj.bias:weight_decay=0.0001
08/07 10:53:57 - mmengine - INFO - paramwise_options -- backbone.stages.0.blocks.0.attn.w_msa.proj.bias:lr_mult=0.1
08/07 10:53:57 - mmengine - INFO - paramwise_options -- backbone.stages.0.blocks.0.norm2.weight:lr=1e-05
08/07 10:53:57 - mmengine - INFO - paramwise_options -- backbone.stages.0.blocks.0.norm2.weight:weight_decay=0.0001
08/07 10:53:57 - mmengine - INFO - paramwise_options -- backbone.stages.0.blocks.0.norm2.weight:lr_mult=0.1
08/07 10:53:57 - mmengine - INFO - paramwise_options -- backbone.stages.0.blocks.0.norm2.bias:lr=1e-05
08/07 10:53:57 - mmengine - INFO - paramwise_options -- backbone.stages.0.blocks.0.norm2.bias:weight_decay=0.0001
08/07 10:53:57 - mmengine - INFO - paramwise_options -- backbone.stages.0.blocks.0.norm2.bias:lr_mult=0.1
08/07 10:53:57 - mmengine - INFO - paramwise_options -- backbone.stages.0.blocks.0.ffn.layers.0.0.weight:lr=1e-05
08/07 10:53:57 - mmengine - INFO - paramwise_options -- backbone.stages.0.blocks.0.ffn.layers.0.0.weight:weight_decay=0.0001
08/07 10:53:57 - mmengine - INFO - paramwise_options -- backbone.stages.0.blocks.0.ffn.layers.0.0.weight:lr_mult=0.1
08/07 10:53:57 - mmengine - INFO - paramwise_options -- backbone.stages.0.blocks.0.ffn.layers.0.0.bias:lr=1e-05
08/07 10:53:57 - mmengine - INFO - paramwise_options -- backbone.stages.0.blocks.0.ffn.layers.0.0.bias:weight_decay=0.0001
08/07 10:53:57 - mmengine - INFO - paramwise_options -- backbone.stages.0.blocks.0.ffn.layers.0.0.bias:lr_mult=0.1
08/07 10:53:57 - mmengine - INFO - paramwise_options -- backbone.stages.0.blocks.0.ffn.layers.1.weight:lr=1e-05
08/07 10:53:57 - mmengine - INFO - paramwise_options -- backbone.stages.0.blocks.0.ffn.layers.1.weight:weight_decay=0.0001
08/07 10:53:57 - mmengine - INFO - paramwise_options -- backbone.stages.0.blocks.0.ffn.layers.1.weight:lr_mult=0.1
08/07 10:53:57 - mmengine - INFO - paramwise_options -- backbone.stages.0.blocks.0.ffn.layers.1.bias:lr=1e-05
08/07 10:53:57 - mmengine - INFO - paramwise_options -- backbone.stages.0.blocks.0.ffn.layers.1.bias:weight_decay=0.0001
08/07 10:53:57 - mmengine - INFO - paramwise_options -- backbone.stages.0.blocks.0.ffn.layers.1.bias:lr_mult=0.1
08/07 10:53:57 - mmengine - INFO - paramwise_options -- backbone.stages.0.blocks.1.norm1.weight:lr=1e-05
08/07 10:53:57 - mmengine - INFO - paramwise_options -- backbone.stages.0.blocks.1.norm1.weight:weight_decay=0.0001
08/07 10:53:57 - mmengine - INFO - paramwise_options -- backbone.stages.0.blocks.1.norm1.weight:lr_mult=0.1
08/07 10:53:57 - mmengine - INFO - paramwise_options -- backbone.stages.0.blocks.1.norm1.bias:lr=1e-05
08/07 10:53:57 - mmengine - INFO - paramwise_options -- backbone.stages.0.blocks.1.norm1.bias:weight_decay=0.0001
08/07 10:53:57 - mmengine - INFO - paramwise_options -- backbone.stages.0.blocks.1.norm1.bias:lr_mult=0.1
08/07 10:53:57 - mmengine - INFO - paramwise_options -- backbone.stages.0.blocks.1.attn.w_msa.relative_position_bias_table:lr=1e-05
08/07 10:53:57 - mmengine - INFO - paramwise_options -- backbone.stages.0.blocks.1.attn.w_msa.relative_position_bias_table:weight_decay=0.0001
08/07 10:53:57 - mmengine - INFO - paramwise_options -- backbone.stages.0.blocks.1.attn.w_msa.relative_position_bias_table:lr_mult=0.1
08/07 10:53:57 - mmengine - INFO - paramwise_options -- backbone.stages.0.blocks.1.attn.w_msa.qkv.weight:lr=1e-05
08/07 10:53:57 - mmengine - INFO - paramwise_options -- backbone.stages.0.blocks.1.attn.w_msa.qkv.weight:weight_decay=0.0001
08/07 10:53:57 - mmengine - INFO - paramwise_options -- backbone.stages.0.blocks.1.attn.w_msa.qkv.weight:lr_mult=0.1
08/07 10:53:57 - mmengine - INFO - paramwise_options -- backbone.stages.0.blocks.1.attn.w_msa.qkv.bias:lr=1e-05
08/07 10:53:57 - mmengine - INFO - paramwise_options -- backbone.stages.0.blocks.1.attn.w_msa.qkv.bias:weight_decay=0.0001
08/07 10:53:57 - mmengine - INFO - paramwise_options -- backbone.stages.0.blocks.1.attn.w_msa.qkv.bias:lr_mult=0.1
08/07 10:53:57 - mmengine - INFO - paramwise_options -- backbone.stages.0.blocks.1.attn.w_msa.proj.weight:lr=1e-05
08/07 10:53:57 - mmengine - INFO - paramwise_options -- backbone.stages.0.blocks.1.attn.w_msa.proj.weight:weight_decay=0.0001
08/07 10:53:57 - mmengine - INFO - paramwise_options -- backbone.stages.0.blocks.1.attn.w_msa.proj.weight:lr_mult=0.1
08/07 10:53:57 - mmengine - INFO - paramwise_options -- backbone.stages.0.blocks.1.attn.w_msa.proj.bias:lr=1e-05
08/07 10:53:57 - mmengine - INFO - paramwise_options -- backbone.stages.0.blocks.1.attn.w_msa.proj.bias:weight_decay=0.0001
08/07 10:53:57 - mmengine - INFO - paramwise_options -- backbone.stages.0.blocks.1.attn.w_msa.proj.bias:lr_mult=0.1
08/07 10:53:57 - mmengine - INFO - paramwise_options -- backbone.stages.0.blocks.1.norm2.weight:lr=1e-05
08/07 10:53:57 - mmengine - INFO - paramwise_options -- backbone.stages.0.blocks.1.norm2.weight:weight_decay=0.0001
08/07 10:53:57 - mmengine - INFO - paramwise_options -- backbone.stages.0.blocks.1.norm2.weight:lr_mult=0.1
08/07 10:53:57 - mmengine - INFO - paramwise_options -- backbone.stages.0.blocks.1.norm2.bias:lr=1e-05
08/07 10:53:57 - mmengine - INFO - paramwise_options -- backbone.stages.0.blocks.1.norm2.bias:weight_decay=0.0001
08/07 10:53:57 - mmengine - INFO - paramwise_options -- backbone.stages.0.blocks.1.norm2.bias:lr_mult=0.1
08/07 10:53:57 - mmengine - INFO - paramwise_options -- backbone.stages.0.blocks.1.ffn.layers.0.0.weight:lr=1e-05
08/07 10:53:57 - mmengine - INFO - paramwise_options -- backbone.stages.0.blocks.1.ffn.layers.0.0.weight:weight_decay=0.0001
08/07 10:53:57 - mmengine - INFO - paramwise_options -- backbone.stages.0.blocks.1.ffn.layers.0.0.weight:lr_mult=0.1
08/07 10:53:57 - mmengine - INFO - paramwise_options -- backbone.stages.0.blocks.1.ffn.layers.0.0.bias:lr=1e-05
08/07 10:53:57 - mmengine - INFO - paramwise_options -- backbone.stages.0.blocks.1.ffn.layers.0.0.bias:weight_decay=0.0001
08/07 10:53:57 - mmengine - INFO - paramwise_options -- backbone.stages.0.blocks.1.ffn.layers.0.0.bias:lr_mult=0.1
08/07 10:53:57 - mmengine - INFO - paramwise_options -- backbone.stages.0.blocks.1.ffn.layers.1.weight:lr=1e-05
08/07 10:53:57 - mmengine - INFO - paramwise_options -- backbone.stages.0.blocks.1.ffn.layers.1.weight:weight_decay=0.0001
08/07 10:53:57 - mmengine - INFO - paramwise_options -- backbone.stages.0.blocks.1.ffn.layers.1.weight:lr_mult=0.1
08/07 10:53:57 - mmengine - INFO - paramwise_options -- backbone.stages.0.blocks.1.ffn.layers.1.bias:lr=1e-05
08/07 10:53:57 - mmengine - INFO - paramwise_options -- backbone.stages.0.blocks.1.ffn.layers.1.bias:weight_decay=0.0001
08/07 10:53:57 - mmengine - INFO - paramwise_options -- backbone.stages.0.blocks.1.ffn.layers.1.bias:lr_mult=0.1
08/07 10:53:57 - mmengine - INFO - paramwise_options -- backbone.stages.0.downsample.norm.weight:lr=1e-05
08/07 10:53:57 - mmengine - INFO - paramwise_options -- backbone.stages.0.downsample.norm.weight:weight_decay=0.0001
08/07 10:53:57 - mmengine - INFO - paramwise_options -- backbone.stages.0.downsample.norm.weight:lr_mult=0.1
08/07 10:53:57 - mmengine - INFO - paramwise_options -- backbone.stages.0.downsample.norm.bias:lr=1e-05
08/07 10:53:57 - mmengine - INFO - paramwise_options -- backbone.stages.0.downsample.norm.bias:weight_decay=0.0001
08/07 10:53:57 - mmengine - INFO - paramwise_options -- backbone.stages.0.downsample.norm.bias:lr_mult=0.1
08/07 10:53:57 - mmengine - INFO - paramwise_options -- backbone.stages.0.downsample.reduction.weight:lr=1e-05
08/07 10:53:57 - mmengine - INFO - paramwise_options -- backbone.stages.0.downsample.reduction.weight:weight_decay=0.0001
08/07 10:53:57 - mmengine - INFO - paramwise_options -- backbone.stages.0.downsample.reduction.weight:lr_mult=0.1
08/07 10:53:57 - mmengine - INFO - paramwise_options -- backbone.stages.1.blocks.0.norm1.weight:lr=1e-05
08/07 10:53:57 - mmengine - INFO - paramwise_options -- backbone.stages.1.blocks.0.norm1.weight:weight_decay=0.0001
08/07 10:53:57 - mmengine - INFO - paramwise_options -- backbone.stages.1.blocks.0.norm1.weight:lr_mult=0.1
08/07 10:53:57 - mmengine - INFO - paramwise_options -- backbone.stages.1.blocks.0.norm1.bias:lr=1e-05
08/07 10:53:57 - mmengine - INFO - paramwise_options -- backbone.stages.1.blocks.0.norm1.bias:weight_decay=0.0001
08/07 10:53:57 - mmengine - INFO - paramwise_options -- backbone.stages.1.blocks.0.norm1.bias:lr_mult=0.1
08/07 10:53:57 - mmengine - INFO - paramwise_options -- backbone.stages.1.blocks.0.attn.w_msa.relative_position_bias_table:lr=1e-05
08/07 10:53:57 - mmengine - INFO - paramwise_options -- backbone.stages.1.blocks.0.attn.w_msa.relative_position_bias_table:weight_decay=0.0001
08/07 10:53:57 - mmengine - INFO - paramwise_options -- backbone.stages.1.blocks.0.attn.w_msa.relative_position_bias_table:lr_mult=0.1
08/07 10:53:57 - mmengine - INFO - paramwise_options -- backbone.stages.1.blocks.0.attn.w_msa.qkv.weight:lr=1e-05
08/07 10:53:57 - mmengine - INFO - paramwise_options -- backbone.stages.1.blocks.0.attn.w_msa.qkv.weight:weight_decay=0.0001
08/07 10:53:57 - mmengine - INFO - paramwise_options -- backbone.stages.1.blocks.0.attn.w_msa.qkv.weight:lr_mult=0.1
08/07 10:53:57 - mmengine - INFO - paramwise_options -- backbone.stages.1.blocks.0.attn.w_msa.qkv.bias:lr=1e-05
08/07 10:53:57 - mmengine - INFO - paramwise_options -- backbone.stages.1.blocks.0.attn.w_msa.qkv.bias:weight_decay=0.0001
08/07 10:53:57 - mmengine - INFO - paramwise_options -- backbone.stages.1.blocks.0.attn.w_msa.qkv.bias:lr_mult=0.1
08/07 10:53:57 - mmengine - INFO - paramwise_options -- backbone.stages.1.blocks.0.attn.w_msa.proj.weight:lr=1e-05
08/07 10:53:57 - mmengine - INFO - paramwise_options -- backbone.stages.1.blocks.0.attn.w_msa.proj.weight:weight_decay=0.0001
08/07 10:53:57 - mmengine - INFO - paramwise_options -- backbone.stages.1.blocks.0.attn.w_msa.proj.weight:lr_mult=0.1
08/07 10:53:57 - mmengine - INFO - paramwise_options -- backbone.stages.1.blocks.0.attn.w_msa.proj.bias:lr=1e-05
08/07 10:53:57 - mmengine - INFO - paramwise_options -- backbone.stages.1.blocks.0.attn.w_msa.proj.bias:weight_decay=0.0001
08/07 10:53:57 - mmengine - INFO - paramwise_options -- backbone.stages.1.blocks.0.attn.w_msa.proj.bias:lr_mult=0.1
08/07 10:53:57 - mmengine - INFO - paramwise_options -- backbone.stages.1.blocks.0.norm2.weight:lr=1e-05
08/07 10:53:57 - mmengine - INFO - paramwise_options -- backbone.stages.1.blocks.0.norm2.weight:weight_decay=0.0001
08/07 10:53:57 - mmengine - INFO - paramwise_options -- backbone.stages.1.blocks.0.norm2.weight:lr_mult=0.1
08/07 10:53:57 - mmengine - INFO - paramwise_options -- backbone.stages.1.blocks.0.norm2.bias:lr=1e-05
08/07 10:53:57 - mmengine - INFO - paramwise_options -- backbone.stages.1.blocks.0.norm2.bias:weight_decay=0.0001
08/07 10:53:57 - mmengine - INFO - paramwise_options -- backbone.stages.1.blocks.0.norm2.bias:lr_mult=0.1
08/07 10:53:57 - mmengine - INFO - paramwise_options -- backbone.stages.1.blocks.0.ffn.layers.0.0.weight:lr=1e-05
08/07 10:53:57 - mmengine - INFO - paramwise_options -- backbone.stages.1.blocks.0.ffn.layers.0.0.weight:weight_decay=0.0001
08/07 10:53:57 - mmengine - INFO - paramwise_options -- backbone.stages.1.blocks.0.ffn.layers.0.0.weight:lr_mult=0.1
08/07 10:53:57 - mmengine - INFO - paramwise_options -- backbone.stages.1.blocks.0.ffn.layers.0.0.bias:lr=1e-05
08/07 10:53:57 - mmengine - INFO - paramwise_options -- backbone.stages.1.blocks.0.ffn.layers.0.0.bias:weight_decay=0.0001
08/07 10:53:57 - mmengine - INFO - paramwise_options -- backbone.stages.1.blocks.0.ffn.layers.0.0.bias:lr_mult=0.1
08/07 10:53:57 - mmengine - INFO - paramwise_options -- backbone.stages.1.blocks.0.ffn.layers.1.weight:lr=1e-05
08/07 10:53:57 - mmengine - INFO - paramwise_options -- backbone.stages.1.blocks.0.ffn.layers.1.weight:weight_decay=0.0001
08/07 10:53:57 - mmengine - INFO - paramwise_options -- backbone.stages.1.blocks.0.ffn.layers.1.weight:lr_mult=0.1
08/07 10:53:57 - mmengine - INFO - paramwise_options -- backbone.stages.1.blocks.0.ffn.layers.1.bias:lr=1e-05
08/07 10:53:57 - mmengine - INFO - paramwise_options -- backbone.stages.1.blocks.0.ffn.layers.1.bias:weight_decay=0.0001
08/07 10:53:57 - mmengine - INFO - paramwise_options -- backbone.stages.1.blocks.0.ffn.layers.1.bias:lr_mult=0.1
08/07 10:53:57 - mmengine - INFO - paramwise_options -- backbone.stages.1.blocks.1.norm1.weight:lr=1e-05
08/07 10:53:57 - mmengine - INFO - paramwise_options -- backbone.stages.1.blocks.1.norm1.weight:weight_decay=0.0001
08/07 10:53:57 - mmengine - INFO - paramwise_options -- backbone.stages.1.blocks.1.norm1.weight:lr_mult=0.1
08/07 10:53:57 - mmengine - INFO - paramwise_options -- backbone.stages.1.blocks.1.norm1.bias:lr=1e-05
08/07 10:53:57 - mmengine - INFO - paramwise_options -- backbone.stages.1.blocks.1.norm1.bias:weight_decay=0.0001
08/07 10:53:57 - mmengine - INFO - paramwise_options -- backbone.stages.1.blocks.1.norm1.bias:lr_mult=0.1
08/07 10:53:57 - mmengine - INFO - paramwise_options -- backbone.stages.1.blocks.1.attn.w_msa.relative_position_bias_table:lr=1e-05
08/07 10:53:57 - mmengine - INFO - paramwise_options -- backbone.stages.1.blocks.1.attn.w_msa.relative_position_bias_table:weight_decay=0.0001
08/07 10:53:57 - mmengine - INFO - paramwise_options -- backbone.stages.1.blocks.1.attn.w_msa.relative_position_bias_table:lr_mult=0.1
08/07 10:53:57 - mmengine - INFO - paramwise_options -- backbone.stages.1.blocks.1.attn.w_msa.qkv.weight:lr=1e-05
08/07 10:53:57 - mmengine - INFO - paramwise_options -- backbone.stages.1.blocks.1.attn.w_msa.qkv.weight:weight_decay=0.0001
08/07 10:53:57 - mmengine - INFO - paramwise_options -- backbone.stages.1.blocks.1.attn.w_msa.qkv.weight:lr_mult=0.1
08/07 10:53:57 - mmengine - INFO - paramwise_options -- backbone.stages.1.blocks.1.attn.w_msa.qkv.bias:lr=1e-05
08/07 10:53:57 - mmengine - INFO - paramwise_options -- backbone.stages.1.blocks.1.attn.w_msa.qkv.bias:weight_decay=0.0001
08/07 10:53:57 - mmengine - INFO - paramwise_options -- backbone.stages.1.blocks.1.attn.w_msa.qkv.bias:lr_mult=0.1
08/07 10:53:57 - mmengine - INFO - paramwise_options -- backbone.stages.1.blocks.1.attn.w_msa.proj.weight:lr=1e-05
08/07 10:53:57 - mmengine - INFO - paramwise_options -- backbone.stages.1.blocks.1.attn.w_msa.proj.weight:weight_decay=0.0001
08/07 10:53:57 - mmengine - INFO - paramwise_options -- backbone.stages.1.blocks.1.attn.w_msa.proj.weight:lr_mult=0.1
08/07 10:53:57 - mmengine - INFO - paramwise_options -- backbone.stages.1.blocks.1.attn.w_msa.proj.bias:lr=1e-05
08/07 10:53:57 - mmengine - INFO - paramwise_options -- backbone.stages.1.blocks.1.attn.w_msa.proj.bias:weight_decay=0.0001
08/07 10:53:57 - mmengine - INFO - paramwise_options -- backbone.stages.1.blocks.1.attn.w_msa.proj.bias:lr_mult=0.1
08/07 10:53:57 - mmengine - INFO - paramwise_options -- backbone.stages.1.blocks.1.norm2.weight:lr=1e-05
08/07 10:53:57 - mmengine - INFO - paramwise_options -- backbone.stages.1.blocks.1.norm2.weight:weight_decay=0.0001
08/07 10:53:57 - mmengine - INFO - paramwise_options -- backbone.stages.1.blocks.1.norm2.weight:lr_mult=0.1
08/07 10:53:57 - mmengine - INFO - paramwise_options -- backbone.stages.1.blocks.1.norm2.bias:lr=1e-05
08/07 10:53:57 - mmengine - INFO - paramwise_options -- backbone.stages.1.blocks.1.norm2.bias:weight_decay=0.0001
08/07 10:53:57 - mmengine - INFO - paramwise_options -- backbone.stages.1.blocks.1.norm2.bias:lr_mult=0.1
08/07 10:53:57 - mmengine - INFO - paramwise_options -- backbone.stages.1.blocks.1.ffn.layers.0.0.weight:lr=1e-05
08/07 10:53:57 - mmengine - INFO - paramwise_options -- backbone.stages.1.blocks.1.ffn.layers.0.0.weight:weight_decay=0.0001
08/07 10:53:57 - mmengine - INFO - paramwise_options -- backbone.stages.1.blocks.1.ffn.layers.0.0.weight:lr_mult=0.1
08/07 10:53:57 - mmengine - INFO - paramwise_options -- backbone.stages.1.blocks.1.ffn.layers.0.0.bias:lr=1e-05
08/07 10:53:57 - mmengine - INFO - paramwise_options -- backbone.stages.1.blocks.1.ffn.layers.0.0.bias:weight_decay=0.0001
08/07 10:53:57 - mmengine - INFO - paramwise_options -- backbone.stages.1.blocks.1.ffn.layers.0.0.bias:lr_mult=0.1
08/07 10:53:57 - mmengine - INFO - paramwise_options -- backbone.stages.1.blocks.1.ffn.layers.1.weight:lr=1e-05
08/07 10:53:57 - mmengine - INFO - paramwise_options -- backbone.stages.1.blocks.1.ffn.layers.1.weight:weight_decay=0.0001
08/07 10:53:57 - mmengine - INFO - paramwise_options -- backbone.stages.1.blocks.1.ffn.layers.1.weight:lr_mult=0.1
08/07 10:53:57 - mmengine - INFO - paramwise_options -- backbone.stages.1.blocks.1.ffn.layers.1.bias:lr=1e-05
08/07 10:53:57 - mmengine - INFO - paramwise_options -- backbone.stages.1.blocks.1.ffn.layers.1.bias:weight_decay=0.0001
08/07 10:53:57 - mmengine - INFO - paramwise_options -- backbone.stages.1.blocks.1.ffn.layers.1.bias:lr_mult=0.1
08/07 10:53:57 - mmengine - INFO - paramwise_options -- backbone.stages.1.downsample.norm.weight:lr=1e-05
08/07 10:53:57 - mmengine - INFO - paramwise_options -- backbone.stages.1.downsample.norm.weight:weight_decay=0.0001
08/07 10:53:57 - mmengine - INFO - paramwise_options -- backbone.stages.1.downsample.norm.weight:lr_mult=0.1
08/07 10:53:57 - mmengine - INFO - paramwise_options -- backbone.stages.1.downsample.norm.bias:lr=1e-05
08/07 10:53:57 - mmengine - INFO - paramwise_options -- backbone.stages.1.downsample.norm.bias:weight_decay=0.0001
08/07 10:53:57 - mmengine - INFO - paramwise_options -- backbone.stages.1.downsample.norm.bias:lr_mult=0.1
08/07 10:53:57 - mmengine - INFO - paramwise_options -- backbone.stages.1.downsample.reduction.weight:lr=1e-05
08/07 10:53:57 - mmengine - INFO - paramwise_options -- backbone.stages.1.downsample.reduction.weight:weight_decay=0.0001
08/07 10:53:57 - mmengine - INFO - paramwise_options -- backbone.stages.1.downsample.reduction.weight:lr_mult=0.1
08/07 10:53:57 - mmengine - INFO - paramwise_options -- backbone.stages.2.blocks.0.norm1.weight:lr=1e-05
08/07 10:53:57 - mmengine - INFO - paramwise_options -- backbone.stages.2.blocks.0.norm1.weight:weight_decay=0.0001
08/07 10:53:57 - mmengine - INFO - paramwise_options -- backbone.stages.2.blocks.0.norm1.weight:lr_mult=0.1
08/07 10:53:57 - mmengine - INFO - paramwise_options -- backbone.stages.2.blocks.0.norm1.bias:lr=1e-05
08/07 10:53:57 - mmengine - INFO - paramwise_options -- backbone.stages.2.blocks.0.norm1.bias:weight_decay=0.0001
08/07 10:53:57 - mmengine - INFO - paramwise_options -- backbone.stages.2.blocks.0.norm1.bias:lr_mult=0.1
08/07 10:53:57 - mmengine - INFO - paramwise_options -- backbone.stages.2.blocks.0.attn.w_msa.relative_position_bias_table:lr=1e-05
08/07 10:53:57 - mmengine - INFO - paramwise_options -- backbone.stages.2.blocks.0.attn.w_msa.relative_position_bias_table:weight_decay=0.0001
08/07 10:53:57 - mmengine - INFO - paramwise_options -- backbone.stages.2.blocks.0.attn.w_msa.relative_position_bias_table:lr_mult=0.1
08/07 10:53:57 - mmengine - INFO - paramwise_options -- backbone.stages.2.blocks.0.attn.w_msa.qkv.weight:lr=1e-05
08/07 10:53:57 - mmengine - INFO - paramwise_options -- backbone.stages.2.blocks.0.attn.w_msa.qkv.weight:weight_decay=0.0001
08/07 10:53:57 - mmengine - INFO - paramwise_options -- backbone.stages.2.blocks.0.attn.w_msa.qkv.weight:lr_mult=0.1
08/07 10:53:57 - mmengine - INFO - paramwise_options -- backbone.stages.2.blocks.0.attn.w_msa.qkv.bias:lr=1e-05
08/07 10:53:57 - mmengine - INFO - paramwise_options -- backbone.stages.2.blocks.0.attn.w_msa.qkv.bias:weight_decay=0.0001
08/07 10:53:57 - mmengine - INFO - paramwise_options -- backbone.stages.2.blocks.0.attn.w_msa.qkv.bias:lr_mult=0.1
08/07 10:53:57 - mmengine - INFO - paramwise_options -- backbone.stages.2.blocks.0.attn.w_msa.proj.weight:lr=1e-05
08/07 10:53:57 - mmengine - INFO - paramwise_options -- backbone.stages.2.blocks.0.attn.w_msa.proj.weight:weight_decay=0.0001
08/07 10:53:57 - mmengine - INFO - paramwise_options -- backbone.stages.2.blocks.0.attn.w_msa.proj.weight:lr_mult=0.1
08/07 10:53:57 - mmengine - INFO - paramwise_options -- backbone.stages.2.blocks.0.attn.w_msa.proj.bias:lr=1e-05
08/07 10:53:57 - mmengine - INFO - paramwise_options -- backbone.stages.2.blocks.0.attn.w_msa.proj.bias:weight_decay=0.0001
08/07 10:53:57 - mmengine - INFO - paramwise_options -- backbone.stages.2.blocks.0.attn.w_msa.proj.bias:lr_mult=0.1
08/07 10:53:57 - mmengine - INFO - paramwise_options -- backbone.stages.2.blocks.0.norm2.weight:lr=1e-05
08/07 10:53:57 - mmengine - INFO - paramwise_options -- backbone.stages.2.blocks.0.norm2.weight:weight_decay=0.0001
08/07 10:53:57 - mmengine - INFO - paramwise_options -- backbone.stages.2.blocks.0.norm2.weight:lr_mult=0.1
08/07 10:53:57 - mmengine - INFO - paramwise_options -- backbone.stages.2.blocks.0.norm2.bias:lr=1e-05
08/07 10:53:57 - mmengine - INFO - paramwise_options -- backbone.stages.2.blocks.0.norm2.bias:weight_decay=0.0001
08/07 10:53:57 - mmengine - INFO - paramwise_options -- backbone.stages.2.blocks.0.norm2.bias:lr_mult=0.1
08/07 10:53:57 - mmengine - INFO - paramwise_options -- backbone.stages.2.blocks.0.ffn.layers.0.0.weight:lr=1e-05
08/07 10:53:57 - mmengine - INFO - paramwise_options -- backbone.stages.2.blocks.0.ffn.layers.0.0.weight:weight_decay=0.0001
08/07 10:53:57 - mmengine - INFO - paramwise_options -- backbone.stages.2.blocks.0.ffn.layers.0.0.weight:lr_mult=0.1
08/07 10:53:57 - mmengine - INFO - paramwise_options -- backbone.stages.2.blocks.0.ffn.layers.0.0.bias:lr=1e-05
08/07 10:53:57 - mmengine - INFO - paramwise_options -- backbone.stages.2.blocks.0.ffn.layers.0.0.bias:weight_decay=0.0001
08/07 10:53:57 - mmengine - INFO - paramwise_options -- backbone.stages.2.blocks.0.ffn.layers.0.0.bias:lr_mult=0.1
08/07 10:53:57 - mmengine - INFO - paramwise_options -- backbone.stages.2.blocks.0.ffn.layers.1.weight:lr=1e-05
08/07 10:53:57 - mmengine - INFO - paramwise_options -- backbone.stages.2.blocks.0.ffn.layers.1.weight:weight_decay=0.0001
08/07 10:53:57 - mmengine - INFO - paramwise_options -- backbone.stages.2.blocks.0.ffn.layers.1.weight:lr_mult=0.1
08/07 10:53:57 - mmengine - INFO - paramwise_options -- backbone.stages.2.blocks.0.ffn.layers.1.bias:lr=1e-05
08/07 10:53:57 - mmengine - INFO - paramwise_options -- backbone.stages.2.blocks.0.ffn.layers.1.bias:weight_decay=0.0001
08/07 10:53:57 - mmengine - INFO - paramwise_options -- backbone.stages.2.blocks.0.ffn.layers.1.bias:lr_mult=0.1
08/07 10:53:57 - mmengine - INFO - paramwise_options -- backbone.stages.2.blocks.1.norm1.weight:lr=1e-05
08/07 10:53:57 - mmengine - INFO - paramwise_options -- backbone.stages.2.blocks.1.norm1.weight:weight_decay=0.0001
08/07 10:53:57 - mmengine - INFO - paramwise_options -- backbone.stages.2.blocks.1.norm1.weight:lr_mult=0.1
08/07 10:53:57 - mmengine - INFO - paramwise_options -- backbone.stages.2.blocks.1.norm1.bias:lr=1e-05
08/07 10:53:57 - mmengine - INFO - paramwise_options -- backbone.stages.2.blocks.1.norm1.bias:weight_decay=0.0001
08/07 10:53:57 - mmengine - INFO - paramwise_options -- backbone.stages.2.blocks.1.norm1.bias:lr_mult=0.1
08/07 10:53:57 - mmengine - INFO - paramwise_options -- backbone.stages.2.blocks.1.attn.w_msa.relative_position_bias_table:lr=1e-05
08/07 10:53:57 - mmengine - INFO - paramwise_options -- backbone.stages.2.blocks.1.attn.w_msa.relative_position_bias_table:weight_decay=0.0001
08/07 10:53:57 - mmengine - INFO - paramwise_options -- backbone.stages.2.blocks.1.attn.w_msa.relative_position_bias_table:lr_mult=0.1
08/07 10:53:57 - mmengine - INFO - paramwise_options -- backbone.stages.2.blocks.1.attn.w_msa.qkv.weight:lr=1e-05
08/07 10:53:57 - mmengine - INFO - paramwise_options -- backbone.stages.2.blocks.1.attn.w_msa.qkv.weight:weight_decay=0.0001
08/07 10:53:57 - mmengine - INFO - paramwise_options -- backbone.stages.2.blocks.1.attn.w_msa.qkv.weight:lr_mult=0.1
08/07 10:53:57 - mmengine - INFO - paramwise_options -- backbone.stages.2.blocks.1.attn.w_msa.qkv.bias:lr=1e-05
08/07 10:53:57 - mmengine - INFO - paramwise_options -- backbone.stages.2.blocks.1.attn.w_msa.qkv.bias:weight_decay=0.0001
08/07 10:53:57 - mmengine - INFO - paramwise_options -- backbone.stages.2.blocks.1.attn.w_msa.qkv.bias:lr_mult=0.1
08/07 10:53:57 - mmengine - INFO - paramwise_options -- backbone.stages.2.blocks.1.attn.w_msa.proj.weight:lr=1e-05
08/07 10:53:57 - mmengine - INFO - paramwise_options -- backbone.stages.2.blocks.1.attn.w_msa.proj.weight:weight_decay=0.0001
08/07 10:53:57 - mmengine - INFO - paramwise_options -- backbone.stages.2.blocks.1.attn.w_msa.proj.weight:lr_mult=0.1
08/07 10:53:57 - mmengine - INFO - paramwise_options -- backbone.stages.2.blocks.1.attn.w_msa.proj.bias:lr=1e-05
08/07 10:53:57 - mmengine - INFO - paramwise_options -- backbone.stages.2.blocks.1.attn.w_msa.proj.bias:weight_decay=0.0001
08/07 10:53:57 - mmengine - INFO - paramwise_options -- backbone.stages.2.blocks.1.attn.w_msa.proj.bias:lr_mult=0.1
08/07 10:53:57 - mmengine - INFO - paramwise_options -- backbone.stages.2.blocks.1.norm2.weight:lr=1e-05
08/07 10:53:57 - mmengine - INFO - paramwise_options -- backbone.stages.2.blocks.1.norm2.weight:weight_decay=0.0001
08/07 10:53:57 - mmengine - INFO - paramwise_options -- backbone.stages.2.blocks.1.norm2.weight:lr_mult=0.1
08/07 10:53:57 - mmengine - INFO - paramwise_options -- backbone.stages.2.blocks.1.norm2.bias:lr=1e-05
08/07 10:53:57 - mmengine - INFO - paramwise_options -- backbone.stages.2.blocks.1.norm2.bias:weight_decay=0.0001
08/07 10:53:57 - mmengine - INFO - paramwise_options -- backbone.stages.2.blocks.1.norm2.bias:lr_mult=0.1
08/07 10:53:57 - mmengine - INFO - paramwise_options -- backbone.stages.2.blocks.1.ffn.layers.0.0.weight:lr=1e-05
08/07 10:53:57 - mmengine - INFO - paramwise_options -- backbone.stages.2.blocks.1.ffn.layers.0.0.weight:weight_decay=0.0001
08/07 10:53:57 - mmengine - INFO - paramwise_options -- backbone.stages.2.blocks.1.ffn.layers.0.0.weight:lr_mult=0.1
08/07 10:53:57 - mmengine - INFO - paramwise_options -- backbone.stages.2.blocks.1.ffn.layers.0.0.bias:lr=1e-05
08/07 10:53:57 - mmengine - INFO - paramwise_options -- backbone.stages.2.blocks.1.ffn.layers.0.0.bias:weight_decay=0.0001
08/07 10:53:57 - mmengine - INFO - paramwise_options -- backbone.stages.2.blocks.1.ffn.layers.0.0.bias:lr_mult=0.1
08/07 10:53:57 - mmengine - INFO - paramwise_options -- backbone.stages.2.blocks.1.ffn.layers.1.weight:lr=1e-05
08/07 10:53:57 - mmengine - INFO - paramwise_options -- backbone.stages.2.blocks.1.ffn.layers.1.weight:weight_decay=0.0001
08/07 10:53:57 - mmengine - INFO - paramwise_options -- backbone.stages.2.blocks.1.ffn.layers.1.weight:lr_mult=0.1
08/07 10:53:57 - mmengine - INFO - paramwise_options -- backbone.stages.2.blocks.1.ffn.layers.1.bias:lr=1e-05
08/07 10:53:57 - mmengine - INFO - paramwise_options -- backbone.stages.2.blocks.1.ffn.layers.1.bias:weight_decay=0.0001
08/07 10:53:57 - mmengine - INFO - paramwise_options -- backbone.stages.2.blocks.1.ffn.layers.1.bias:lr_mult=0.1
08/07 10:53:57 - mmengine - INFO - paramwise_options -- backbone.stages.2.blocks.2.norm1.weight:lr=1e-05
08/07 10:53:57 - mmengine - INFO - paramwise_options -- backbone.stages.2.blocks.2.norm1.weight:weight_decay=0.0001
08/07 10:53:57 - mmengine - INFO - paramwise_options -- backbone.stages.2.blocks.2.norm1.weight:lr_mult=0.1
08/07 10:53:57 - mmengine - INFO - paramwise_options -- backbone.stages.2.blocks.2.norm1.bias:lr=1e-05
08/07 10:53:57 - mmengine - INFO - paramwise_options -- backbone.stages.2.blocks.2.norm1.bias:weight_decay=0.0001
08/07 10:53:57 - mmengine - INFO - paramwise_options -- backbone.stages.2.blocks.2.norm1.bias:lr_mult=0.1
08/07 10:53:57 - mmengine - INFO - paramwise_options -- backbone.stages.2.blocks.2.attn.w_msa.relative_position_bias_table:lr=1e-05
08/07 10:53:57 - mmengine - INFO - paramwise_options -- backbone.stages.2.blocks.2.attn.w_msa.relative_position_bias_table:weight_decay=0.0001
08/07 10:53:57 - mmengine - INFO - paramwise_options -- backbone.stages.2.blocks.2.attn.w_msa.relative_position_bias_table:lr_mult=0.1
08/07 10:53:57 - mmengine - INFO - paramwise_options -- backbone.stages.2.blocks.2.attn.w_msa.qkv.weight:lr=1e-05
08/07 10:53:57 - mmengine - INFO - paramwise_options -- backbone.stages.2.blocks.2.attn.w_msa.qkv.weight:weight_decay=0.0001
08/07 10:53:57 - mmengine - INFO - paramwise_options -- backbone.stages.2.blocks.2.attn.w_msa.qkv.weight:lr_mult=0.1
08/07 10:53:57 - mmengine - INFO - paramwise_options -- backbone.stages.2.blocks.2.attn.w_msa.qkv.bias:lr=1e-05
08/07 10:53:57 - mmengine - INFO - paramwise_options -- backbone.stages.2.blocks.2.attn.w_msa.qkv.bias:weight_decay=0.0001
08/07 10:53:57 - mmengine - INFO - paramwise_options -- backbone.stages.2.blocks.2.attn.w_msa.qkv.bias:lr_mult=0.1
08/07 10:53:57 - mmengine - INFO - paramwise_options -- backbone.stages.2.blocks.2.attn.w_msa.proj.weight:lr=1e-05
08/07 10:53:57 - mmengine - INFO - paramwise_options -- backbone.stages.2.blocks.2.attn.w_msa.proj.weight:weight_decay=0.0001
08/07 10:53:57 - mmengine - INFO - paramwise_options -- backbone.stages.2.blocks.2.attn.w_msa.proj.weight:lr_mult=0.1
08/07 10:53:57 - mmengine - INFO - paramwise_options -- backbone.stages.2.blocks.2.attn.w_msa.proj.bias:lr=1e-05
08/07 10:53:57 - mmengine - INFO - paramwise_options -- backbone.stages.2.blocks.2.attn.w_msa.proj.bias:weight_decay=0.0001
08/07 10:53:57 - mmengine - INFO - paramwise_options -- backbone.stages.2.blocks.2.attn.w_msa.proj.bias:lr_mult=0.1
08/07 10:53:57 - mmengine - INFO - paramwise_options -- backbone.stages.2.blocks.2.norm2.weight:lr=1e-05
08/07 10:53:57 - mmengine - INFO - paramwise_options -- backbone.stages.2.blocks.2.norm2.weight:weight_decay=0.0001
08/07 10:53:57 - mmengine - INFO - paramwise_options -- backbone.stages.2.blocks.2.norm2.weight:lr_mult=0.1
08/07 10:53:57 - mmengine - INFO - paramwise_options -- backbone.stages.2.blocks.2.norm2.bias:lr=1e-05
08/07 10:53:57 - mmengine - INFO - paramwise_options -- backbone.stages.2.blocks.2.norm2.bias:weight_decay=0.0001
08/07 10:53:57 - mmengine - INFO - paramwise_options -- backbone.stages.2.blocks.2.norm2.bias:lr_mult=0.1
08/07 10:53:57 - mmengine - INFO - paramwise_options -- backbone.stages.2.blocks.2.ffn.layers.0.0.weight:lr=1e-05
08/07 10:53:57 - mmengine - INFO - paramwise_options -- backbone.stages.2.blocks.2.ffn.layers.0.0.weight:weight_decay=0.0001
08/07 10:53:57 - mmengine - INFO - paramwise_options -- backbone.stages.2.blocks.2.ffn.layers.0.0.weight:lr_mult=0.1
08/07 10:53:57 - mmengine - INFO - paramwise_options -- backbone.stages.2.blocks.2.ffn.layers.0.0.bias:lr=1e-05
08/07 10:53:57 - mmengine - INFO - paramwise_options -- backbone.stages.2.blocks.2.ffn.layers.0.0.bias:weight_decay=0.0001
08/07 10:53:57 - mmengine - INFO - paramwise_options -- backbone.stages.2.blocks.2.ffn.layers.0.0.bias:lr_mult=0.1
08/07 10:53:57 - mmengine - INFO - paramwise_options -- backbone.stages.2.blocks.2.ffn.layers.1.weight:lr=1e-05
08/07 10:53:57 - mmengine - INFO - paramwise_options -- backbone.stages.2.blocks.2.ffn.layers.1.weight:weight_decay=0.0001
08/07 10:53:57 - mmengine - INFO - paramwise_options -- backbone.stages.2.blocks.2.ffn.layers.1.weight:lr_mult=0.1
08/07 10:53:57 - mmengine - INFO - paramwise_options -- backbone.stages.2.blocks.2.ffn.layers.1.bias:lr=1e-05
08/07 10:53:57 - mmengine - INFO - paramwise_options -- backbone.stages.2.blocks.2.ffn.layers.1.bias:weight_decay=0.0001
08/07 10:53:57 - mmengine - INFO - paramwise_options -- backbone.stages.2.blocks.2.ffn.layers.1.bias:lr_mult=0.1
08/07 10:53:57 - mmengine - INFO - paramwise_options -- backbone.stages.2.blocks.3.norm1.weight:lr=1e-05
08/07 10:53:57 - mmengine - INFO - paramwise_options -- backbone.stages.2.blocks.3.norm1.weight:weight_decay=0.0001
08/07 10:53:57 - mmengine - INFO - paramwise_options -- backbone.stages.2.blocks.3.norm1.weight:lr_mult=0.1
08/07 10:53:57 - mmengine - INFO - paramwise_options -- backbone.stages.2.blocks.3.norm1.bias:lr=1e-05
08/07 10:53:57 - mmengine - INFO - paramwise_options -- backbone.stages.2.blocks.3.norm1.bias:weight_decay=0.0001
08/07 10:53:57 - mmengine - INFO - paramwise_options -- backbone.stages.2.blocks.3.norm1.bias:lr_mult=0.1
08/07 10:53:57 - mmengine - INFO - paramwise_options -- backbone.stages.2.blocks.3.attn.w_msa.relative_position_bias_table:lr=1e-05
08/07 10:53:57 - mmengine - INFO - paramwise_options -- backbone.stages.2.blocks.3.attn.w_msa.relative_position_bias_table:weight_decay=0.0001
08/07 10:53:57 - mmengine - INFO - paramwise_options -- backbone.stages.2.blocks.3.attn.w_msa.relative_position_bias_table:lr_mult=0.1
08/07 10:53:57 - mmengine - INFO - paramwise_options -- backbone.stages.2.blocks.3.attn.w_msa.qkv.weight:lr=1e-05
08/07 10:53:57 - mmengine - INFO - paramwise_options -- backbone.stages.2.blocks.3.attn.w_msa.qkv.weight:weight_decay=0.0001
08/07 10:53:57 - mmengine - INFO - paramwise_options -- backbone.stages.2.blocks.3.attn.w_msa.qkv.weight:lr_mult=0.1
08/07 10:53:57 - mmengine - INFO - paramwise_options -- backbone.stages.2.blocks.3.attn.w_msa.qkv.bias:lr=1e-05
08/07 10:53:57 - mmengine - INFO - paramwise_options -- backbone.stages.2.blocks.3.attn.w_msa.qkv.bias:weight_decay=0.0001
08/07 10:53:57 - mmengine - INFO - paramwise_options -- backbone.stages.2.blocks.3.attn.w_msa.qkv.bias:lr_mult=0.1
08/07 10:53:57 - mmengine - INFO - paramwise_options -- backbone.stages.2.blocks.3.attn.w_msa.proj.weight:lr=1e-05
08/07 10:53:57 - mmengine - INFO - paramwise_options -- backbone.stages.2.blocks.3.attn.w_msa.proj.weight:weight_decay=0.0001
08/07 10:53:57 - mmengine - INFO - paramwise_options -- backbone.stages.2.blocks.3.attn.w_msa.proj.weight:lr_mult=0.1
08/07 10:53:57 - mmengine - INFO - paramwise_options -- backbone.stages.2.blocks.3.attn.w_msa.proj.bias:lr=1e-05
08/07 10:53:57 - mmengine - INFO - paramwise_options -- backbone.stages.2.blocks.3.attn.w_msa.proj.bias:weight_decay=0.0001
08/07 10:53:57 - mmengine - INFO - paramwise_options -- backbone.stages.2.blocks.3.attn.w_msa.proj.bias:lr_mult=0.1
08/07 10:53:57 - mmengine - INFO - paramwise_options -- backbone.stages.2.blocks.3.norm2.weight:lr=1e-05
08/07 10:53:57 - mmengine - INFO - paramwise_options -- backbone.stages.2.blocks.3.norm2.weight:weight_decay=0.0001
08/07 10:53:57 - mmengine - INFO - paramwise_options -- backbone.stages.2.blocks.3.norm2.weight:lr_mult=0.1
08/07 10:53:57 - mmengine - INFO - paramwise_options -- backbone.stages.2.blocks.3.norm2.bias:lr=1e-05
08/07 10:53:57 - mmengine - INFO - paramwise_options -- backbone.stages.2.blocks.3.norm2.bias:weight_decay=0.0001
08/07 10:53:57 - mmengine - INFO - paramwise_options -- backbone.stages.2.blocks.3.norm2.bias:lr_mult=0.1
08/07 10:53:57 - mmengine - INFO - paramwise_options -- backbone.stages.2.blocks.3.ffn.layers.0.0.weight:lr=1e-05
08/07 10:53:57 - mmengine - INFO - paramwise_options -- backbone.stages.2.blocks.3.ffn.layers.0.0.weight:weight_decay=0.0001
08/07 10:53:57 - mmengine - INFO - paramwise_options -- backbone.stages.2.blocks.3.ffn.layers.0.0.weight:lr_mult=0.1
08/07 10:53:57 - mmengine - INFO - paramwise_options -- backbone.stages.2.blocks.3.ffn.layers.0.0.bias:lr=1e-05
08/07 10:53:57 - mmengine - INFO - paramwise_options -- backbone.stages.2.blocks.3.ffn.layers.0.0.bias:weight_decay=0.0001
08/07 10:53:57 - mmengine - INFO - paramwise_options -- backbone.stages.2.blocks.3.ffn.layers.0.0.bias:lr_mult=0.1
08/07 10:53:57 - mmengine - INFO - paramwise_options -- backbone.stages.2.blocks.3.ffn.layers.1.weight:lr=1e-05
08/07 10:53:57 - mmengine - INFO - paramwise_options -- backbone.stages.2.blocks.3.ffn.layers.1.weight:weight_decay=0.0001
08/07 10:53:57 - mmengine - INFO - paramwise_options -- backbone.stages.2.blocks.3.ffn.layers.1.weight:lr_mult=0.1
08/07 10:53:57 - mmengine - INFO - paramwise_options -- backbone.stages.2.blocks.3.ffn.layers.1.bias:lr=1e-05
08/07 10:53:57 - mmengine - INFO - paramwise_options -- backbone.stages.2.blocks.3.ffn.layers.1.bias:weight_decay=0.0001
08/07 10:53:57 - mmengine - INFO - paramwise_options -- backbone.stages.2.blocks.3.ffn.layers.1.bias:lr_mult=0.1
08/07 10:53:57 - mmengine - INFO - paramwise_options -- backbone.stages.2.blocks.4.norm1.weight:lr=1e-05
08/07 10:53:57 - mmengine - INFO - paramwise_options -- backbone.stages.2.blocks.4.norm1.weight:weight_decay=0.0001
08/07 10:53:57 - mmengine - INFO - paramwise_options -- backbone.stages.2.blocks.4.norm1.weight:lr_mult=0.1
08/07 10:53:57 - mmengine - INFO - paramwise_options -- backbone.stages.2.blocks.4.norm1.bias:lr=1e-05
08/07 10:53:57 - mmengine - INFO - paramwise_options -- backbone.stages.2.blocks.4.norm1.bias:weight_decay=0.0001
08/07 10:53:57 - mmengine - INFO - paramwise_options -- backbone.stages.2.blocks.4.norm1.bias:lr_mult=0.1
08/07 10:53:57 - mmengine - INFO - paramwise_options -- backbone.stages.2.blocks.4.attn.w_msa.relative_position_bias_table:lr=1e-05
08/07 10:53:57 - mmengine - INFO - paramwise_options -- backbone.stages.2.blocks.4.attn.w_msa.relative_position_bias_table:weight_decay=0.0001
08/07 10:53:57 - mmengine - INFO - paramwise_options -- backbone.stages.2.blocks.4.attn.w_msa.relative_position_bias_table:lr_mult=0.1
08/07 10:53:57 - mmengine - INFO - paramwise_options -- backbone.stages.2.blocks.4.attn.w_msa.qkv.weight:lr=1e-05
08/07 10:53:57 - mmengine - INFO - paramwise_options -- backbone.stages.2.blocks.4.attn.w_msa.qkv.weight:weight_decay=0.0001
08/07 10:53:57 - mmengine - INFO - paramwise_options -- backbone.stages.2.blocks.4.attn.w_msa.qkv.weight:lr_mult=0.1
08/07 10:53:57 - mmengine - INFO - paramwise_options -- backbone.stages.2.blocks.4.attn.w_msa.qkv.bias:lr=1e-05
08/07 10:53:57 - mmengine - INFO - paramwise_options -- backbone.stages.2.blocks.4.attn.w_msa.qkv.bias:weight_decay=0.0001
08/07 10:53:57 - mmengine - INFO - paramwise_options -- backbone.stages.2.blocks.4.attn.w_msa.qkv.bias:lr_mult=0.1
08/07 10:53:57 - mmengine - INFO - paramwise_options -- backbone.stages.2.blocks.4.attn.w_msa.proj.weight:lr=1e-05
08/07 10:53:57 - mmengine - INFO - paramwise_options -- backbone.stages.2.blocks.4.attn.w_msa.proj.weight:weight_decay=0.0001
08/07 10:53:57 - mmengine - INFO - paramwise_options -- backbone.stages.2.blocks.4.attn.w_msa.proj.weight:lr_mult=0.1
08/07 10:53:57 - mmengine - INFO - paramwise_options -- backbone.stages.2.blocks.4.attn.w_msa.proj.bias:lr=1e-05
08/07 10:53:57 - mmengine - INFO - paramwise_options -- backbone.stages.2.blocks.4.attn.w_msa.proj.bias:weight_decay=0.0001
08/07 10:53:57 - mmengine - INFO - paramwise_options -- backbone.stages.2.blocks.4.attn.w_msa.proj.bias:lr_mult=0.1
08/07 10:53:57 - mmengine - INFO - paramwise_options -- backbone.stages.2.blocks.4.norm2.weight:lr=1e-05
08/07 10:53:57 - mmengine - INFO - paramwise_options -- backbone.stages.2.blocks.4.norm2.weight:weight_decay=0.0001
08/07 10:53:57 - mmengine - INFO - paramwise_options -- backbone.stages.2.blocks.4.norm2.weight:lr_mult=0.1
08/07 10:53:57 - mmengine - INFO - paramwise_options -- backbone.stages.2.blocks.4.norm2.bias:lr=1e-05
08/07 10:53:57 - mmengine - INFO - paramwise_options -- backbone.stages.2.blocks.4.norm2.bias:weight_decay=0.0001
08/07 10:53:57 - mmengine - INFO - paramwise_options -- backbone.stages.2.blocks.4.norm2.bias:lr_mult=0.1
08/07 10:53:57 - mmengine - INFO - paramwise_options -- backbone.stages.2.blocks.4.ffn.layers.0.0.weight:lr=1e-05
08/07 10:53:57 - mmengine - INFO - paramwise_options -- backbone.stages.2.blocks.4.ffn.layers.0.0.weight:weight_decay=0.0001
08/07 10:53:57 - mmengine - INFO - paramwise_options -- backbone.stages.2.blocks.4.ffn.layers.0.0.weight:lr_mult=0.1
08/07 10:53:57 - mmengine - INFO - paramwise_options -- backbone.stages.2.blocks.4.ffn.layers.0.0.bias:lr=1e-05
08/07 10:53:57 - mmengine - INFO - paramwise_options -- backbone.stages.2.blocks.4.ffn.layers.0.0.bias:weight_decay=0.0001
08/07 10:53:57 - mmengine - INFO - paramwise_options -- backbone.stages.2.blocks.4.ffn.layers.0.0.bias:lr_mult=0.1
08/07 10:53:57 - mmengine - INFO - paramwise_options -- backbone.stages.2.blocks.4.ffn.layers.1.weight:lr=1e-05
08/07 10:53:57 - mmengine - INFO - paramwise_options -- backbone.stages.2.blocks.4.ffn.layers.1.weight:weight_decay=0.0001
08/07 10:53:57 - mmengine - INFO - paramwise_options -- backbone.stages.2.blocks.4.ffn.layers.1.weight:lr_mult=0.1
08/07 10:53:57 - mmengine - INFO - paramwise_options -- backbone.stages.2.blocks.4.ffn.layers.1.bias:lr=1e-05
08/07 10:53:57 - mmengine - INFO - paramwise_options -- backbone.stages.2.blocks.4.ffn.layers.1.bias:weight_decay=0.0001
08/07 10:53:57 - mmengine - INFO - paramwise_options -- backbone.stages.2.blocks.4.ffn.layers.1.bias:lr_mult=0.1
08/07 10:53:57 - mmengine - INFO - paramwise_options -- backbone.stages.2.blocks.5.norm1.weight:lr=1e-05
08/07 10:53:57 - mmengine - INFO - paramwise_options -- backbone.stages.2.blocks.5.norm1.weight:weight_decay=0.0001
08/07 10:53:57 - mmengine - INFO - paramwise_options -- backbone.stages.2.blocks.5.norm1.weight:lr_mult=0.1
08/07 10:53:57 - mmengine - INFO - paramwise_options -- backbone.stages.2.blocks.5.norm1.bias:lr=1e-05
08/07 10:53:57 - mmengine - INFO - paramwise_options -- backbone.stages.2.blocks.5.norm1.bias:weight_decay=0.0001
08/07 10:53:57 - mmengine - INFO - paramwise_options -- backbone.stages.2.blocks.5.norm1.bias:lr_mult=0.1
08/07 10:53:57 - mmengine - INFO - paramwise_options -- backbone.stages.2.blocks.5.attn.w_msa.relative_position_bias_table:lr=1e-05
08/07 10:53:57 - mmengine - INFO - paramwise_options -- backbone.stages.2.blocks.5.attn.w_msa.relative_position_bias_table:weight_decay=0.0001
08/07 10:53:57 - mmengine - INFO - paramwise_options -- backbone.stages.2.blocks.5.attn.w_msa.relative_position_bias_table:lr_mult=0.1
08/07 10:53:57 - mmengine - INFO - paramwise_options -- backbone.stages.2.blocks.5.attn.w_msa.qkv.weight:lr=1e-05
08/07 10:53:57 - mmengine - INFO - paramwise_options -- backbone.stages.2.blocks.5.attn.w_msa.qkv.weight:weight_decay=0.0001
08/07 10:53:57 - mmengine - INFO - paramwise_options -- backbone.stages.2.blocks.5.attn.w_msa.qkv.weight:lr_mult=0.1
08/07 10:53:57 - mmengine - INFO - paramwise_options -- backbone.stages.2.blocks.5.attn.w_msa.qkv.bias:lr=1e-05
08/07 10:53:57 - mmengine - INFO - paramwise_options -- backbone.stages.2.blocks.5.attn.w_msa.qkv.bias:weight_decay=0.0001
08/07 10:53:57 - mmengine - INFO - paramwise_options -- backbone.stages.2.blocks.5.attn.w_msa.qkv.bias:lr_mult=0.1
08/07 10:53:57 - mmengine - INFO - paramwise_options -- backbone.stages.2.blocks.5.attn.w_msa.proj.weight:lr=1e-05
08/07 10:53:57 - mmengine - INFO - paramwise_options -- backbone.stages.2.blocks.5.attn.w_msa.proj.weight:weight_decay=0.0001
08/07 10:53:57 - mmengine - INFO - paramwise_options -- backbone.stages.2.blocks.5.attn.w_msa.proj.weight:lr_mult=0.1
08/07 10:53:57 - mmengine - INFO - paramwise_options -- backbone.stages.2.blocks.5.attn.w_msa.proj.bias:lr=1e-05
08/07 10:53:57 - mmengine - INFO - paramwise_options -- backbone.stages.2.blocks.5.attn.w_msa.proj.bias:weight_decay=0.0001
08/07 10:53:57 - mmengine - INFO - paramwise_options -- backbone.stages.2.blocks.5.attn.w_msa.proj.bias:lr_mult=0.1
08/07 10:53:57 - mmengine - INFO - paramwise_options -- backbone.stages.2.blocks.5.norm2.weight:lr=1e-05
08/07 10:53:57 - mmengine - INFO - paramwise_options -- backbone.stages.2.blocks.5.norm2.weight:weight_decay=0.0001
08/07 10:53:57 - mmengine - INFO - paramwise_options -- backbone.stages.2.blocks.5.norm2.weight:lr_mult=0.1
08/07 10:53:57 - mmengine - INFO - paramwise_options -- backbone.stages.2.blocks.5.norm2.bias:lr=1e-05
08/07 10:53:57 - mmengine - INFO - paramwise_options -- backbone.stages.2.blocks.5.norm2.bias:weight_decay=0.0001
08/07 10:53:57 - mmengine - INFO - paramwise_options -- backbone.stages.2.blocks.5.norm2.bias:lr_mult=0.1
08/07 10:53:57 - mmengine - INFO - paramwise_options -- backbone.stages.2.blocks.5.ffn.layers.0.0.weight:lr=1e-05
08/07 10:53:57 - mmengine - INFO - paramwise_options -- backbone.stages.2.blocks.5.ffn.layers.0.0.weight:weight_decay=0.0001
08/07 10:53:57 - mmengine - INFO - paramwise_options -- backbone.stages.2.blocks.5.ffn.layers.0.0.weight:lr_mult=0.1
08/07 10:53:57 - mmengine - INFO - paramwise_options -- backbone.stages.2.blocks.5.ffn.layers.0.0.bias:lr=1e-05
08/07 10:53:57 - mmengine - INFO - paramwise_options -- backbone.stages.2.blocks.5.ffn.layers.0.0.bias:weight_decay=0.0001
08/07 10:53:57 - mmengine - INFO - paramwise_options -- backbone.stages.2.blocks.5.ffn.layers.0.0.bias:lr_mult=0.1
08/07 10:53:57 - mmengine - INFO - paramwise_options -- backbone.stages.2.blocks.5.ffn.layers.1.weight:lr=1e-05
08/07 10:53:57 - mmengine - INFO - paramwise_options -- backbone.stages.2.blocks.5.ffn.layers.1.weight:weight_decay=0.0001
08/07 10:53:57 - mmengine - INFO - paramwise_options -- backbone.stages.2.blocks.5.ffn.layers.1.weight:lr_mult=0.1
08/07 10:53:57 - mmengine - INFO - paramwise_options -- backbone.stages.2.blocks.5.ffn.layers.1.bias:lr=1e-05
08/07 10:53:57 - mmengine - INFO - paramwise_options -- backbone.stages.2.blocks.5.ffn.layers.1.bias:weight_decay=0.0001
08/07 10:53:57 - mmengine - INFO - paramwise_options -- backbone.stages.2.blocks.5.ffn.layers.1.bias:lr_mult=0.1
08/07 10:53:57 - mmengine - INFO - paramwise_options -- backbone.stages.2.downsample.norm.weight:lr=1e-05
08/07 10:53:57 - mmengine - INFO - paramwise_options -- backbone.stages.2.downsample.norm.weight:weight_decay=0.0001
08/07 10:53:57 - mmengine - INFO - paramwise_options -- backbone.stages.2.downsample.norm.weight:lr_mult=0.1
08/07 10:53:57 - mmengine - INFO - paramwise_options -- backbone.stages.2.downsample.norm.bias:lr=1e-05
08/07 10:53:57 - mmengine - INFO - paramwise_options -- backbone.stages.2.downsample.norm.bias:weight_decay=0.0001
08/07 10:53:57 - mmengine - INFO - paramwise_options -- backbone.stages.2.downsample.norm.bias:lr_mult=0.1
08/07 10:53:57 - mmengine - INFO - paramwise_options -- backbone.stages.2.downsample.reduction.weight:lr=1e-05
08/07 10:53:57 - mmengine - INFO - paramwise_options -- backbone.stages.2.downsample.reduction.weight:weight_decay=0.0001
08/07 10:53:57 - mmengine - INFO - paramwise_options -- backbone.stages.2.downsample.reduction.weight:lr_mult=0.1
08/07 10:53:57 - mmengine - INFO - paramwise_options -- backbone.stages.3.blocks.0.norm1.weight:lr=1e-05
08/07 10:53:57 - mmengine - INFO - paramwise_options -- backbone.stages.3.blocks.0.norm1.weight:weight_decay=0.0001
08/07 10:53:57 - mmengine - INFO - paramwise_options -- backbone.stages.3.blocks.0.norm1.weight:lr_mult=0.1
08/07 10:53:57 - mmengine - INFO - paramwise_options -- backbone.stages.3.blocks.0.norm1.bias:lr=1e-05
08/07 10:53:57 - mmengine - INFO - paramwise_options -- backbone.stages.3.blocks.0.norm1.bias:weight_decay=0.0001
08/07 10:53:57 - mmengine - INFO - paramwise_options -- backbone.stages.3.blocks.0.norm1.bias:lr_mult=0.1
08/07 10:53:57 - mmengine - INFO - paramwise_options -- backbone.stages.3.blocks.0.attn.w_msa.relative_position_bias_table:lr=1e-05
08/07 10:53:57 - mmengine - INFO - paramwise_options -- backbone.stages.3.blocks.0.attn.w_msa.relative_position_bias_table:weight_decay=0.0001
08/07 10:53:57 - mmengine - INFO - paramwise_options -- backbone.stages.3.blocks.0.attn.w_msa.relative_position_bias_table:lr_mult=0.1
08/07 10:53:57 - mmengine - INFO - paramwise_options -- backbone.stages.3.blocks.0.attn.w_msa.qkv.weight:lr=1e-05
08/07 10:53:57 - mmengine - INFO - paramwise_options -- backbone.stages.3.blocks.0.attn.w_msa.qkv.weight:weight_decay=0.0001
08/07 10:53:57 - mmengine - INFO - paramwise_options -- backbone.stages.3.blocks.0.attn.w_msa.qkv.weight:lr_mult=0.1
08/07 10:53:57 - mmengine - INFO - paramwise_options -- backbone.stages.3.blocks.0.attn.w_msa.qkv.bias:lr=1e-05
08/07 10:53:57 - mmengine - INFO - paramwise_options -- backbone.stages.3.blocks.0.attn.w_msa.qkv.bias:weight_decay=0.0001
08/07 10:53:57 - mmengine - INFO - paramwise_options -- backbone.stages.3.blocks.0.attn.w_msa.qkv.bias:lr_mult=0.1
08/07 10:53:57 - mmengine - INFO - paramwise_options -- backbone.stages.3.blocks.0.attn.w_msa.proj.weight:lr=1e-05
08/07 10:53:57 - mmengine - INFO - paramwise_options -- backbone.stages.3.blocks.0.attn.w_msa.proj.weight:weight_decay=0.0001
08/07 10:53:57 - mmengine - INFO - paramwise_options -- backbone.stages.3.blocks.0.attn.w_msa.proj.weight:lr_mult=0.1
08/07 10:53:57 - mmengine - INFO - paramwise_options -- backbone.stages.3.blocks.0.attn.w_msa.proj.bias:lr=1e-05
08/07 10:53:57 - mmengine - INFO - paramwise_options -- backbone.stages.3.blocks.0.attn.w_msa.proj.bias:weight_decay=0.0001
08/07 10:53:57 - mmengine - INFO - paramwise_options -- backbone.stages.3.blocks.0.attn.w_msa.proj.bias:lr_mult=0.1
08/07 10:53:57 - mmengine - INFO - paramwise_options -- backbone.stages.3.blocks.0.norm2.weight:lr=1e-05
08/07 10:53:57 - mmengine - INFO - paramwise_options -- backbone.stages.3.blocks.0.norm2.weight:weight_decay=0.0001
08/07 10:53:57 - mmengine - INFO - paramwise_options -- backbone.stages.3.blocks.0.norm2.weight:lr_mult=0.1
08/07 10:53:57 - mmengine - INFO - paramwise_options -- backbone.stages.3.blocks.0.norm2.bias:lr=1e-05
08/07 10:53:57 - mmengine - INFO - paramwise_options -- backbone.stages.3.blocks.0.norm2.bias:weight_decay=0.0001
08/07 10:53:57 - mmengine - INFO - paramwise_options -- backbone.stages.3.blocks.0.norm2.bias:lr_mult=0.1
08/07 10:53:57 - mmengine - INFO - paramwise_options -- backbone.stages.3.blocks.0.ffn.layers.0.0.weight:lr=1e-05
08/07 10:53:57 - mmengine - INFO - paramwise_options -- backbone.stages.3.blocks.0.ffn.layers.0.0.weight:weight_decay=0.0001
08/07 10:53:57 - mmengine - INFO - paramwise_options -- backbone.stages.3.blocks.0.ffn.layers.0.0.weight:lr_mult=0.1
08/07 10:53:57 - mmengine - INFO - paramwise_options -- backbone.stages.3.blocks.0.ffn.layers.0.0.bias:lr=1e-05
08/07 10:53:57 - mmengine - INFO - paramwise_options -- backbone.stages.3.blocks.0.ffn.layers.0.0.bias:weight_decay=0.0001
08/07 10:53:57 - mmengine - INFO - paramwise_options -- backbone.stages.3.blocks.0.ffn.layers.0.0.bias:lr_mult=0.1
08/07 10:53:57 - mmengine - INFO - paramwise_options -- backbone.stages.3.blocks.0.ffn.layers.1.weight:lr=1e-05
08/07 10:53:57 - mmengine - INFO - paramwise_options -- backbone.stages.3.blocks.0.ffn.layers.1.weight:weight_decay=0.0001
08/07 10:53:57 - mmengine - INFO - paramwise_options -- backbone.stages.3.blocks.0.ffn.layers.1.weight:lr_mult=0.1
08/07 10:53:57 - mmengine - INFO - paramwise_options -- backbone.stages.3.blocks.0.ffn.layers.1.bias:lr=1e-05
08/07 10:53:57 - mmengine - INFO - paramwise_options -- backbone.stages.3.blocks.0.ffn.layers.1.bias:weight_decay=0.0001
08/07 10:53:57 - mmengine - INFO - paramwise_options -- backbone.stages.3.blocks.0.ffn.layers.1.bias:lr_mult=0.1
08/07 10:53:57 - mmengine - INFO - paramwise_options -- backbone.stages.3.blocks.1.norm1.weight:lr=1e-05
08/07 10:53:57 - mmengine - INFO - paramwise_options -- backbone.stages.3.blocks.1.norm1.weight:weight_decay=0.0001
08/07 10:53:57 - mmengine - INFO - paramwise_options -- backbone.stages.3.blocks.1.norm1.weight:lr_mult=0.1
08/07 10:53:57 - mmengine - INFO - paramwise_options -- backbone.stages.3.blocks.1.norm1.bias:lr=1e-05
08/07 10:53:57 - mmengine - INFO - paramwise_options -- backbone.stages.3.blocks.1.norm1.bias:weight_decay=0.0001
08/07 10:53:57 - mmengine - INFO - paramwise_options -- backbone.stages.3.blocks.1.norm1.bias:lr_mult=0.1
08/07 10:53:57 - mmengine - INFO - paramwise_options -- backbone.stages.3.blocks.1.attn.w_msa.relative_position_bias_table:lr=1e-05
08/07 10:53:57 - mmengine - INFO - paramwise_options -- backbone.stages.3.blocks.1.attn.w_msa.relative_position_bias_table:weight_decay=0.0001
08/07 10:53:57 - mmengine - INFO - paramwise_options -- backbone.stages.3.blocks.1.attn.w_msa.relative_position_bias_table:lr_mult=0.1
08/07 10:53:57 - mmengine - INFO - paramwise_options -- backbone.stages.3.blocks.1.attn.w_msa.qkv.weight:lr=1e-05
08/07 10:53:57 - mmengine - INFO - paramwise_options -- backbone.stages.3.blocks.1.attn.w_msa.qkv.weight:weight_decay=0.0001
08/07 10:53:57 - mmengine - INFO - paramwise_options -- backbone.stages.3.blocks.1.attn.w_msa.qkv.weight:lr_mult=0.1
08/07 10:53:57 - mmengine - INFO - paramwise_options -- backbone.stages.3.blocks.1.attn.w_msa.qkv.bias:lr=1e-05
08/07 10:53:57 - mmengine - INFO - paramwise_options -- backbone.stages.3.blocks.1.attn.w_msa.qkv.bias:weight_decay=0.0001
08/07 10:53:57 - mmengine - INFO - paramwise_options -- backbone.stages.3.blocks.1.attn.w_msa.qkv.bias:lr_mult=0.1
08/07 10:53:57 - mmengine - INFO - paramwise_options -- backbone.stages.3.blocks.1.attn.w_msa.proj.weight:lr=1e-05
08/07 10:53:57 - mmengine - INFO - paramwise_options -- backbone.stages.3.blocks.1.attn.w_msa.proj.weight:weight_decay=0.0001
08/07 10:53:57 - mmengine - INFO - paramwise_options -- backbone.stages.3.blocks.1.attn.w_msa.proj.weight:lr_mult=0.1
08/07 10:53:57 - mmengine - INFO - paramwise_options -- backbone.stages.3.blocks.1.attn.w_msa.proj.bias:lr=1e-05
08/07 10:53:57 - mmengine - INFO - paramwise_options -- backbone.stages.3.blocks.1.attn.w_msa.proj.bias:weight_decay=0.0001
08/07 10:53:57 - mmengine - INFO - paramwise_options -- backbone.stages.3.blocks.1.attn.w_msa.proj.bias:lr_mult=0.1
08/07 10:53:57 - mmengine - INFO - paramwise_options -- backbone.stages.3.blocks.1.norm2.weight:lr=1e-05
08/07 10:53:57 - mmengine - INFO - paramwise_options -- backbone.stages.3.blocks.1.norm2.weight:weight_decay=0.0001
08/07 10:53:57 - mmengine - INFO - paramwise_options -- backbone.stages.3.blocks.1.norm2.weight:lr_mult=0.1
08/07 10:53:57 - mmengine - INFO - paramwise_options -- backbone.stages.3.blocks.1.norm2.bias:lr=1e-05
08/07 10:53:57 - mmengine - INFO - paramwise_options -- backbone.stages.3.blocks.1.norm2.bias:weight_decay=0.0001
08/07 10:53:57 - mmengine - INFO - paramwise_options -- backbone.stages.3.blocks.1.norm2.bias:lr_mult=0.1
08/07 10:53:57 - mmengine - INFO - paramwise_options -- backbone.stages.3.blocks.1.ffn.layers.0.0.weight:lr=1e-05
08/07 10:53:57 - mmengine - INFO - paramwise_options -- backbone.stages.3.blocks.1.ffn.layers.0.0.weight:weight_decay=0.0001
08/07 10:53:57 - mmengine - INFO - paramwise_options -- backbone.stages.3.blocks.1.ffn.layers.0.0.weight:lr_mult=0.1
08/07 10:53:57 - mmengine - INFO - paramwise_options -- backbone.stages.3.blocks.1.ffn.layers.0.0.bias:lr=1e-05
08/07 10:53:57 - mmengine - INFO - paramwise_options -- backbone.stages.3.blocks.1.ffn.layers.0.0.bias:weight_decay=0.0001
08/07 10:53:57 - mmengine - INFO - paramwise_options -- backbone.stages.3.blocks.1.ffn.layers.0.0.bias:lr_mult=0.1
08/07 10:53:57 - mmengine - INFO - paramwise_options -- backbone.stages.3.blocks.1.ffn.layers.1.weight:lr=1e-05
08/07 10:53:57 - mmengine - INFO - paramwise_options -- backbone.stages.3.blocks.1.ffn.layers.1.weight:weight_decay=0.0001
08/07 10:53:57 - mmengine - INFO - paramwise_options -- backbone.stages.3.blocks.1.ffn.layers.1.weight:lr_mult=0.1
08/07 10:53:57 - mmengine - INFO - paramwise_options -- backbone.stages.3.blocks.1.ffn.layers.1.bias:lr=1e-05
08/07 10:53:57 - mmengine - INFO - paramwise_options -- backbone.stages.3.blocks.1.ffn.layers.1.bias:weight_decay=0.0001
08/07 10:53:57 - mmengine - INFO - paramwise_options -- backbone.stages.3.blocks.1.ffn.layers.1.bias:lr_mult=0.1
08/07 10:53:57 - mmengine - INFO - paramwise_options -- backbone.norm1.weight:lr=1e-05
08/07 10:53:57 - mmengine - INFO - paramwise_options -- backbone.norm1.weight:weight_decay=0.0001
08/07 10:53:57 - mmengine - INFO - paramwise_options -- backbone.norm1.weight:lr_mult=0.1
08/07 10:53:57 - mmengine - INFO - paramwise_options -- backbone.norm1.bias:lr=1e-05
08/07 10:53:57 - mmengine - INFO - paramwise_options -- backbone.norm1.bias:weight_decay=0.0001
08/07 10:53:57 - mmengine - INFO - paramwise_options -- backbone.norm1.bias:lr_mult=0.1
08/07 10:53:57 - mmengine - INFO - paramwise_options -- backbone.norm2.weight:lr=1e-05
08/07 10:53:57 - mmengine - INFO - paramwise_options -- backbone.norm2.weight:weight_decay=0.0001
08/07 10:53:57 - mmengine - INFO - paramwise_options -- backbone.norm2.weight:lr_mult=0.1
08/07 10:53:57 - mmengine - INFO - paramwise_options -- backbone.norm2.bias:lr=1e-05
08/07 10:53:57 - mmengine - INFO - paramwise_options -- backbone.norm2.bias:weight_decay=0.0001
08/07 10:53:57 - mmengine - INFO - paramwise_options -- backbone.norm2.bias:lr_mult=0.1
08/07 10:53:57 - mmengine - INFO - paramwise_options -- backbone.norm3.weight:lr=1e-05
08/07 10:53:57 - mmengine - INFO - paramwise_options -- backbone.norm3.weight:weight_decay=0.0001
08/07 10:53:57 - mmengine - INFO - paramwise_options -- backbone.norm3.weight:lr_mult=0.1
08/07 10:53:57 - mmengine - INFO - paramwise_options -- backbone.norm3.bias:lr=1e-05
08/07 10:53:57 - mmengine - INFO - paramwise_options -- backbone.norm3.bias:weight_decay=0.0001
08/07 10:53:57 - mmengine - INFO - paramwise_options -- backbone.norm3.bias:lr_mult=0.1
08/07 10:53:57 - mmengine - INFO - paramwise_options -- language_model.language_backbone.body.model.embeddings.word_embeddings.weight:lr=1e-05
08/07 10:53:57 - mmengine - INFO - paramwise_options -- language_model.language_backbone.body.model.embeddings.word_embeddings.weight:weight_decay=0.0001
08/07 10:53:57 - mmengine - INFO - paramwise_options -- language_model.language_backbone.body.model.embeddings.word_embeddings.weight:lr_mult=0.1
08/07 10:53:57 - mmengine - INFO - paramwise_options -- language_model.language_backbone.body.model.embeddings.position_embeddings.weight:lr=1e-05
08/07 10:53:57 - mmengine - INFO - paramwise_options -- language_model.language_backbone.body.model.embeddings.position_embeddings.weight:weight_decay=0.0001
08/07 10:53:57 - mmengine - INFO - paramwise_options -- language_model.language_backbone.body.model.embeddings.position_embeddings.weight:lr_mult=0.1
08/07 10:53:57 - mmengine - INFO - paramwise_options -- language_model.language_backbone.body.model.embeddings.token_type_embeddings.weight:lr=1e-05
08/07 10:53:57 - mmengine - INFO - paramwise_options -- language_model.language_backbone.body.model.embeddings.token_type_embeddings.weight:weight_decay=0.0001
08/07 10:53:57 - mmengine - INFO - paramwise_options -- language_model.language_backbone.body.model.embeddings.token_type_embeddings.weight:lr_mult=0.1
08/07 10:53:57 - mmengine - INFO - paramwise_options -- language_model.language_backbone.body.model.embeddings.LayerNorm.weight:lr=1e-05
08/07 10:53:57 - mmengine - INFO - paramwise_options -- language_model.language_backbone.body.model.embeddings.LayerNorm.weight:weight_decay=0.0001
08/07 10:53:57 - mmengine - INFO - paramwise_options -- language_model.language_backbone.body.model.embeddings.LayerNorm.weight:lr_mult=0.1
08/07 10:53:57 - mmengine - INFO - paramwise_options -- language_model.language_backbone.body.model.embeddings.LayerNorm.bias:lr=1e-05
08/07 10:53:57 - mmengine - INFO - paramwise_options -- language_model.language_backbone.body.model.embeddings.LayerNorm.bias:weight_decay=0.0001
08/07 10:53:57 - mmengine - INFO - paramwise_options -- language_model.language_backbone.body.model.embeddings.LayerNorm.bias:lr_mult=0.1
08/07 10:53:57 - mmengine - INFO - paramwise_options -- language_model.language_backbone.body.model.encoder.layer.0.attention.self.query.weight:lr=1e-05
08/07 10:53:57 - mmengine - INFO - paramwise_options -- language_model.language_backbone.body.model.encoder.layer.0.attention.self.query.weight:weight_decay=0.0001
08/07 10:53:57 - mmengine - INFO - paramwise_options -- language_model.language_backbone.body.model.encoder.layer.0.attention.self.query.weight:lr_mult=0.1
08/07 10:53:57 - mmengine - INFO - paramwise_options -- language_model.language_backbone.body.model.encoder.layer.0.attention.self.query.bias:lr=1e-05
08/07 10:53:57 - mmengine - INFO - paramwise_options -- language_model.language_backbone.body.model.encoder.layer.0.attention.self.query.bias:weight_decay=0.0001
08/07 10:53:57 - mmengine - INFO - paramwise_options -- language_model.language_backbone.body.model.encoder.layer.0.attention.self.query.bias:lr_mult=0.1
08/07 10:53:57 - mmengine - INFO - paramwise_options -- language_model.language_backbone.body.model.encoder.layer.0.attention.self.key.weight:lr=1e-05
08/07 10:53:57 - mmengine - INFO - paramwise_options -- language_model.language_backbone.body.model.encoder.layer.0.attention.self.key.weight:weight_decay=0.0001
08/07 10:53:57 - mmengine - INFO - paramwise_options -- language_model.language_backbone.body.model.encoder.layer.0.attention.self.key.weight:lr_mult=0.1
08/07 10:53:57 - mmengine - INFO - paramwise_options -- language_model.language_backbone.body.model.encoder.layer.0.attention.self.key.bias:lr=1e-05
08/07 10:53:57 - mmengine - INFO - paramwise_options -- language_model.language_backbone.body.model.encoder.layer.0.attention.self.key.bias:weight_decay=0.0001
08/07 10:53:57 - mmengine - INFO - paramwise_options -- language_model.language_backbone.body.model.encoder.layer.0.attention.self.key.bias:lr_mult=0.1
08/07 10:53:57 - mmengine - INFO - paramwise_options -- language_model.language_backbone.body.model.encoder.layer.0.attention.self.value.weight:lr=1e-05
08/07 10:53:57 - mmengine - INFO - paramwise_options -- language_model.language_backbone.body.model.encoder.layer.0.attention.self.value.weight:weight_decay=0.0001
08/07 10:53:57 - mmengine - INFO - paramwise_options -- language_model.language_backbone.body.model.encoder.layer.0.attention.self.value.weight:lr_mult=0.1
08/07 10:53:57 - mmengine - INFO - paramwise_options -- language_model.language_backbone.body.model.encoder.layer.0.attention.self.value.bias:lr=1e-05
08/07 10:53:57 - mmengine - INFO - paramwise_options -- language_model.language_backbone.body.model.encoder.layer.0.attention.self.value.bias:weight_decay=0.0001
08/07 10:53:57 - mmengine - INFO - paramwise_options -- language_model.language_backbone.body.model.encoder.layer.0.attention.self.value.bias:lr_mult=0.1
08/07 10:53:57 - mmengine - INFO - paramwise_options -- language_model.language_backbone.body.model.encoder.layer.0.attention.output.dense.weight:lr=1e-05
08/07 10:53:57 - mmengine - INFO - paramwise_options -- language_model.language_backbone.body.model.encoder.layer.0.attention.output.dense.weight:weight_decay=0.0001
08/07 10:53:57 - mmengine - INFO - paramwise_options -- language_model.language_backbone.body.model.encoder.layer.0.attention.output.dense.weight:lr_mult=0.1
08/07 10:53:57 - mmengine - INFO - paramwise_options -- language_model.language_backbone.body.model.encoder.layer.0.attention.output.dense.bias:lr=1e-05
08/07 10:53:57 - mmengine - INFO - paramwise_options -- language_model.language_backbone.body.model.encoder.layer.0.attention.output.dense.bias:weight_decay=0.0001
08/07 10:53:57 - mmengine - INFO - paramwise_options -- language_model.language_backbone.body.model.encoder.layer.0.attention.output.dense.bias:lr_mult=0.1
08/07 10:53:57 - mmengine - INFO - paramwise_options -- language_model.language_backbone.body.model.encoder.layer.0.attention.output.LayerNorm.weight:lr=1e-05
08/07 10:53:57 - mmengine - INFO - paramwise_options -- language_model.language_backbone.body.model.encoder.layer.0.attention.output.LayerNorm.weight:weight_decay=0.0001
08/07 10:53:57 - mmengine - INFO - paramwise_options -- language_model.language_backbone.body.model.encoder.layer.0.attention.output.LayerNorm.weight:lr_mult=0.1
08/07 10:53:57 - mmengine - INFO - paramwise_options -- language_model.language_backbone.body.model.encoder.layer.0.attention.output.LayerNorm.bias:lr=1e-05
08/07 10:53:57 - mmengine - INFO - paramwise_options -- language_model.language_backbone.body.model.encoder.layer.0.attention.output.LayerNorm.bias:weight_decay=0.0001
08/07 10:53:57 - mmengine - INFO - paramwise_options -- language_model.language_backbone.body.model.encoder.layer.0.attention.output.LayerNorm.bias:lr_mult=0.1
08/07 10:53:57 - mmengine - INFO - paramwise_options -- language_model.language_backbone.body.model.encoder.layer.0.intermediate.dense.weight:lr=1e-05
08/07 10:53:57 - mmengine - INFO - paramwise_options -- language_model.language_backbone.body.model.encoder.layer.0.intermediate.dense.weight:weight_decay=0.0001
08/07 10:53:57 - mmengine - INFO - paramwise_options -- language_model.language_backbone.body.model.encoder.layer.0.intermediate.dense.weight:lr_mult=0.1
08/07 10:53:57 - mmengine - INFO - paramwise_options -- language_model.language_backbone.body.model.encoder.layer.0.intermediate.dense.bias:lr=1e-05
08/07 10:53:57 - mmengine - INFO - paramwise_options -- language_model.language_backbone.body.model.encoder.layer.0.intermediate.dense.bias:weight_decay=0.0001
08/07 10:53:57 - mmengine - INFO - paramwise_options -- language_model.language_backbone.body.model.encoder.layer.0.intermediate.dense.bias:lr_mult=0.1
08/07 10:53:57 - mmengine - INFO - paramwise_options -- language_model.language_backbone.body.model.encoder.layer.0.output.dense.weight:lr=1e-05
08/07 10:53:57 - mmengine - INFO - paramwise_options -- language_model.language_backbone.body.model.encoder.layer.0.output.dense.weight:weight_decay=0.0001
08/07 10:53:57 - mmengine - INFO - paramwise_options -- language_model.language_backbone.body.model.encoder.layer.0.output.dense.weight:lr_mult=0.1
08/07 10:53:57 - mmengine - INFO - paramwise_options -- language_model.language_backbone.body.model.encoder.layer.0.output.dense.bias:lr=1e-05
08/07 10:53:57 - mmengine - INFO - paramwise_options -- language_model.language_backbone.body.model.encoder.layer.0.output.dense.bias:weight_decay=0.0001
08/07 10:53:57 - mmengine - INFO - paramwise_options -- language_model.language_backbone.body.model.encoder.layer.0.output.dense.bias:lr_mult=0.1
08/07 10:53:57 - mmengine - INFO - paramwise_options -- language_model.language_backbone.body.model.encoder.layer.0.output.LayerNorm.weight:lr=1e-05
08/07 10:53:57 - mmengine - INFO - paramwise_options -- language_model.language_backbone.body.model.encoder.layer.0.output.LayerNorm.weight:weight_decay=0.0001
08/07 10:53:57 - mmengine - INFO - paramwise_options -- language_model.language_backbone.body.model.encoder.layer.0.output.LayerNorm.weight:lr_mult=0.1
08/07 10:53:57 - mmengine - INFO - paramwise_options -- language_model.language_backbone.body.model.encoder.layer.0.output.LayerNorm.bias:lr=1e-05
08/07 10:53:57 - mmengine - INFO - paramwise_options -- language_model.language_backbone.body.model.encoder.layer.0.output.LayerNorm.bias:weight_decay=0.0001
08/07 10:53:57 - mmengine - INFO - paramwise_options -- language_model.language_backbone.body.model.encoder.layer.0.output.LayerNorm.bias:lr_mult=0.1
08/07 10:53:57 - mmengine - INFO - paramwise_options -- language_model.language_backbone.body.model.encoder.layer.1.attention.self.query.weight:lr=1e-05
08/07 10:53:57 - mmengine - INFO - paramwise_options -- language_model.language_backbone.body.model.encoder.layer.1.attention.self.query.weight:weight_decay=0.0001
08/07 10:53:57 - mmengine - INFO - paramwise_options -- language_model.language_backbone.body.model.encoder.layer.1.attention.self.query.weight:lr_mult=0.1
08/07 10:53:57 - mmengine - INFO - paramwise_options -- language_model.language_backbone.body.model.encoder.layer.1.attention.self.query.bias:lr=1e-05
08/07 10:53:57 - mmengine - INFO - paramwise_options -- language_model.language_backbone.body.model.encoder.layer.1.attention.self.query.bias:weight_decay=0.0001
08/07 10:53:57 - mmengine - INFO - paramwise_options -- language_model.language_backbone.body.model.encoder.layer.1.attention.self.query.bias:lr_mult=0.1
08/07 10:53:57 - mmengine - INFO - paramwise_options -- language_model.language_backbone.body.model.encoder.layer.1.attention.self.key.weight:lr=1e-05
08/07 10:53:57 - mmengine - INFO - paramwise_options -- language_model.language_backbone.body.model.encoder.layer.1.attention.self.key.weight:weight_decay=0.0001
08/07 10:53:57 - mmengine - INFO - paramwise_options -- language_model.language_backbone.body.model.encoder.layer.1.attention.self.key.weight:lr_mult=0.1
08/07 10:53:57 - mmengine - INFO - paramwise_options -- language_model.language_backbone.body.model.encoder.layer.1.attention.self.key.bias:lr=1e-05
08/07 10:53:57 - mmengine - INFO - paramwise_options -- language_model.language_backbone.body.model.encoder.layer.1.attention.self.key.bias:weight_decay=0.0001
08/07 10:53:57 - mmengine - INFO - paramwise_options -- language_model.language_backbone.body.model.encoder.layer.1.attention.self.key.bias:lr_mult=0.1
08/07 10:53:57 - mmengine - INFO - paramwise_options -- language_model.language_backbone.body.model.encoder.layer.1.attention.self.value.weight:lr=1e-05
08/07 10:53:57 - mmengine - INFO - paramwise_options -- language_model.language_backbone.body.model.encoder.layer.1.attention.self.value.weight:weight_decay=0.0001
08/07 10:53:57 - mmengine - INFO - paramwise_options -- language_model.language_backbone.body.model.encoder.layer.1.attention.self.value.weight:lr_mult=0.1
08/07 10:53:57 - mmengine - INFO - paramwise_options -- language_model.language_backbone.body.model.encoder.layer.1.attention.self.value.bias:lr=1e-05
08/07 10:53:57 - mmengine - INFO - paramwise_options -- language_model.language_backbone.body.model.encoder.layer.1.attention.self.value.bias:weight_decay=0.0001
08/07 10:53:57 - mmengine - INFO - paramwise_options -- language_model.language_backbone.body.model.encoder.layer.1.attention.self.value.bias:lr_mult=0.1
08/07 10:53:57 - mmengine - INFO - paramwise_options -- language_model.language_backbone.body.model.encoder.layer.1.attention.output.dense.weight:lr=1e-05
08/07 10:53:57 - mmengine - INFO - paramwise_options -- language_model.language_backbone.body.model.encoder.layer.1.attention.output.dense.weight:weight_decay=0.0001
08/07 10:53:57 - mmengine - INFO - paramwise_options -- language_model.language_backbone.body.model.encoder.layer.1.attention.output.dense.weight:lr_mult=0.1
08/07 10:53:57 - mmengine - INFO - paramwise_options -- language_model.language_backbone.body.model.encoder.layer.1.attention.output.dense.bias:lr=1e-05
08/07 10:53:57 - mmengine - INFO - paramwise_options -- language_model.language_backbone.body.model.encoder.layer.1.attention.output.dense.bias:weight_decay=0.0001
08/07 10:53:57 - mmengine - INFO - paramwise_options -- language_model.language_backbone.body.model.encoder.layer.1.attention.output.dense.bias:lr_mult=0.1
08/07 10:53:57 - mmengine - INFO - paramwise_options -- language_model.language_backbone.body.model.encoder.layer.1.attention.output.LayerNorm.weight:lr=1e-05
08/07 10:53:57 - mmengine - INFO - paramwise_options -- language_model.language_backbone.body.model.encoder.layer.1.attention.output.LayerNorm.weight:weight_decay=0.0001
08/07 10:53:57 - mmengine - INFO - paramwise_options -- language_model.language_backbone.body.model.encoder.layer.1.attention.output.LayerNorm.weight:lr_mult=0.1
08/07 10:53:57 - mmengine - INFO - paramwise_options -- language_model.language_backbone.body.model.encoder.layer.1.attention.output.LayerNorm.bias:lr=1e-05
08/07 10:53:57 - mmengine - INFO - paramwise_options -- language_model.language_backbone.body.model.encoder.layer.1.attention.output.LayerNorm.bias:weight_decay=0.0001
08/07 10:53:57 - mmengine - INFO - paramwise_options -- language_model.language_backbone.body.model.encoder.layer.1.attention.output.LayerNorm.bias:lr_mult=0.1
08/07 10:53:57 - mmengine - INFO - paramwise_options -- language_model.language_backbone.body.model.encoder.layer.1.intermediate.dense.weight:lr=1e-05
08/07 10:53:57 - mmengine - INFO - paramwise_options -- language_model.language_backbone.body.model.encoder.layer.1.intermediate.dense.weight:weight_decay=0.0001
08/07 10:53:57 - mmengine - INFO - paramwise_options -- language_model.language_backbone.body.model.encoder.layer.1.intermediate.dense.weight:lr_mult=0.1
08/07 10:53:57 - mmengine - INFO - paramwise_options -- language_model.language_backbone.body.model.encoder.layer.1.intermediate.dense.bias:lr=1e-05
08/07 10:53:57 - mmengine - INFO - paramwise_options -- language_model.language_backbone.body.model.encoder.layer.1.intermediate.dense.bias:weight_decay=0.0001
08/07 10:53:57 - mmengine - INFO - paramwise_options -- language_model.language_backbone.body.model.encoder.layer.1.intermediate.dense.bias:lr_mult=0.1
08/07 10:53:57 - mmengine - INFO - paramwise_options -- language_model.language_backbone.body.model.encoder.layer.1.output.dense.weight:lr=1e-05
08/07 10:53:57 - mmengine - INFO - paramwise_options -- language_model.language_backbone.body.model.encoder.layer.1.output.dense.weight:weight_decay=0.0001
08/07 10:53:57 - mmengine - INFO - paramwise_options -- language_model.language_backbone.body.model.encoder.layer.1.output.dense.weight:lr_mult=0.1
08/07 10:53:57 - mmengine - INFO - paramwise_options -- language_model.language_backbone.body.model.encoder.layer.1.output.dense.bias:lr=1e-05
08/07 10:53:57 - mmengine - INFO - paramwise_options -- language_model.language_backbone.body.model.encoder.layer.1.output.dense.bias:weight_decay=0.0001
08/07 10:53:57 - mmengine - INFO - paramwise_options -- language_model.language_backbone.body.model.encoder.layer.1.output.dense.bias:lr_mult=0.1
08/07 10:53:57 - mmengine - INFO - paramwise_options -- language_model.language_backbone.body.model.encoder.layer.1.output.LayerNorm.weight:lr=1e-05
08/07 10:53:57 - mmengine - INFO - paramwise_options -- language_model.language_backbone.body.model.encoder.layer.1.output.LayerNorm.weight:weight_decay=0.0001
08/07 10:53:57 - mmengine - INFO - paramwise_options -- language_model.language_backbone.body.model.encoder.layer.1.output.LayerNorm.weight:lr_mult=0.1
08/07 10:53:57 - mmengine - INFO - paramwise_options -- language_model.language_backbone.body.model.encoder.layer.1.output.LayerNorm.bias:lr=1e-05
08/07 10:53:57 - mmengine - INFO - paramwise_options -- language_model.language_backbone.body.model.encoder.layer.1.output.LayerNorm.bias:weight_decay=0.0001
08/07 10:53:57 - mmengine - INFO - paramwise_options -- language_model.language_backbone.body.model.encoder.layer.1.output.LayerNorm.bias:lr_mult=0.1
08/07 10:53:57 - mmengine - INFO - paramwise_options -- language_model.language_backbone.body.model.encoder.layer.2.attention.self.query.weight:lr=1e-05
08/07 10:53:57 - mmengine - INFO - paramwise_options -- language_model.language_backbone.body.model.encoder.layer.2.attention.self.query.weight:weight_decay=0.0001
08/07 10:53:57 - mmengine - INFO - paramwise_options -- language_model.language_backbone.body.model.encoder.layer.2.attention.self.query.weight:lr_mult=0.1
08/07 10:53:57 - mmengine - INFO - paramwise_options -- language_model.language_backbone.body.model.encoder.layer.2.attention.self.query.bias:lr=1e-05
08/07 10:53:57 - mmengine - INFO - paramwise_options -- language_model.language_backbone.body.model.encoder.layer.2.attention.self.query.bias:weight_decay=0.0001
08/07 10:53:57 - mmengine - INFO - paramwise_options -- language_model.language_backbone.body.model.encoder.layer.2.attention.self.query.bias:lr_mult=0.1
08/07 10:53:57 - mmengine - INFO - paramwise_options -- language_model.language_backbone.body.model.encoder.layer.2.attention.self.key.weight:lr=1e-05
08/07 10:53:57 - mmengine - INFO - paramwise_options -- language_model.language_backbone.body.model.encoder.layer.2.attention.self.key.weight:weight_decay=0.0001
08/07 10:53:57 - mmengine - INFO - paramwise_options -- language_model.language_backbone.body.model.encoder.layer.2.attention.self.key.weight:lr_mult=0.1
08/07 10:53:57 - mmengine - INFO - paramwise_options -- language_model.language_backbone.body.model.encoder.layer.2.attention.self.key.bias:lr=1e-05
08/07 10:53:57 - mmengine - INFO - paramwise_options -- language_model.language_backbone.body.model.encoder.layer.2.attention.self.key.bias:weight_decay=0.0001
08/07 10:53:57 - mmengine - INFO - paramwise_options -- language_model.language_backbone.body.model.encoder.layer.2.attention.self.key.bias:lr_mult=0.1
08/07 10:53:57 - mmengine - INFO - paramwise_options -- language_model.language_backbone.body.model.encoder.layer.2.attention.self.value.weight:lr=1e-05
08/07 10:53:57 - mmengine - INFO - paramwise_options -- language_model.language_backbone.body.model.encoder.layer.2.attention.self.value.weight:weight_decay=0.0001
08/07 10:53:57 - mmengine - INFO - paramwise_options -- language_model.language_backbone.body.model.encoder.layer.2.attention.self.value.weight:lr_mult=0.1
08/07 10:53:57 - mmengine - INFO - paramwise_options -- language_model.language_backbone.body.model.encoder.layer.2.attention.self.value.bias:lr=1e-05
08/07 10:53:57 - mmengine - INFO - paramwise_options -- language_model.language_backbone.body.model.encoder.layer.2.attention.self.value.bias:weight_decay=0.0001
08/07 10:53:57 - mmengine - INFO - paramwise_options -- language_model.language_backbone.body.model.encoder.layer.2.attention.self.value.bias:lr_mult=0.1
08/07 10:53:57 - mmengine - INFO - paramwise_options -- language_model.language_backbone.body.model.encoder.layer.2.attention.output.dense.weight:lr=1e-05
08/07 10:53:57 - mmengine - INFO - paramwise_options -- language_model.language_backbone.body.model.encoder.layer.2.attention.output.dense.weight:weight_decay=0.0001
08/07 10:53:57 - mmengine - INFO - paramwise_options -- language_model.language_backbone.body.model.encoder.layer.2.attention.output.dense.weight:lr_mult=0.1
08/07 10:53:57 - mmengine - INFO - paramwise_options -- language_model.language_backbone.body.model.encoder.layer.2.attention.output.dense.bias:lr=1e-05
08/07 10:53:57 - mmengine - INFO - paramwise_options -- language_model.language_backbone.body.model.encoder.layer.2.attention.output.dense.bias:weight_decay=0.0001
08/07 10:53:57 - mmengine - INFO - paramwise_options -- language_model.language_backbone.body.model.encoder.layer.2.attention.output.dense.bias:lr_mult=0.1
08/07 10:53:57 - mmengine - INFO - paramwise_options -- language_model.language_backbone.body.model.encoder.layer.2.attention.output.LayerNorm.weight:lr=1e-05
08/07 10:53:57 - mmengine - INFO - paramwise_options -- language_model.language_backbone.body.model.encoder.layer.2.attention.output.LayerNorm.weight:weight_decay=0.0001
08/07 10:53:57 - mmengine - INFO - paramwise_options -- language_model.language_backbone.body.model.encoder.layer.2.attention.output.LayerNorm.weight:lr_mult=0.1
08/07 10:53:57 - mmengine - INFO - paramwise_options -- language_model.language_backbone.body.model.encoder.layer.2.attention.output.LayerNorm.bias:lr=1e-05
08/07 10:53:57 - mmengine - INFO - paramwise_options -- language_model.language_backbone.body.model.encoder.layer.2.attention.output.LayerNorm.bias:weight_decay=0.0001
08/07 10:53:57 - mmengine - INFO - paramwise_options -- language_model.language_backbone.body.model.encoder.layer.2.attention.output.LayerNorm.bias:lr_mult=0.1
08/07 10:53:57 - mmengine - INFO - paramwise_options -- language_model.language_backbone.body.model.encoder.layer.2.intermediate.dense.weight:lr=1e-05
08/07 10:53:57 - mmengine - INFO - paramwise_options -- language_model.language_backbone.body.model.encoder.layer.2.intermediate.dense.weight:weight_decay=0.0001
08/07 10:53:57 - mmengine - INFO - paramwise_options -- language_model.language_backbone.body.model.encoder.layer.2.intermediate.dense.weight:lr_mult=0.1
08/07 10:53:57 - mmengine - INFO - paramwise_options -- language_model.language_backbone.body.model.encoder.layer.2.intermediate.dense.bias:lr=1e-05
08/07 10:53:57 - mmengine - INFO - paramwise_options -- language_model.language_backbone.body.model.encoder.layer.2.intermediate.dense.bias:weight_decay=0.0001
08/07 10:53:57 - mmengine - INFO - paramwise_options -- language_model.language_backbone.body.model.encoder.layer.2.intermediate.dense.bias:lr_mult=0.1
08/07 10:53:57 - mmengine - INFO - paramwise_options -- language_model.language_backbone.body.model.encoder.layer.2.output.dense.weight:lr=1e-05
08/07 10:53:57 - mmengine - INFO - paramwise_options -- language_model.language_backbone.body.model.encoder.layer.2.output.dense.weight:weight_decay=0.0001
08/07 10:53:57 - mmengine - INFO - paramwise_options -- language_model.language_backbone.body.model.encoder.layer.2.output.dense.weight:lr_mult=0.1
08/07 10:53:57 - mmengine - INFO - paramwise_options -- language_model.language_backbone.body.model.encoder.layer.2.output.dense.bias:lr=1e-05
08/07 10:53:57 - mmengine - INFO - paramwise_options -- language_model.language_backbone.body.model.encoder.layer.2.output.dense.bias:weight_decay=0.0001
08/07 10:53:57 - mmengine - INFO - paramwise_options -- language_model.language_backbone.body.model.encoder.layer.2.output.dense.bias:lr_mult=0.1
08/07 10:53:57 - mmengine - INFO - paramwise_options -- language_model.language_backbone.body.model.encoder.layer.2.output.LayerNorm.weight:lr=1e-05
08/07 10:53:57 - mmengine - INFO - paramwise_options -- language_model.language_backbone.body.model.encoder.layer.2.output.LayerNorm.weight:weight_decay=0.0001
08/07 10:53:57 - mmengine - INFO - paramwise_options -- language_model.language_backbone.body.model.encoder.layer.2.output.LayerNorm.weight:lr_mult=0.1
08/07 10:53:57 - mmengine - INFO - paramwise_options -- language_model.language_backbone.body.model.encoder.layer.2.output.LayerNorm.bias:lr=1e-05
08/07 10:53:57 - mmengine - INFO - paramwise_options -- language_model.language_backbone.body.model.encoder.layer.2.output.LayerNorm.bias:weight_decay=0.0001
08/07 10:53:57 - mmengine - INFO - paramwise_options -- language_model.language_backbone.body.model.encoder.layer.2.output.LayerNorm.bias:lr_mult=0.1
08/07 10:53:57 - mmengine - INFO - paramwise_options -- language_model.language_backbone.body.model.encoder.layer.3.attention.self.query.weight:lr=1e-05
08/07 10:53:57 - mmengine - INFO - paramwise_options -- language_model.language_backbone.body.model.encoder.layer.3.attention.self.query.weight:weight_decay=0.0001
08/07 10:53:57 - mmengine - INFO - paramwise_options -- language_model.language_backbone.body.model.encoder.layer.3.attention.self.query.weight:lr_mult=0.1
08/07 10:53:57 - mmengine - INFO - paramwise_options -- language_model.language_backbone.body.model.encoder.layer.3.attention.self.query.bias:lr=1e-05
08/07 10:53:57 - mmengine - INFO - paramwise_options -- language_model.language_backbone.body.model.encoder.layer.3.attention.self.query.bias:weight_decay=0.0001
08/07 10:53:57 - mmengine - INFO - paramwise_options -- language_model.language_backbone.body.model.encoder.layer.3.attention.self.query.bias:lr_mult=0.1
08/07 10:53:57 - mmengine - INFO - paramwise_options -- language_model.language_backbone.body.model.encoder.layer.3.attention.self.key.weight:lr=1e-05
08/07 10:53:57 - mmengine - INFO - paramwise_options -- language_model.language_backbone.body.model.encoder.layer.3.attention.self.key.weight:weight_decay=0.0001
08/07 10:53:57 - mmengine - INFO - paramwise_options -- language_model.language_backbone.body.model.encoder.layer.3.attention.self.key.weight:lr_mult=0.1
08/07 10:53:57 - mmengine - INFO - paramwise_options -- language_model.language_backbone.body.model.encoder.layer.3.attention.self.key.bias:lr=1e-05
08/07 10:53:57 - mmengine - INFO - paramwise_options -- language_model.language_backbone.body.model.encoder.layer.3.attention.self.key.bias:weight_decay=0.0001
08/07 10:53:57 - mmengine - INFO - paramwise_options -- language_model.language_backbone.body.model.encoder.layer.3.attention.self.key.bias:lr_mult=0.1
08/07 10:53:57 - mmengine - INFO - paramwise_options -- language_model.language_backbone.body.model.encoder.layer.3.attention.self.value.weight:lr=1e-05
08/07 10:53:57 - mmengine - INFO - paramwise_options -- language_model.language_backbone.body.model.encoder.layer.3.attention.self.value.weight:weight_decay=0.0001
08/07 10:53:57 - mmengine - INFO - paramwise_options -- language_model.language_backbone.body.model.encoder.layer.3.attention.self.value.weight:lr_mult=0.1
08/07 10:53:57 - mmengine - INFO - paramwise_options -- language_model.language_backbone.body.model.encoder.layer.3.attention.self.value.bias:lr=1e-05
08/07 10:53:57 - mmengine - INFO - paramwise_options -- language_model.language_backbone.body.model.encoder.layer.3.attention.self.value.bias:weight_decay=0.0001
08/07 10:53:57 - mmengine - INFO - paramwise_options -- language_model.language_backbone.body.model.encoder.layer.3.attention.self.value.bias:lr_mult=0.1
08/07 10:53:57 - mmengine - INFO - paramwise_options -- language_model.language_backbone.body.model.encoder.layer.3.attention.output.dense.weight:lr=1e-05
08/07 10:53:57 - mmengine - INFO - paramwise_options -- language_model.language_backbone.body.model.encoder.layer.3.attention.output.dense.weight:weight_decay=0.0001
08/07 10:53:57 - mmengine - INFO - paramwise_options -- language_model.language_backbone.body.model.encoder.layer.3.attention.output.dense.weight:lr_mult=0.1
08/07 10:53:57 - mmengine - INFO - paramwise_options -- language_model.language_backbone.body.model.encoder.layer.3.attention.output.dense.bias:lr=1e-05
08/07 10:53:57 - mmengine - INFO - paramwise_options -- language_model.language_backbone.body.model.encoder.layer.3.attention.output.dense.bias:weight_decay=0.0001
08/07 10:53:57 - mmengine - INFO - paramwise_options -- language_model.language_backbone.body.model.encoder.layer.3.attention.output.dense.bias:lr_mult=0.1
08/07 10:53:57 - mmengine - INFO - paramwise_options -- language_model.language_backbone.body.model.encoder.layer.3.attention.output.LayerNorm.weight:lr=1e-05
08/07 10:53:57 - mmengine - INFO - paramwise_options -- language_model.language_backbone.body.model.encoder.layer.3.attention.output.LayerNorm.weight:weight_decay=0.0001
08/07 10:53:57 - mmengine - INFO - paramwise_options -- language_model.language_backbone.body.model.encoder.layer.3.attention.output.LayerNorm.weight:lr_mult=0.1
08/07 10:53:57 - mmengine - INFO - paramwise_options -- language_model.language_backbone.body.model.encoder.layer.3.attention.output.LayerNorm.bias:lr=1e-05
08/07 10:53:57 - mmengine - INFO - paramwise_options -- language_model.language_backbone.body.model.encoder.layer.3.attention.output.LayerNorm.bias:weight_decay=0.0001
08/07 10:53:57 - mmengine - INFO - paramwise_options -- language_model.language_backbone.body.model.encoder.layer.3.attention.output.LayerNorm.bias:lr_mult=0.1
08/07 10:53:57 - mmengine - INFO - paramwise_options -- language_model.language_backbone.body.model.encoder.layer.3.intermediate.dense.weight:lr=1e-05
08/07 10:53:57 - mmengine - INFO - paramwise_options -- language_model.language_backbone.body.model.encoder.layer.3.intermediate.dense.weight:weight_decay=0.0001
08/07 10:53:57 - mmengine - INFO - paramwise_options -- language_model.language_backbone.body.model.encoder.layer.3.intermediate.dense.weight:lr_mult=0.1
08/07 10:53:57 - mmengine - INFO - paramwise_options -- language_model.language_backbone.body.model.encoder.layer.3.intermediate.dense.bias:lr=1e-05
08/07 10:53:57 - mmengine - INFO - paramwise_options -- language_model.language_backbone.body.model.encoder.layer.3.intermediate.dense.bias:weight_decay=0.0001
08/07 10:53:57 - mmengine - INFO - paramwise_options -- language_model.language_backbone.body.model.encoder.layer.3.intermediate.dense.bias:lr_mult=0.1
08/07 10:53:57 - mmengine - INFO - paramwise_options -- language_model.language_backbone.body.model.encoder.layer.3.output.dense.weight:lr=1e-05
08/07 10:53:57 - mmengine - INFO - paramwise_options -- language_model.language_backbone.body.model.encoder.layer.3.output.dense.weight:weight_decay=0.0001
08/07 10:53:57 - mmengine - INFO - paramwise_options -- language_model.language_backbone.body.model.encoder.layer.3.output.dense.weight:lr_mult=0.1
08/07 10:53:57 - mmengine - INFO - paramwise_options -- language_model.language_backbone.body.model.encoder.layer.3.output.dense.bias:lr=1e-05
08/07 10:53:57 - mmengine - INFO - paramwise_options -- language_model.language_backbone.body.model.encoder.layer.3.output.dense.bias:weight_decay=0.0001
08/07 10:53:57 - mmengine - INFO - paramwise_options -- language_model.language_backbone.body.model.encoder.layer.3.output.dense.bias:lr_mult=0.1
08/07 10:53:57 - mmengine - INFO - paramwise_options -- language_model.language_backbone.body.model.encoder.layer.3.output.LayerNorm.weight:lr=1e-05
08/07 10:53:57 - mmengine - INFO - paramwise_options -- language_model.language_backbone.body.model.encoder.layer.3.output.LayerNorm.weight:weight_decay=0.0001
08/07 10:53:57 - mmengine - INFO - paramwise_options -- language_model.language_backbone.body.model.encoder.layer.3.output.LayerNorm.weight:lr_mult=0.1
08/07 10:53:57 - mmengine - INFO - paramwise_options -- language_model.language_backbone.body.model.encoder.layer.3.output.LayerNorm.bias:lr=1e-05
08/07 10:53:57 - mmengine - INFO - paramwise_options -- language_model.language_backbone.body.model.encoder.layer.3.output.LayerNorm.bias:weight_decay=0.0001
08/07 10:53:57 - mmengine - INFO - paramwise_options -- language_model.language_backbone.body.model.encoder.layer.3.output.LayerNorm.bias:lr_mult=0.1
08/07 10:53:57 - mmengine - INFO - paramwise_options -- language_model.language_backbone.body.model.encoder.layer.4.attention.self.query.weight:lr=1e-05
08/07 10:53:57 - mmengine - INFO - paramwise_options -- language_model.language_backbone.body.model.encoder.layer.4.attention.self.query.weight:weight_decay=0.0001
08/07 10:53:57 - mmengine - INFO - paramwise_options -- language_model.language_backbone.body.model.encoder.layer.4.attention.self.query.weight:lr_mult=0.1
08/07 10:53:57 - mmengine - INFO - paramwise_options -- language_model.language_backbone.body.model.encoder.layer.4.attention.self.query.bias:lr=1e-05
08/07 10:53:57 - mmengine - INFO - paramwise_options -- language_model.language_backbone.body.model.encoder.layer.4.attention.self.query.bias:weight_decay=0.0001
08/07 10:53:57 - mmengine - INFO - paramwise_options -- language_model.language_backbone.body.model.encoder.layer.4.attention.self.query.bias:lr_mult=0.1
08/07 10:53:57 - mmengine - INFO - paramwise_options -- language_model.language_backbone.body.model.encoder.layer.4.attention.self.key.weight:lr=1e-05
08/07 10:53:57 - mmengine - INFO - paramwise_options -- language_model.language_backbone.body.model.encoder.layer.4.attention.self.key.weight:weight_decay=0.0001
08/07 10:53:57 - mmengine - INFO - paramwise_options -- language_model.language_backbone.body.model.encoder.layer.4.attention.self.key.weight:lr_mult=0.1
08/07 10:53:57 - mmengine - INFO - paramwise_options -- language_model.language_backbone.body.model.encoder.layer.4.attention.self.key.bias:lr=1e-05
08/07 10:53:57 - mmengine - INFO - paramwise_options -- language_model.language_backbone.body.model.encoder.layer.4.attention.self.key.bias:weight_decay=0.0001
08/07 10:53:57 - mmengine - INFO - paramwise_options -- language_model.language_backbone.body.model.encoder.layer.4.attention.self.key.bias:lr_mult=0.1
08/07 10:53:57 - mmengine - INFO - paramwise_options -- language_model.language_backbone.body.model.encoder.layer.4.attention.self.value.weight:lr=1e-05
08/07 10:53:57 - mmengine - INFO - paramwise_options -- language_model.language_backbone.body.model.encoder.layer.4.attention.self.value.weight:weight_decay=0.0001
08/07 10:53:57 - mmengine - INFO - paramwise_options -- language_model.language_backbone.body.model.encoder.layer.4.attention.self.value.weight:lr_mult=0.1
08/07 10:53:57 - mmengine - INFO - paramwise_options -- language_model.language_backbone.body.model.encoder.layer.4.attention.self.value.bias:lr=1e-05
08/07 10:53:57 - mmengine - INFO - paramwise_options -- language_model.language_backbone.body.model.encoder.layer.4.attention.self.value.bias:weight_decay=0.0001
08/07 10:53:57 - mmengine - INFO - paramwise_options -- language_model.language_backbone.body.model.encoder.layer.4.attention.self.value.bias:lr_mult=0.1
08/07 10:53:57 - mmengine - INFO - paramwise_options -- language_model.language_backbone.body.model.encoder.layer.4.attention.output.dense.weight:lr=1e-05
08/07 10:53:57 - mmengine - INFO - paramwise_options -- language_model.language_backbone.body.model.encoder.layer.4.attention.output.dense.weight:weight_decay=0.0001
08/07 10:53:57 - mmengine - INFO - paramwise_options -- language_model.language_backbone.body.model.encoder.layer.4.attention.output.dense.weight:lr_mult=0.1
08/07 10:53:57 - mmengine - INFO - paramwise_options -- language_model.language_backbone.body.model.encoder.layer.4.attention.output.dense.bias:lr=1e-05
08/07 10:53:57 - mmengine - INFO - paramwise_options -- language_model.language_backbone.body.model.encoder.layer.4.attention.output.dense.bias:weight_decay=0.0001
08/07 10:53:57 - mmengine - INFO - paramwise_options -- language_model.language_backbone.body.model.encoder.layer.4.attention.output.dense.bias:lr_mult=0.1
08/07 10:53:57 - mmengine - INFO - paramwise_options -- language_model.language_backbone.body.model.encoder.layer.4.attention.output.LayerNorm.weight:lr=1e-05
08/07 10:53:57 - mmengine - INFO - paramwise_options -- language_model.language_backbone.body.model.encoder.layer.4.attention.output.LayerNorm.weight:weight_decay=0.0001
08/07 10:53:57 - mmengine - INFO - paramwise_options -- language_model.language_backbone.body.model.encoder.layer.4.attention.output.LayerNorm.weight:lr_mult=0.1
08/07 10:53:57 - mmengine - INFO - paramwise_options -- language_model.language_backbone.body.model.encoder.layer.4.attention.output.LayerNorm.bias:lr=1e-05
08/07 10:53:57 - mmengine - INFO - paramwise_options -- language_model.language_backbone.body.model.encoder.layer.4.attention.output.LayerNorm.bias:weight_decay=0.0001
08/07 10:53:57 - mmengine - INFO - paramwise_options -- language_model.language_backbone.body.model.encoder.layer.4.attention.output.LayerNorm.bias:lr_mult=0.1
08/07 10:53:57 - mmengine - INFO - paramwise_options -- language_model.language_backbone.body.model.encoder.layer.4.intermediate.dense.weight:lr=1e-05
08/07 10:53:57 - mmengine - INFO - paramwise_options -- language_model.language_backbone.body.model.encoder.layer.4.intermediate.dense.weight:weight_decay=0.0001
08/07 10:53:57 - mmengine - INFO - paramwise_options -- language_model.language_backbone.body.model.encoder.layer.4.intermediate.dense.weight:lr_mult=0.1
08/07 10:53:57 - mmengine - INFO - paramwise_options -- language_model.language_backbone.body.model.encoder.layer.4.intermediate.dense.bias:lr=1e-05
08/07 10:53:57 - mmengine - INFO - paramwise_options -- language_model.language_backbone.body.model.encoder.layer.4.intermediate.dense.bias:weight_decay=0.0001
08/07 10:53:57 - mmengine - INFO - paramwise_options -- language_model.language_backbone.body.model.encoder.layer.4.intermediate.dense.bias:lr_mult=0.1
08/07 10:53:57 - mmengine - INFO - paramwise_options -- language_model.language_backbone.body.model.encoder.layer.4.output.dense.weight:lr=1e-05
08/07 10:53:57 - mmengine - INFO - paramwise_options -- language_model.language_backbone.body.model.encoder.layer.4.output.dense.weight:weight_decay=0.0001
08/07 10:53:57 - mmengine - INFO - paramwise_options -- language_model.language_backbone.body.model.encoder.layer.4.output.dense.weight:lr_mult=0.1
08/07 10:53:57 - mmengine - INFO - paramwise_options -- language_model.language_backbone.body.model.encoder.layer.4.output.dense.bias:lr=1e-05
08/07 10:53:57 - mmengine - INFO - paramwise_options -- language_model.language_backbone.body.model.encoder.layer.4.output.dense.bias:weight_decay=0.0001
08/07 10:53:57 - mmengine - INFO - paramwise_options -- language_model.language_backbone.body.model.encoder.layer.4.output.dense.bias:lr_mult=0.1
08/07 10:53:57 - mmengine - INFO - paramwise_options -- language_model.language_backbone.body.model.encoder.layer.4.output.LayerNorm.weight:lr=1e-05
08/07 10:53:57 - mmengine - INFO - paramwise_options -- language_model.language_backbone.body.model.encoder.layer.4.output.LayerNorm.weight:weight_decay=0.0001
08/07 10:53:57 - mmengine - INFO - paramwise_options -- language_model.language_backbone.body.model.encoder.layer.4.output.LayerNorm.weight:lr_mult=0.1
08/07 10:53:57 - mmengine - INFO - paramwise_options -- language_model.language_backbone.body.model.encoder.layer.4.output.LayerNorm.bias:lr=1e-05
08/07 10:53:57 - mmengine - INFO - paramwise_options -- language_model.language_backbone.body.model.encoder.layer.4.output.LayerNorm.bias:weight_decay=0.0001
08/07 10:53:57 - mmengine - INFO - paramwise_options -- language_model.language_backbone.body.model.encoder.layer.4.output.LayerNorm.bias:lr_mult=0.1
08/07 10:53:57 - mmengine - INFO - paramwise_options -- language_model.language_backbone.body.model.encoder.layer.5.attention.self.query.weight:lr=1e-05
08/07 10:53:57 - mmengine - INFO - paramwise_options -- language_model.language_backbone.body.model.encoder.layer.5.attention.self.query.weight:weight_decay=0.0001
08/07 10:53:57 - mmengine - INFO - paramwise_options -- language_model.language_backbone.body.model.encoder.layer.5.attention.self.query.weight:lr_mult=0.1
08/07 10:53:57 - mmengine - INFO - paramwise_options -- language_model.language_backbone.body.model.encoder.layer.5.attention.self.query.bias:lr=1e-05
08/07 10:53:57 - mmengine - INFO - paramwise_options -- language_model.language_backbone.body.model.encoder.layer.5.attention.self.query.bias:weight_decay=0.0001
08/07 10:53:57 - mmengine - INFO - paramwise_options -- language_model.language_backbone.body.model.encoder.layer.5.attention.self.query.bias:lr_mult=0.1
08/07 10:53:57 - mmengine - INFO - paramwise_options -- language_model.language_backbone.body.model.encoder.layer.5.attention.self.key.weight:lr=1e-05
08/07 10:53:57 - mmengine - INFO - paramwise_options -- language_model.language_backbone.body.model.encoder.layer.5.attention.self.key.weight:weight_decay=0.0001
08/07 10:53:57 - mmengine - INFO - paramwise_options -- language_model.language_backbone.body.model.encoder.layer.5.attention.self.key.weight:lr_mult=0.1
08/07 10:53:57 - mmengine - INFO - paramwise_options -- language_model.language_backbone.body.model.encoder.layer.5.attention.self.key.bias:lr=1e-05
08/07 10:53:57 - mmengine - INFO - paramwise_options -- language_model.language_backbone.body.model.encoder.layer.5.attention.self.key.bias:weight_decay=0.0001
08/07 10:53:57 - mmengine - INFO - paramwise_options -- language_model.language_backbone.body.model.encoder.layer.5.attention.self.key.bias:lr_mult=0.1
08/07 10:53:57 - mmengine - INFO - paramwise_options -- language_model.language_backbone.body.model.encoder.layer.5.attention.self.value.weight:lr=1e-05
08/07 10:53:57 - mmengine - INFO - paramwise_options -- language_model.language_backbone.body.model.encoder.layer.5.attention.self.value.weight:weight_decay=0.0001
08/07 10:53:57 - mmengine - INFO - paramwise_options -- language_model.language_backbone.body.model.encoder.layer.5.attention.self.value.weight:lr_mult=0.1
08/07 10:53:57 - mmengine - INFO - paramwise_options -- language_model.language_backbone.body.model.encoder.layer.5.attention.self.value.bias:lr=1e-05
08/07 10:53:57 - mmengine - INFO - paramwise_options -- language_model.language_backbone.body.model.encoder.layer.5.attention.self.value.bias:weight_decay=0.0001
08/07 10:53:57 - mmengine - INFO - paramwise_options -- language_model.language_backbone.body.model.encoder.layer.5.attention.self.value.bias:lr_mult=0.1
08/07 10:53:57 - mmengine - INFO - paramwise_options -- language_model.language_backbone.body.model.encoder.layer.5.attention.output.dense.weight:lr=1e-05
08/07 10:53:57 - mmengine - INFO - paramwise_options -- language_model.language_backbone.body.model.encoder.layer.5.attention.output.dense.weight:weight_decay=0.0001
08/07 10:53:57 - mmengine - INFO - paramwise_options -- language_model.language_backbone.body.model.encoder.layer.5.attention.output.dense.weight:lr_mult=0.1
08/07 10:53:57 - mmengine - INFO - paramwise_options -- language_model.language_backbone.body.model.encoder.layer.5.attention.output.dense.bias:lr=1e-05
08/07 10:53:57 - mmengine - INFO - paramwise_options -- language_model.language_backbone.body.model.encoder.layer.5.attention.output.dense.bias:weight_decay=0.0001
08/07 10:53:57 - mmengine - INFO - paramwise_options -- language_model.language_backbone.body.model.encoder.layer.5.attention.output.dense.bias:lr_mult=0.1
08/07 10:53:57 - mmengine - INFO - paramwise_options -- language_model.language_backbone.body.model.encoder.layer.5.attention.output.LayerNorm.weight:lr=1e-05
08/07 10:53:57 - mmengine - INFO - paramwise_options -- language_model.language_backbone.body.model.encoder.layer.5.attention.output.LayerNorm.weight:weight_decay=0.0001
08/07 10:53:57 - mmengine - INFO - paramwise_options -- language_model.language_backbone.body.model.encoder.layer.5.attention.output.LayerNorm.weight:lr_mult=0.1
08/07 10:53:57 - mmengine - INFO - paramwise_options -- language_model.language_backbone.body.model.encoder.layer.5.attention.output.LayerNorm.bias:lr=1e-05
08/07 10:53:57 - mmengine - INFO - paramwise_options -- language_model.language_backbone.body.model.encoder.layer.5.attention.output.LayerNorm.bias:weight_decay=0.0001
08/07 10:53:57 - mmengine - INFO - paramwise_options -- language_model.language_backbone.body.model.encoder.layer.5.attention.output.LayerNorm.bias:lr_mult=0.1
08/07 10:53:57 - mmengine - INFO - paramwise_options -- language_model.language_backbone.body.model.encoder.layer.5.intermediate.dense.weight:lr=1e-05
08/07 10:53:57 - mmengine - INFO - paramwise_options -- language_model.language_backbone.body.model.encoder.layer.5.intermediate.dense.weight:weight_decay=0.0001
08/07 10:53:57 - mmengine - INFO - paramwise_options -- language_model.language_backbone.body.model.encoder.layer.5.intermediate.dense.weight:lr_mult=0.1
08/07 10:53:57 - mmengine - INFO - paramwise_options -- language_model.language_backbone.body.model.encoder.layer.5.intermediate.dense.bias:lr=1e-05
08/07 10:53:57 - mmengine - INFO - paramwise_options -- language_model.language_backbone.body.model.encoder.layer.5.intermediate.dense.bias:weight_decay=0.0001
08/07 10:53:57 - mmengine - INFO - paramwise_options -- language_model.language_backbone.body.model.encoder.layer.5.intermediate.dense.bias:lr_mult=0.1
08/07 10:53:57 - mmengine - INFO - paramwise_options -- language_model.language_backbone.body.model.encoder.layer.5.output.dense.weight:lr=1e-05
08/07 10:53:57 - mmengine - INFO - paramwise_options -- language_model.language_backbone.body.model.encoder.layer.5.output.dense.weight:weight_decay=0.0001
08/07 10:53:57 - mmengine - INFO - paramwise_options -- language_model.language_backbone.body.model.encoder.layer.5.output.dense.weight:lr_mult=0.1
08/07 10:53:57 - mmengine - INFO - paramwise_options -- language_model.language_backbone.body.model.encoder.layer.5.output.dense.bias:lr=1e-05
08/07 10:53:57 - mmengine - INFO - paramwise_options -- language_model.language_backbone.body.model.encoder.layer.5.output.dense.bias:weight_decay=0.0001
08/07 10:53:57 - mmengine - INFO - paramwise_options -- language_model.language_backbone.body.model.encoder.layer.5.output.dense.bias:lr_mult=0.1
08/07 10:53:57 - mmengine - INFO - paramwise_options -- language_model.language_backbone.body.model.encoder.layer.5.output.LayerNorm.weight:lr=1e-05
08/07 10:53:57 - mmengine - INFO - paramwise_options -- language_model.language_backbone.body.model.encoder.layer.5.output.LayerNorm.weight:weight_decay=0.0001
08/07 10:53:57 - mmengine - INFO - paramwise_options -- language_model.language_backbone.body.model.encoder.layer.5.output.LayerNorm.weight:lr_mult=0.1
08/07 10:53:57 - mmengine - INFO - paramwise_options -- language_model.language_backbone.body.model.encoder.layer.5.output.LayerNorm.bias:lr=1e-05
08/07 10:53:57 - mmengine - INFO - paramwise_options -- language_model.language_backbone.body.model.encoder.layer.5.output.LayerNorm.bias:weight_decay=0.0001
08/07 10:53:57 - mmengine - INFO - paramwise_options -- language_model.language_backbone.body.model.encoder.layer.5.output.LayerNorm.bias:lr_mult=0.1
08/07 10:53:57 - mmengine - INFO - paramwise_options -- language_model.language_backbone.body.model.encoder.layer.6.attention.self.query.weight:lr=1e-05
08/07 10:53:57 - mmengine - INFO - paramwise_options -- language_model.language_backbone.body.model.encoder.layer.6.attention.self.query.weight:weight_decay=0.0001
08/07 10:53:57 - mmengine - INFO - paramwise_options -- language_model.language_backbone.body.model.encoder.layer.6.attention.self.query.weight:lr_mult=0.1
08/07 10:53:57 - mmengine - INFO - paramwise_options -- language_model.language_backbone.body.model.encoder.layer.6.attention.self.query.bias:lr=1e-05
08/07 10:53:57 - mmengine - INFO - paramwise_options -- language_model.language_backbone.body.model.encoder.layer.6.attention.self.query.bias:weight_decay=0.0001
08/07 10:53:57 - mmengine - INFO - paramwise_options -- language_model.language_backbone.body.model.encoder.layer.6.attention.self.query.bias:lr_mult=0.1
08/07 10:53:57 - mmengine - INFO - paramwise_options -- language_model.language_backbone.body.model.encoder.layer.6.attention.self.key.weight:lr=1e-05
08/07 10:53:57 - mmengine - INFO - paramwise_options -- language_model.language_backbone.body.model.encoder.layer.6.attention.self.key.weight:weight_decay=0.0001
08/07 10:53:57 - mmengine - INFO - paramwise_options -- language_model.language_backbone.body.model.encoder.layer.6.attention.self.key.weight:lr_mult=0.1
08/07 10:53:57 - mmengine - INFO - paramwise_options -- language_model.language_backbone.body.model.encoder.layer.6.attention.self.key.bias:lr=1e-05
08/07 10:53:57 - mmengine - INFO - paramwise_options -- language_model.language_backbone.body.model.encoder.layer.6.attention.self.key.bias:weight_decay=0.0001
08/07 10:53:57 - mmengine - INFO - paramwise_options -- language_model.language_backbone.body.model.encoder.layer.6.attention.self.key.bias:lr_mult=0.1
08/07 10:53:57 - mmengine - INFO - paramwise_options -- language_model.language_backbone.body.model.encoder.layer.6.attention.self.value.weight:lr=1e-05
08/07 10:53:57 - mmengine - INFO - paramwise_options -- language_model.language_backbone.body.model.encoder.layer.6.attention.self.value.weight:weight_decay=0.0001
08/07 10:53:57 - mmengine - INFO - paramwise_options -- language_model.language_backbone.body.model.encoder.layer.6.attention.self.value.weight:lr_mult=0.1
08/07 10:53:57 - mmengine - INFO - paramwise_options -- language_model.language_backbone.body.model.encoder.layer.6.attention.self.value.bias:lr=1e-05
08/07 10:53:57 - mmengine - INFO - paramwise_options -- language_model.language_backbone.body.model.encoder.layer.6.attention.self.value.bias:weight_decay=0.0001
08/07 10:53:57 - mmengine - INFO - paramwise_options -- language_model.language_backbone.body.model.encoder.layer.6.attention.self.value.bias:lr_mult=0.1
08/07 10:53:57 - mmengine - INFO - paramwise_options -- language_model.language_backbone.body.model.encoder.layer.6.attention.output.dense.weight:lr=1e-05
08/07 10:53:57 - mmengine - INFO - paramwise_options -- language_model.language_backbone.body.model.encoder.layer.6.attention.output.dense.weight:weight_decay=0.0001
08/07 10:53:57 - mmengine - INFO - paramwise_options -- language_model.language_backbone.body.model.encoder.layer.6.attention.output.dense.weight:lr_mult=0.1
08/07 10:53:57 - mmengine - INFO - paramwise_options -- language_model.language_backbone.body.model.encoder.layer.6.attention.output.dense.bias:lr=1e-05
08/07 10:53:57 - mmengine - INFO - paramwise_options -- language_model.language_backbone.body.model.encoder.layer.6.attention.output.dense.bias:weight_decay=0.0001
08/07 10:53:57 - mmengine - INFO - paramwise_options -- language_model.language_backbone.body.model.encoder.layer.6.attention.output.dense.bias:lr_mult=0.1
08/07 10:53:57 - mmengine - INFO - paramwise_options -- language_model.language_backbone.body.model.encoder.layer.6.attention.output.LayerNorm.weight:lr=1e-05
08/07 10:53:57 - mmengine - INFO - paramwise_options -- language_model.language_backbone.body.model.encoder.layer.6.attention.output.LayerNorm.weight:weight_decay=0.0001
08/07 10:53:57 - mmengine - INFO - paramwise_options -- language_model.language_backbone.body.model.encoder.layer.6.attention.output.LayerNorm.weight:lr_mult=0.1
08/07 10:53:57 - mmengine - INFO - paramwise_options -- language_model.language_backbone.body.model.encoder.layer.6.attention.output.LayerNorm.bias:lr=1e-05
08/07 10:53:57 - mmengine - INFO - paramwise_options -- language_model.language_backbone.body.model.encoder.layer.6.attention.output.LayerNorm.bias:weight_decay=0.0001
08/07 10:53:57 - mmengine - INFO - paramwise_options -- language_model.language_backbone.body.model.encoder.layer.6.attention.output.LayerNorm.bias:lr_mult=0.1
08/07 10:53:57 - mmengine - INFO - paramwise_options -- language_model.language_backbone.body.model.encoder.layer.6.intermediate.dense.weight:lr=1e-05
08/07 10:53:57 - mmengine - INFO - paramwise_options -- language_model.language_backbone.body.model.encoder.layer.6.intermediate.dense.weight:weight_decay=0.0001
08/07 10:53:57 - mmengine - INFO - paramwise_options -- language_model.language_backbone.body.model.encoder.layer.6.intermediate.dense.weight:lr_mult=0.1
08/07 10:53:57 - mmengine - INFO - paramwise_options -- language_model.language_backbone.body.model.encoder.layer.6.intermediate.dense.bias:lr=1e-05
08/07 10:53:57 - mmengine - INFO - paramwise_options -- language_model.language_backbone.body.model.encoder.layer.6.intermediate.dense.bias:weight_decay=0.0001
08/07 10:53:57 - mmengine - INFO - paramwise_options -- language_model.language_backbone.body.model.encoder.layer.6.intermediate.dense.bias:lr_mult=0.1
08/07 10:53:57 - mmengine - INFO - paramwise_options -- language_model.language_backbone.body.model.encoder.layer.6.output.dense.weight:lr=1e-05
08/07 10:53:57 - mmengine - INFO - paramwise_options -- language_model.language_backbone.body.model.encoder.layer.6.output.dense.weight:weight_decay=0.0001
08/07 10:53:57 - mmengine - INFO - paramwise_options -- language_model.language_backbone.body.model.encoder.layer.6.output.dense.weight:lr_mult=0.1
08/07 10:53:57 - mmengine - INFO - paramwise_options -- language_model.language_backbone.body.model.encoder.layer.6.output.dense.bias:lr=1e-05
08/07 10:53:57 - mmengine - INFO - paramwise_options -- language_model.language_backbone.body.model.encoder.layer.6.output.dense.bias:weight_decay=0.0001
08/07 10:53:57 - mmengine - INFO - paramwise_options -- language_model.language_backbone.body.model.encoder.layer.6.output.dense.bias:lr_mult=0.1
08/07 10:53:57 - mmengine - INFO - paramwise_options -- language_model.language_backbone.body.model.encoder.layer.6.output.LayerNorm.weight:lr=1e-05
08/07 10:53:57 - mmengine - INFO - paramwise_options -- language_model.language_backbone.body.model.encoder.layer.6.output.LayerNorm.weight:weight_decay=0.0001
08/07 10:53:57 - mmengine - INFO - paramwise_options -- language_model.language_backbone.body.model.encoder.layer.6.output.LayerNorm.weight:lr_mult=0.1
08/07 10:53:57 - mmengine - INFO - paramwise_options -- language_model.language_backbone.body.model.encoder.layer.6.output.LayerNorm.bias:lr=1e-05
08/07 10:53:57 - mmengine - INFO - paramwise_options -- language_model.language_backbone.body.model.encoder.layer.6.output.LayerNorm.bias:weight_decay=0.0001
08/07 10:53:57 - mmengine - INFO - paramwise_options -- language_model.language_backbone.body.model.encoder.layer.6.output.LayerNorm.bias:lr_mult=0.1
08/07 10:53:57 - mmengine - INFO - paramwise_options -- language_model.language_backbone.body.model.encoder.layer.7.attention.self.query.weight:lr=1e-05
08/07 10:53:57 - mmengine - INFO - paramwise_options -- language_model.language_backbone.body.model.encoder.layer.7.attention.self.query.weight:weight_decay=0.0001
08/07 10:53:57 - mmengine - INFO - paramwise_options -- language_model.language_backbone.body.model.encoder.layer.7.attention.self.query.weight:lr_mult=0.1
08/07 10:53:57 - mmengine - INFO - paramwise_options -- language_model.language_backbone.body.model.encoder.layer.7.attention.self.query.bias:lr=1e-05
08/07 10:53:57 - mmengine - INFO - paramwise_options -- language_model.language_backbone.body.model.encoder.layer.7.attention.self.query.bias:weight_decay=0.0001
08/07 10:53:57 - mmengine - INFO - paramwise_options -- language_model.language_backbone.body.model.encoder.layer.7.attention.self.query.bias:lr_mult=0.1
08/07 10:53:57 - mmengine - INFO - paramwise_options -- language_model.language_backbone.body.model.encoder.layer.7.attention.self.key.weight:lr=1e-05
08/07 10:53:57 - mmengine - INFO - paramwise_options -- language_model.language_backbone.body.model.encoder.layer.7.attention.self.key.weight:weight_decay=0.0001
08/07 10:53:57 - mmengine - INFO - paramwise_options -- language_model.language_backbone.body.model.encoder.layer.7.attention.self.key.weight:lr_mult=0.1
08/07 10:53:57 - mmengine - INFO - paramwise_options -- language_model.language_backbone.body.model.encoder.layer.7.attention.self.key.bias:lr=1e-05
08/07 10:53:57 - mmengine - INFO - paramwise_options -- language_model.language_backbone.body.model.encoder.layer.7.attention.self.key.bias:weight_decay=0.0001
08/07 10:53:57 - mmengine - INFO - paramwise_options -- language_model.language_backbone.body.model.encoder.layer.7.attention.self.key.bias:lr_mult=0.1
08/07 10:53:57 - mmengine - INFO - paramwise_options -- language_model.language_backbone.body.model.encoder.layer.7.attention.self.value.weight:lr=1e-05
08/07 10:53:57 - mmengine - INFO - paramwise_options -- language_model.language_backbone.body.model.encoder.layer.7.attention.self.value.weight:weight_decay=0.0001
08/07 10:53:57 - mmengine - INFO - paramwise_options -- language_model.language_backbone.body.model.encoder.layer.7.attention.self.value.weight:lr_mult=0.1
08/07 10:53:57 - mmengine - INFO - paramwise_options -- language_model.language_backbone.body.model.encoder.layer.7.attention.self.value.bias:lr=1e-05
08/07 10:53:57 - mmengine - INFO - paramwise_options -- language_model.language_backbone.body.model.encoder.layer.7.attention.self.value.bias:weight_decay=0.0001
08/07 10:53:57 - mmengine - INFO - paramwise_options -- language_model.language_backbone.body.model.encoder.layer.7.attention.self.value.bias:lr_mult=0.1
08/07 10:53:57 - mmengine - INFO - paramwise_options -- language_model.language_backbone.body.model.encoder.layer.7.attention.output.dense.weight:lr=1e-05
08/07 10:53:57 - mmengine - INFO - paramwise_options -- language_model.language_backbone.body.model.encoder.layer.7.attention.output.dense.weight:weight_decay=0.0001
08/07 10:53:57 - mmengine - INFO - paramwise_options -- language_model.language_backbone.body.model.encoder.layer.7.attention.output.dense.weight:lr_mult=0.1
08/07 10:53:57 - mmengine - INFO - paramwise_options -- language_model.language_backbone.body.model.encoder.layer.7.attention.output.dense.bias:lr=1e-05
08/07 10:53:57 - mmengine - INFO - paramwise_options -- language_model.language_backbone.body.model.encoder.layer.7.attention.output.dense.bias:weight_decay=0.0001
08/07 10:53:57 - mmengine - INFO - paramwise_options -- language_model.language_backbone.body.model.encoder.layer.7.attention.output.dense.bias:lr_mult=0.1
08/07 10:53:57 - mmengine - INFO - paramwise_options -- language_model.language_backbone.body.model.encoder.layer.7.attention.output.LayerNorm.weight:lr=1e-05
08/07 10:53:57 - mmengine - INFO - paramwise_options -- language_model.language_backbone.body.model.encoder.layer.7.attention.output.LayerNorm.weight:weight_decay=0.0001
08/07 10:53:57 - mmengine - INFO - paramwise_options -- language_model.language_backbone.body.model.encoder.layer.7.attention.output.LayerNorm.weight:lr_mult=0.1
08/07 10:53:57 - mmengine - INFO - paramwise_options -- language_model.language_backbone.body.model.encoder.layer.7.attention.output.LayerNorm.bias:lr=1e-05
08/07 10:53:57 - mmengine - INFO - paramwise_options -- language_model.language_backbone.body.model.encoder.layer.7.attention.output.LayerNorm.bias:weight_decay=0.0001
08/07 10:53:57 - mmengine - INFO - paramwise_options -- language_model.language_backbone.body.model.encoder.layer.7.attention.output.LayerNorm.bias:lr_mult=0.1
08/07 10:53:57 - mmengine - INFO - paramwise_options -- language_model.language_backbone.body.model.encoder.layer.7.intermediate.dense.weight:lr=1e-05
08/07 10:53:57 - mmengine - INFO - paramwise_options -- language_model.language_backbone.body.model.encoder.layer.7.intermediate.dense.weight:weight_decay=0.0001
08/07 10:53:57 - mmengine - INFO - paramwise_options -- language_model.language_backbone.body.model.encoder.layer.7.intermediate.dense.weight:lr_mult=0.1
08/07 10:53:57 - mmengine - INFO - paramwise_options -- language_model.language_backbone.body.model.encoder.layer.7.intermediate.dense.bias:lr=1e-05
08/07 10:53:57 - mmengine - INFO - paramwise_options -- language_model.language_backbone.body.model.encoder.layer.7.intermediate.dense.bias:weight_decay=0.0001
08/07 10:53:57 - mmengine - INFO - paramwise_options -- language_model.language_backbone.body.model.encoder.layer.7.intermediate.dense.bias:lr_mult=0.1
08/07 10:53:57 - mmengine - INFO - paramwise_options -- language_model.language_backbone.body.model.encoder.layer.7.output.dense.weight:lr=1e-05
08/07 10:53:57 - mmengine - INFO - paramwise_options -- language_model.language_backbone.body.model.encoder.layer.7.output.dense.weight:weight_decay=0.0001
08/07 10:53:57 - mmengine - INFO - paramwise_options -- language_model.language_backbone.body.model.encoder.layer.7.output.dense.weight:lr_mult=0.1
08/07 10:53:57 - mmengine - INFO - paramwise_options -- language_model.language_backbone.body.model.encoder.layer.7.output.dense.bias:lr=1e-05
08/07 10:53:57 - mmengine - INFO - paramwise_options -- language_model.language_backbone.body.model.encoder.layer.7.output.dense.bias:weight_decay=0.0001
08/07 10:53:57 - mmengine - INFO - paramwise_options -- language_model.language_backbone.body.model.encoder.layer.7.output.dense.bias:lr_mult=0.1
08/07 10:53:57 - mmengine - INFO - paramwise_options -- language_model.language_backbone.body.model.encoder.layer.7.output.LayerNorm.weight:lr=1e-05
08/07 10:53:57 - mmengine - INFO - paramwise_options -- language_model.language_backbone.body.model.encoder.layer.7.output.LayerNorm.weight:weight_decay=0.0001
08/07 10:53:57 - mmengine - INFO - paramwise_options -- language_model.language_backbone.body.model.encoder.layer.7.output.LayerNorm.weight:lr_mult=0.1
08/07 10:53:57 - mmengine - INFO - paramwise_options -- language_model.language_backbone.body.model.encoder.layer.7.output.LayerNorm.bias:lr=1e-05
08/07 10:53:57 - mmengine - INFO - paramwise_options -- language_model.language_backbone.body.model.encoder.layer.7.output.LayerNorm.bias:weight_decay=0.0001
08/07 10:53:57 - mmengine - INFO - paramwise_options -- language_model.language_backbone.body.model.encoder.layer.7.output.LayerNorm.bias:lr_mult=0.1
08/07 10:53:57 - mmengine - INFO - paramwise_options -- language_model.language_backbone.body.model.encoder.layer.8.attention.self.query.weight:lr=1e-05
08/07 10:53:57 - mmengine - INFO - paramwise_options -- language_model.language_backbone.body.model.encoder.layer.8.attention.self.query.weight:weight_decay=0.0001
08/07 10:53:57 - mmengine - INFO - paramwise_options -- language_model.language_backbone.body.model.encoder.layer.8.attention.self.query.weight:lr_mult=0.1
08/07 10:53:57 - mmengine - INFO - paramwise_options -- language_model.language_backbone.body.model.encoder.layer.8.attention.self.query.bias:lr=1e-05
08/07 10:53:57 - mmengine - INFO - paramwise_options -- language_model.language_backbone.body.model.encoder.layer.8.attention.self.query.bias:weight_decay=0.0001
08/07 10:53:57 - mmengine - INFO - paramwise_options -- language_model.language_backbone.body.model.encoder.layer.8.attention.self.query.bias:lr_mult=0.1
08/07 10:53:57 - mmengine - INFO - paramwise_options -- language_model.language_backbone.body.model.encoder.layer.8.attention.self.key.weight:lr=1e-05
08/07 10:53:57 - mmengine - INFO - paramwise_options -- language_model.language_backbone.body.model.encoder.layer.8.attention.self.key.weight:weight_decay=0.0001
08/07 10:53:57 - mmengine - INFO - paramwise_options -- language_model.language_backbone.body.model.encoder.layer.8.attention.self.key.weight:lr_mult=0.1
08/07 10:53:57 - mmengine - INFO - paramwise_options -- language_model.language_backbone.body.model.encoder.layer.8.attention.self.key.bias:lr=1e-05
08/07 10:53:57 - mmengine - INFO - paramwise_options -- language_model.language_backbone.body.model.encoder.layer.8.attention.self.key.bias:weight_decay=0.0001
08/07 10:53:57 - mmengine - INFO - paramwise_options -- language_model.language_backbone.body.model.encoder.layer.8.attention.self.key.bias:lr_mult=0.1
08/07 10:53:57 - mmengine - INFO - paramwise_options -- language_model.language_backbone.body.model.encoder.layer.8.attention.self.value.weight:lr=1e-05
08/07 10:53:57 - mmengine - INFO - paramwise_options -- language_model.language_backbone.body.model.encoder.layer.8.attention.self.value.weight:weight_decay=0.0001
08/07 10:53:57 - mmengine - INFO - paramwise_options -- language_model.language_backbone.body.model.encoder.layer.8.attention.self.value.weight:lr_mult=0.1
08/07 10:53:57 - mmengine - INFO - paramwise_options -- language_model.language_backbone.body.model.encoder.layer.8.attention.self.value.bias:lr=1e-05
08/07 10:53:57 - mmengine - INFO - paramwise_options -- language_model.language_backbone.body.model.encoder.layer.8.attention.self.value.bias:weight_decay=0.0001
08/07 10:53:57 - mmengine - INFO - paramwise_options -- language_model.language_backbone.body.model.encoder.layer.8.attention.self.value.bias:lr_mult=0.1
08/07 10:53:57 - mmengine - INFO - paramwise_options -- language_model.language_backbone.body.model.encoder.layer.8.attention.output.dense.weight:lr=1e-05
08/07 10:53:57 - mmengine - INFO - paramwise_options -- language_model.language_backbone.body.model.encoder.layer.8.attention.output.dense.weight:weight_decay=0.0001
08/07 10:53:57 - mmengine - INFO - paramwise_options -- language_model.language_backbone.body.model.encoder.layer.8.attention.output.dense.weight:lr_mult=0.1
08/07 10:53:57 - mmengine - INFO - paramwise_options -- language_model.language_backbone.body.model.encoder.layer.8.attention.output.dense.bias:lr=1e-05
08/07 10:53:57 - mmengine - INFO - paramwise_options -- language_model.language_backbone.body.model.encoder.layer.8.attention.output.dense.bias:weight_decay=0.0001
08/07 10:53:57 - mmengine - INFO - paramwise_options -- language_model.language_backbone.body.model.encoder.layer.8.attention.output.dense.bias:lr_mult=0.1
08/07 10:53:57 - mmengine - INFO - paramwise_options -- language_model.language_backbone.body.model.encoder.layer.8.attention.output.LayerNorm.weight:lr=1e-05
08/07 10:53:57 - mmengine - INFO - paramwise_options -- language_model.language_backbone.body.model.encoder.layer.8.attention.output.LayerNorm.weight:weight_decay=0.0001
08/07 10:53:57 - mmengine - INFO - paramwise_options -- language_model.language_backbone.body.model.encoder.layer.8.attention.output.LayerNorm.weight:lr_mult=0.1
08/07 10:53:57 - mmengine - INFO - paramwise_options -- language_model.language_backbone.body.model.encoder.layer.8.attention.output.LayerNorm.bias:lr=1e-05
08/07 10:53:57 - mmengine - INFO - paramwise_options -- language_model.language_backbone.body.model.encoder.layer.8.attention.output.LayerNorm.bias:weight_decay=0.0001
08/07 10:53:57 - mmengine - INFO - paramwise_options -- language_model.language_backbone.body.model.encoder.layer.8.attention.output.LayerNorm.bias:lr_mult=0.1
08/07 10:53:57 - mmengine - INFO - paramwise_options -- language_model.language_backbone.body.model.encoder.layer.8.intermediate.dense.weight:lr=1e-05
08/07 10:53:57 - mmengine - INFO - paramwise_options -- language_model.language_backbone.body.model.encoder.layer.8.intermediate.dense.weight:weight_decay=0.0001
08/07 10:53:57 - mmengine - INFO - paramwise_options -- language_model.language_backbone.body.model.encoder.layer.8.intermediate.dense.weight:lr_mult=0.1
08/07 10:53:57 - mmengine - INFO - paramwise_options -- language_model.language_backbone.body.model.encoder.layer.8.intermediate.dense.bias:lr=1e-05
08/07 10:53:57 - mmengine - INFO - paramwise_options -- language_model.language_backbone.body.model.encoder.layer.8.intermediate.dense.bias:weight_decay=0.0001
08/07 10:53:57 - mmengine - INFO - paramwise_options -- language_model.language_backbone.body.model.encoder.layer.8.intermediate.dense.bias:lr_mult=0.1
08/07 10:53:57 - mmengine - INFO - paramwise_options -- language_model.language_backbone.body.model.encoder.layer.8.output.dense.weight:lr=1e-05
08/07 10:53:57 - mmengine - INFO - paramwise_options -- language_model.language_backbone.body.model.encoder.layer.8.output.dense.weight:weight_decay=0.0001
08/07 10:53:57 - mmengine - INFO - paramwise_options -- language_model.language_backbone.body.model.encoder.layer.8.output.dense.weight:lr_mult=0.1
08/07 10:53:57 - mmengine - INFO - paramwise_options -- language_model.language_backbone.body.model.encoder.layer.8.output.dense.bias:lr=1e-05
08/07 10:53:57 - mmengine - INFO - paramwise_options -- language_model.language_backbone.body.model.encoder.layer.8.output.dense.bias:weight_decay=0.0001
08/07 10:53:57 - mmengine - INFO - paramwise_options -- language_model.language_backbone.body.model.encoder.layer.8.output.dense.bias:lr_mult=0.1
08/07 10:53:57 - mmengine - INFO - paramwise_options -- language_model.language_backbone.body.model.encoder.layer.8.output.LayerNorm.weight:lr=1e-05
08/07 10:53:57 - mmengine - INFO - paramwise_options -- language_model.language_backbone.body.model.encoder.layer.8.output.LayerNorm.weight:weight_decay=0.0001
08/07 10:53:57 - mmengine - INFO - paramwise_options -- language_model.language_backbone.body.model.encoder.layer.8.output.LayerNorm.weight:lr_mult=0.1
08/07 10:53:57 - mmengine - INFO - paramwise_options -- language_model.language_backbone.body.model.encoder.layer.8.output.LayerNorm.bias:lr=1e-05
08/07 10:53:57 - mmengine - INFO - paramwise_options -- language_model.language_backbone.body.model.encoder.layer.8.output.LayerNorm.bias:weight_decay=0.0001
08/07 10:53:57 - mmengine - INFO - paramwise_options -- language_model.language_backbone.body.model.encoder.layer.8.output.LayerNorm.bias:lr_mult=0.1
08/07 10:53:57 - mmengine - INFO - paramwise_options -- language_model.language_backbone.body.model.encoder.layer.9.attention.self.query.weight:lr=1e-05
08/07 10:53:57 - mmengine - INFO - paramwise_options -- language_model.language_backbone.body.model.encoder.layer.9.attention.self.query.weight:weight_decay=0.0001
08/07 10:53:57 - mmengine - INFO - paramwise_options -- language_model.language_backbone.body.model.encoder.layer.9.attention.self.query.weight:lr_mult=0.1
08/07 10:53:57 - mmengine - INFO - paramwise_options -- language_model.language_backbone.body.model.encoder.layer.9.attention.self.query.bias:lr=1e-05
08/07 10:53:57 - mmengine - INFO - paramwise_options -- language_model.language_backbone.body.model.encoder.layer.9.attention.self.query.bias:weight_decay=0.0001
08/07 10:53:57 - mmengine - INFO - paramwise_options -- language_model.language_backbone.body.model.encoder.layer.9.attention.self.query.bias:lr_mult=0.1
08/07 10:53:57 - mmengine - INFO - paramwise_options -- language_model.language_backbone.body.model.encoder.layer.9.attention.self.key.weight:lr=1e-05
08/07 10:53:57 - mmengine - INFO - paramwise_options -- language_model.language_backbone.body.model.encoder.layer.9.attention.self.key.weight:weight_decay=0.0001
08/07 10:53:57 - mmengine - INFO - paramwise_options -- language_model.language_backbone.body.model.encoder.layer.9.attention.self.key.weight:lr_mult=0.1
08/07 10:53:57 - mmengine - INFO - paramwise_options -- language_model.language_backbone.body.model.encoder.layer.9.attention.self.key.bias:lr=1e-05
08/07 10:53:57 - mmengine - INFO - paramwise_options -- language_model.language_backbone.body.model.encoder.layer.9.attention.self.key.bias:weight_decay=0.0001
08/07 10:53:57 - mmengine - INFO - paramwise_options -- language_model.language_backbone.body.model.encoder.layer.9.attention.self.key.bias:lr_mult=0.1
08/07 10:53:57 - mmengine - INFO - paramwise_options -- language_model.language_backbone.body.model.encoder.layer.9.attention.self.value.weight:lr=1e-05
08/07 10:53:57 - mmengine - INFO - paramwise_options -- language_model.language_backbone.body.model.encoder.layer.9.attention.self.value.weight:weight_decay=0.0001
08/07 10:53:57 - mmengine - INFO - paramwise_options -- language_model.language_backbone.body.model.encoder.layer.9.attention.self.value.weight:lr_mult=0.1
08/07 10:53:57 - mmengine - INFO - paramwise_options -- language_model.language_backbone.body.model.encoder.layer.9.attention.self.value.bias:lr=1e-05
08/07 10:53:57 - mmengine - INFO - paramwise_options -- language_model.language_backbone.body.model.encoder.layer.9.attention.self.value.bias:weight_decay=0.0001
08/07 10:53:57 - mmengine - INFO - paramwise_options -- language_model.language_backbone.body.model.encoder.layer.9.attention.self.value.bias:lr_mult=0.1
08/07 10:53:57 - mmengine - INFO - paramwise_options -- language_model.language_backbone.body.model.encoder.layer.9.attention.output.dense.weight:lr=1e-05
08/07 10:53:57 - mmengine - INFO - paramwise_options -- language_model.language_backbone.body.model.encoder.layer.9.attention.output.dense.weight:weight_decay=0.0001
08/07 10:53:57 - mmengine - INFO - paramwise_options -- language_model.language_backbone.body.model.encoder.layer.9.attention.output.dense.weight:lr_mult=0.1
08/07 10:53:57 - mmengine - INFO - paramwise_options -- language_model.language_backbone.body.model.encoder.layer.9.attention.output.dense.bias:lr=1e-05
08/07 10:53:57 - mmengine - INFO - paramwise_options -- language_model.language_backbone.body.model.encoder.layer.9.attention.output.dense.bias:weight_decay=0.0001
08/07 10:53:57 - mmengine - INFO - paramwise_options -- language_model.language_backbone.body.model.encoder.layer.9.attention.output.dense.bias:lr_mult=0.1
08/07 10:53:57 - mmengine - INFO - paramwise_options -- language_model.language_backbone.body.model.encoder.layer.9.attention.output.LayerNorm.weight:lr=1e-05
08/07 10:53:57 - mmengine - INFO - paramwise_options -- language_model.language_backbone.body.model.encoder.layer.9.attention.output.LayerNorm.weight:weight_decay=0.0001
08/07 10:53:57 - mmengine - INFO - paramwise_options -- language_model.language_backbone.body.model.encoder.layer.9.attention.output.LayerNorm.weight:lr_mult=0.1
08/07 10:53:57 - mmengine - INFO - paramwise_options -- language_model.language_backbone.body.model.encoder.layer.9.attention.output.LayerNorm.bias:lr=1e-05
08/07 10:53:57 - mmengine - INFO - paramwise_options -- language_model.language_backbone.body.model.encoder.layer.9.attention.output.LayerNorm.bias:weight_decay=0.0001
08/07 10:53:57 - mmengine - INFO - paramwise_options -- language_model.language_backbone.body.model.encoder.layer.9.attention.output.LayerNorm.bias:lr_mult=0.1
08/07 10:53:57 - mmengine - INFO - paramwise_options -- language_model.language_backbone.body.model.encoder.layer.9.intermediate.dense.weight:lr=1e-05
08/07 10:53:57 - mmengine - INFO - paramwise_options -- language_model.language_backbone.body.model.encoder.layer.9.intermediate.dense.weight:weight_decay=0.0001
08/07 10:53:57 - mmengine - INFO - paramwise_options -- language_model.language_backbone.body.model.encoder.layer.9.intermediate.dense.weight:lr_mult=0.1
08/07 10:53:57 - mmengine - INFO - paramwise_options -- language_model.language_backbone.body.model.encoder.layer.9.intermediate.dense.bias:lr=1e-05
08/07 10:53:57 - mmengine - INFO - paramwise_options -- language_model.language_backbone.body.model.encoder.layer.9.intermediate.dense.bias:weight_decay=0.0001
08/07 10:53:57 - mmengine - INFO - paramwise_options -- language_model.language_backbone.body.model.encoder.layer.9.intermediate.dense.bias:lr_mult=0.1
08/07 10:53:57 - mmengine - INFO - paramwise_options -- language_model.language_backbone.body.model.encoder.layer.9.output.dense.weight:lr=1e-05
08/07 10:53:57 - mmengine - INFO - paramwise_options -- language_model.language_backbone.body.model.encoder.layer.9.output.dense.weight:weight_decay=0.0001
08/07 10:53:57 - mmengine - INFO - paramwise_options -- language_model.language_backbone.body.model.encoder.layer.9.output.dense.weight:lr_mult=0.1
08/07 10:53:57 - mmengine - INFO - paramwise_options -- language_model.language_backbone.body.model.encoder.layer.9.output.dense.bias:lr=1e-05
08/07 10:53:57 - mmengine - INFO - paramwise_options -- language_model.language_backbone.body.model.encoder.layer.9.output.dense.bias:weight_decay=0.0001
08/07 10:53:57 - mmengine - INFO - paramwise_options -- language_model.language_backbone.body.model.encoder.layer.9.output.dense.bias:lr_mult=0.1
08/07 10:53:57 - mmengine - INFO - paramwise_options -- language_model.language_backbone.body.model.encoder.layer.9.output.LayerNorm.weight:lr=1e-05
08/07 10:53:57 - mmengine - INFO - paramwise_options -- language_model.language_backbone.body.model.encoder.layer.9.output.LayerNorm.weight:weight_decay=0.0001
08/07 10:53:57 - mmengine - INFO - paramwise_options -- language_model.language_backbone.body.model.encoder.layer.9.output.LayerNorm.weight:lr_mult=0.1
08/07 10:53:57 - mmengine - INFO - paramwise_options -- language_model.language_backbone.body.model.encoder.layer.9.output.LayerNorm.bias:lr=1e-05
08/07 10:53:57 - mmengine - INFO - paramwise_options -- language_model.language_backbone.body.model.encoder.layer.9.output.LayerNorm.bias:weight_decay=0.0001
08/07 10:53:57 - mmengine - INFO - paramwise_options -- language_model.language_backbone.body.model.encoder.layer.9.output.LayerNorm.bias:lr_mult=0.1
08/07 10:53:57 - mmengine - INFO - paramwise_options -- language_model.language_backbone.body.model.encoder.layer.10.attention.self.query.weight:lr=1e-05
08/07 10:53:57 - mmengine - INFO - paramwise_options -- language_model.language_backbone.body.model.encoder.layer.10.attention.self.query.weight:weight_decay=0.0001
08/07 10:53:57 - mmengine - INFO - paramwise_options -- language_model.language_backbone.body.model.encoder.layer.10.attention.self.query.weight:lr_mult=0.1
08/07 10:53:57 - mmengine - INFO - paramwise_options -- language_model.language_backbone.body.model.encoder.layer.10.attention.self.query.bias:lr=1e-05
08/07 10:53:57 - mmengine - INFO - paramwise_options -- language_model.language_backbone.body.model.encoder.layer.10.attention.self.query.bias:weight_decay=0.0001
08/07 10:53:57 - mmengine - INFO - paramwise_options -- language_model.language_backbone.body.model.encoder.layer.10.attention.self.query.bias:lr_mult=0.1
08/07 10:53:57 - mmengine - INFO - paramwise_options -- language_model.language_backbone.body.model.encoder.layer.10.attention.self.key.weight:lr=1e-05
08/07 10:53:57 - mmengine - INFO - paramwise_options -- language_model.language_backbone.body.model.encoder.layer.10.attention.self.key.weight:weight_decay=0.0001
08/07 10:53:57 - mmengine - INFO - paramwise_options -- language_model.language_backbone.body.model.encoder.layer.10.attention.self.key.weight:lr_mult=0.1
08/07 10:53:57 - mmengine - INFO - paramwise_options -- language_model.language_backbone.body.model.encoder.layer.10.attention.self.key.bias:lr=1e-05
08/07 10:53:57 - mmengine - INFO - paramwise_options -- language_model.language_backbone.body.model.encoder.layer.10.attention.self.key.bias:weight_decay=0.0001
08/07 10:53:57 - mmengine - INFO - paramwise_options -- language_model.language_backbone.body.model.encoder.layer.10.attention.self.key.bias:lr_mult=0.1
08/07 10:53:57 - mmengine - INFO - paramwise_options -- language_model.language_backbone.body.model.encoder.layer.10.attention.self.value.weight:lr=1e-05
08/07 10:53:57 - mmengine - INFO - paramwise_options -- language_model.language_backbone.body.model.encoder.layer.10.attention.self.value.weight:weight_decay=0.0001
08/07 10:53:57 - mmengine - INFO - paramwise_options -- language_model.language_backbone.body.model.encoder.layer.10.attention.self.value.weight:lr_mult=0.1
08/07 10:53:57 - mmengine - INFO - paramwise_options -- language_model.language_backbone.body.model.encoder.layer.10.attention.self.value.bias:lr=1e-05
08/07 10:53:57 - mmengine - INFO - paramwise_options -- language_model.language_backbone.body.model.encoder.layer.10.attention.self.value.bias:weight_decay=0.0001
08/07 10:53:57 - mmengine - INFO - paramwise_options -- language_model.language_backbone.body.model.encoder.layer.10.attention.self.value.bias:lr_mult=0.1
08/07 10:53:57 - mmengine - INFO - paramwise_options -- language_model.language_backbone.body.model.encoder.layer.10.attention.output.dense.weight:lr=1e-05
08/07 10:53:57 - mmengine - INFO - paramwise_options -- language_model.language_backbone.body.model.encoder.layer.10.attention.output.dense.weight:weight_decay=0.0001
08/07 10:53:57 - mmengine - INFO - paramwise_options -- language_model.language_backbone.body.model.encoder.layer.10.attention.output.dense.weight:lr_mult=0.1
08/07 10:53:57 - mmengine - INFO - paramwise_options -- language_model.language_backbone.body.model.encoder.layer.10.attention.output.dense.bias:lr=1e-05
08/07 10:53:57 - mmengine - INFO - paramwise_options -- language_model.language_backbone.body.model.encoder.layer.10.attention.output.dense.bias:weight_decay=0.0001
08/07 10:53:57 - mmengine - INFO - paramwise_options -- language_model.language_backbone.body.model.encoder.layer.10.attention.output.dense.bias:lr_mult=0.1
08/07 10:53:57 - mmengine - INFO - paramwise_options -- language_model.language_backbone.body.model.encoder.layer.10.attention.output.LayerNorm.weight:lr=1e-05
08/07 10:53:57 - mmengine - INFO - paramwise_options -- language_model.language_backbone.body.model.encoder.layer.10.attention.output.LayerNorm.weight:weight_decay=0.0001
08/07 10:53:57 - mmengine - INFO - paramwise_options -- language_model.language_backbone.body.model.encoder.layer.10.attention.output.LayerNorm.weight:lr_mult=0.1
08/07 10:53:57 - mmengine - INFO - paramwise_options -- language_model.language_backbone.body.model.encoder.layer.10.attention.output.LayerNorm.bias:lr=1e-05
08/07 10:53:57 - mmengine - INFO - paramwise_options -- language_model.language_backbone.body.model.encoder.layer.10.attention.output.LayerNorm.bias:weight_decay=0.0001
08/07 10:53:57 - mmengine - INFO - paramwise_options -- language_model.language_backbone.body.model.encoder.layer.10.attention.output.LayerNorm.bias:lr_mult=0.1
08/07 10:53:57 - mmengine - INFO - paramwise_options -- language_model.language_backbone.body.model.encoder.layer.10.intermediate.dense.weight:lr=1e-05
08/07 10:53:57 - mmengine - INFO - paramwise_options -- language_model.language_backbone.body.model.encoder.layer.10.intermediate.dense.weight:weight_decay=0.0001
08/07 10:53:57 - mmengine - INFO - paramwise_options -- language_model.language_backbone.body.model.encoder.layer.10.intermediate.dense.weight:lr_mult=0.1
08/07 10:53:57 - mmengine - INFO - paramwise_options -- language_model.language_backbone.body.model.encoder.layer.10.intermediate.dense.bias:lr=1e-05
08/07 10:53:57 - mmengine - INFO - paramwise_options -- language_model.language_backbone.body.model.encoder.layer.10.intermediate.dense.bias:weight_decay=0.0001
08/07 10:53:57 - mmengine - INFO - paramwise_options -- language_model.language_backbone.body.model.encoder.layer.10.intermediate.dense.bias:lr_mult=0.1
08/07 10:53:57 - mmengine - INFO - paramwise_options -- language_model.language_backbone.body.model.encoder.layer.10.output.dense.weight:lr=1e-05
08/07 10:53:57 - mmengine - INFO - paramwise_options -- language_model.language_backbone.body.model.encoder.layer.10.output.dense.weight:weight_decay=0.0001
08/07 10:53:57 - mmengine - INFO - paramwise_options -- language_model.language_backbone.body.model.encoder.layer.10.output.dense.weight:lr_mult=0.1
08/07 10:53:57 - mmengine - INFO - paramwise_options -- language_model.language_backbone.body.model.encoder.layer.10.output.dense.bias:lr=1e-05
08/07 10:53:57 - mmengine - INFO - paramwise_options -- language_model.language_backbone.body.model.encoder.layer.10.output.dense.bias:weight_decay=0.0001
08/07 10:53:57 - mmengine - INFO - paramwise_options -- language_model.language_backbone.body.model.encoder.layer.10.output.dense.bias:lr_mult=0.1
08/07 10:53:57 - mmengine - INFO - paramwise_options -- language_model.language_backbone.body.model.encoder.layer.10.output.LayerNorm.weight:lr=1e-05
08/07 10:53:57 - mmengine - INFO - paramwise_options -- language_model.language_backbone.body.model.encoder.layer.10.output.LayerNorm.weight:weight_decay=0.0001
08/07 10:53:57 - mmengine - INFO - paramwise_options -- language_model.language_backbone.body.model.encoder.layer.10.output.LayerNorm.weight:lr_mult=0.1
08/07 10:53:57 - mmengine - INFO - paramwise_options -- language_model.language_backbone.body.model.encoder.layer.10.output.LayerNorm.bias:lr=1e-05
08/07 10:53:57 - mmengine - INFO - paramwise_options -- language_model.language_backbone.body.model.encoder.layer.10.output.LayerNorm.bias:weight_decay=0.0001
08/07 10:53:57 - mmengine - INFO - paramwise_options -- language_model.language_backbone.body.model.encoder.layer.10.output.LayerNorm.bias:lr_mult=0.1
08/07 10:53:57 - mmengine - INFO - paramwise_options -- language_model.language_backbone.body.model.encoder.layer.11.attention.self.query.weight:lr=1e-05
08/07 10:53:57 - mmengine - INFO - paramwise_options -- language_model.language_backbone.body.model.encoder.layer.11.attention.self.query.weight:weight_decay=0.0001
08/07 10:53:57 - mmengine - INFO - paramwise_options -- language_model.language_backbone.body.model.encoder.layer.11.attention.self.query.weight:lr_mult=0.1
08/07 10:53:57 - mmengine - INFO - paramwise_options -- language_model.language_backbone.body.model.encoder.layer.11.attention.self.query.bias:lr=1e-05
08/07 10:53:57 - mmengine - INFO - paramwise_options -- language_model.language_backbone.body.model.encoder.layer.11.attention.self.query.bias:weight_decay=0.0001
08/07 10:53:57 - mmengine - INFO - paramwise_options -- language_model.language_backbone.body.model.encoder.layer.11.attention.self.query.bias:lr_mult=0.1
08/07 10:53:57 - mmengine - INFO - paramwise_options -- language_model.language_backbone.body.model.encoder.layer.11.attention.self.key.weight:lr=1e-05
08/07 10:53:57 - mmengine - INFO - paramwise_options -- language_model.language_backbone.body.model.encoder.layer.11.attention.self.key.weight:weight_decay=0.0001
08/07 10:53:57 - mmengine - INFO - paramwise_options -- language_model.language_backbone.body.model.encoder.layer.11.attention.self.key.weight:lr_mult=0.1
08/07 10:53:57 - mmengine - INFO - paramwise_options -- language_model.language_backbone.body.model.encoder.layer.11.attention.self.key.bias:lr=1e-05
08/07 10:53:57 - mmengine - INFO - paramwise_options -- language_model.language_backbone.body.model.encoder.layer.11.attention.self.key.bias:weight_decay=0.0001
08/07 10:53:57 - mmengine - INFO - paramwise_options -- language_model.language_backbone.body.model.encoder.layer.11.attention.self.key.bias:lr_mult=0.1
08/07 10:53:57 - mmengine - INFO - paramwise_options -- language_model.language_backbone.body.model.encoder.layer.11.attention.self.value.weight:lr=1e-05
08/07 10:53:57 - mmengine - INFO - paramwise_options -- language_model.language_backbone.body.model.encoder.layer.11.attention.self.value.weight:weight_decay=0.0001
08/07 10:53:57 - mmengine - INFO - paramwise_options -- language_model.language_backbone.body.model.encoder.layer.11.attention.self.value.weight:lr_mult=0.1
08/07 10:53:57 - mmengine - INFO - paramwise_options -- language_model.language_backbone.body.model.encoder.layer.11.attention.self.value.bias:lr=1e-05
08/07 10:53:57 - mmengine - INFO - paramwise_options -- language_model.language_backbone.body.model.encoder.layer.11.attention.self.value.bias:weight_decay=0.0001
08/07 10:53:57 - mmengine - INFO - paramwise_options -- language_model.language_backbone.body.model.encoder.layer.11.attention.self.value.bias:lr_mult=0.1
08/07 10:53:57 - mmengine - INFO - paramwise_options -- language_model.language_backbone.body.model.encoder.layer.11.attention.output.dense.weight:lr=1e-05
08/07 10:53:57 - mmengine - INFO - paramwise_options -- language_model.language_backbone.body.model.encoder.layer.11.attention.output.dense.weight:weight_decay=0.0001
08/07 10:53:57 - mmengine - INFO - paramwise_options -- language_model.language_backbone.body.model.encoder.layer.11.attention.output.dense.weight:lr_mult=0.1
08/07 10:53:57 - mmengine - INFO - paramwise_options -- language_model.language_backbone.body.model.encoder.layer.11.attention.output.dense.bias:lr=1e-05
08/07 10:53:57 - mmengine - INFO - paramwise_options -- language_model.language_backbone.body.model.encoder.layer.11.attention.output.dense.bias:weight_decay=0.0001
08/07 10:53:57 - mmengine - INFO - paramwise_options -- language_model.language_backbone.body.model.encoder.layer.11.attention.output.dense.bias:lr_mult=0.1
08/07 10:53:57 - mmengine - INFO - paramwise_options -- language_model.language_backbone.body.model.encoder.layer.11.attention.output.LayerNorm.weight:lr=1e-05
08/07 10:53:57 - mmengine - INFO - paramwise_options -- language_model.language_backbone.body.model.encoder.layer.11.attention.output.LayerNorm.weight:weight_decay=0.0001
08/07 10:53:57 - mmengine - INFO - paramwise_options -- language_model.language_backbone.body.model.encoder.layer.11.attention.output.LayerNorm.weight:lr_mult=0.1
08/07 10:53:57 - mmengine - INFO - paramwise_options -- language_model.language_backbone.body.model.encoder.layer.11.attention.output.LayerNorm.bias:lr=1e-05
08/07 10:53:57 - mmengine - INFO - paramwise_options -- language_model.language_backbone.body.model.encoder.layer.11.attention.output.LayerNorm.bias:weight_decay=0.0001
08/07 10:53:57 - mmengine - INFO - paramwise_options -- language_model.language_backbone.body.model.encoder.layer.11.attention.output.LayerNorm.bias:lr_mult=0.1
08/07 10:53:57 - mmengine - INFO - paramwise_options -- language_model.language_backbone.body.model.encoder.layer.11.intermediate.dense.weight:lr=1e-05
08/07 10:53:57 - mmengine - INFO - paramwise_options -- language_model.language_backbone.body.model.encoder.layer.11.intermediate.dense.weight:weight_decay=0.0001
08/07 10:53:57 - mmengine - INFO - paramwise_options -- language_model.language_backbone.body.model.encoder.layer.11.intermediate.dense.weight:lr_mult=0.1
08/07 10:53:57 - mmengine - INFO - paramwise_options -- language_model.language_backbone.body.model.encoder.layer.11.intermediate.dense.bias:lr=1e-05
08/07 10:53:57 - mmengine - INFO - paramwise_options -- language_model.language_backbone.body.model.encoder.layer.11.intermediate.dense.bias:weight_decay=0.0001
08/07 10:53:57 - mmengine - INFO - paramwise_options -- language_model.language_backbone.body.model.encoder.layer.11.intermediate.dense.bias:lr_mult=0.1
08/07 10:53:57 - mmengine - INFO - paramwise_options -- language_model.language_backbone.body.model.encoder.layer.11.output.dense.weight:lr=1e-05
08/07 10:53:57 - mmengine - INFO - paramwise_options -- language_model.language_backbone.body.model.encoder.layer.11.output.dense.weight:weight_decay=0.0001
08/07 10:53:57 - mmengine - INFO - paramwise_options -- language_model.language_backbone.body.model.encoder.layer.11.output.dense.weight:lr_mult=0.1
08/07 10:53:57 - mmengine - INFO - paramwise_options -- language_model.language_backbone.body.model.encoder.layer.11.output.dense.bias:lr=1e-05
08/07 10:53:57 - mmengine - INFO - paramwise_options -- language_model.language_backbone.body.model.encoder.layer.11.output.dense.bias:weight_decay=0.0001
08/07 10:53:57 - mmengine - INFO - paramwise_options -- language_model.language_backbone.body.model.encoder.layer.11.output.dense.bias:lr_mult=0.1
08/07 10:53:57 - mmengine - INFO - paramwise_options -- language_model.language_backbone.body.model.encoder.layer.11.output.LayerNorm.weight:lr=1e-05
08/07 10:53:57 - mmengine - INFO - paramwise_options -- language_model.language_backbone.body.model.encoder.layer.11.output.LayerNorm.weight:weight_decay=0.0001
08/07 10:53:57 - mmengine - INFO - paramwise_options -- language_model.language_backbone.body.model.encoder.layer.11.output.LayerNorm.weight:lr_mult=0.1
08/07 10:53:57 - mmengine - INFO - paramwise_options -- language_model.language_backbone.body.model.encoder.layer.11.output.LayerNorm.bias:lr=1e-05
08/07 10:53:57 - mmengine - INFO - paramwise_options -- language_model.language_backbone.body.model.encoder.layer.11.output.LayerNorm.bias:weight_decay=0.0001
08/07 10:53:57 - mmengine - INFO - paramwise_options -- language_model.language_backbone.body.model.encoder.layer.11.output.LayerNorm.bias:lr_mult=0.1
loading annotations into memory...
Done (t=0.01s)
creating index...
index created!
loading annotations into memory...
Done (t=0.01s)
creating index...
index created!
Loads checkpoint by local backend from path: /dss/dsstbyfs02/scratch/07/di54rur/LAE-1M/work_dirs/lae_dino_swin-t_pretrain_LAE-1M/epoch_32.pth
Loads checkpoint by local backend from path: /dss/dsstbyfs02/scratch/07/di54rur/LAE-1M/work_dirs/lae_dino_swin-t_pretrain_LAE-1M/epoch_32.pth
Loads checkpoint by local backend from path: /dss/dsstbyfs02/scratch/07/di54rur/LAE-1M/work_dirs/lae_dino_swin-t_pretrain_LAE-1M/epoch_32.pth
08/07 10:54:01 - mmengine - WARNING - No pre-trained weights for SwinTransformer, training start from scratch
Loads checkpoint by local backend from path: /dss/dsstbyfs02/scratch/07/di54rur/LAE-1M/work_dirs/lae_dino_swin-t_pretrain_LAE-1M/epoch_32.pth
The model and loaded state dict do not match exactly

size mismatch for dn_query_generator.label_embedding.weight: copying a param with shape torch.Size([1600, 256]) from checkpoint, the shape in current model is torch.Size([20, 256]).
08/07 10:54:06 - mmengine - INFO - Load checkpoint from /dss/dsstbyfs02/scratch/07/di54rur/LAE-1M/work_dirs/lae_dino_swin-t_pretrain_LAE-1M/epoch_32.pth
08/07 10:54:06 - mmengine - WARNING - "FileClient" will be deprecated in future. Please use io functions in https://mmengine.readthedocs.io/en/latest/api/fileio.html#file-io
08/07 10:54:06 - mmengine - WARNING - "HardDiskBackend" is the alias of "LocalBackend" and the former will be deprecated in future.
08/07 10:54:06 - mmengine - INFO - Checkpoints will be saved to /dss/dsstbyfs02/scratch/07/di54rur/LAE-1M/work_dirs/lae_dino_swin-t_finetune_DIOR.
08/07 10:55:05 - mmengine - INFO - Epoch(train)  [1][ 50/698]  base_lr: 1.0000e-04 lr: 1.0000e-04  eta: 7:16:00  time: 1.1738  data_time: 0.0567  memory: 9865  grad_norm: 68.6340  loss: 8.0553  loss_cls: 0.1422  loss_bbox: 0.0755  loss_iou: 0.3533  d0.loss_cls: 0.1545  d0.loss_bbox: 0.0810  d0.loss_iou: 0.3745  d1.loss_cls: 0.1468  d1.loss_bbox: 0.0759  d1.loss_iou: 0.3605  d2.loss_cls: 0.1418  d2.loss_bbox: 0.0733  d2.loss_iou: 0.3573  d3.loss_cls: 0.1433  d3.loss_bbox: 0.0745  d3.loss_iou: 0.3553  d4.loss_cls: 0.1411  d4.loss_bbox: 0.0744  d4.loss_iou: 0.3532  enc_loss_cls: 0.1647  enc_loss_bbox: 0.0868  enc_loss_iou: 0.3953  dn_loss_cls: 0.0272  dn_loss_bbox: 0.0767  dn_loss_iou: 0.2260  d0.dn_loss_cls: 0.0576  d0.dn_loss_bbox: 0.1288  d0.dn_loss_iou: 0.3168  d1.dn_loss_cls: 0.0381  d1.dn_loss_bbox: 0.0880  d1.dn_loss_iou: 0.2429  d2.dn_loss_cls: 0.0320  d2.dn_loss_bbox: 0.0807  d2.dn_loss_iou: 0.2285  d3.dn_loss_cls: 0.0290  d3.dn_loss_bbox: 0.0774  d3.dn_loss_iou: 0.2264  d4.dn_loss_cls: 0.0283  d4.dn_loss_bbox: 0.0766  d4.dn_loss_iou: 0.2255  contr_loss: 1.7238
08/07 10:55:59 - mmengine - INFO - Epoch(train)  [1][100/698]  base_lr: 1.0000e-04 lr: 1.0000e-04  eta: 6:56:56  time: 1.0763  data_time: 0.0088  memory: 9895  grad_norm: 55.3896  loss: 7.8459  loss_cls: 0.1297  loss_bbox: 0.0894  loss_iou: 0.3420  d0.loss_cls: 0.1371  d0.loss_bbox: 0.1008  d0.loss_iou: 0.3632  d1.loss_cls: 0.1354  d1.loss_bbox: 0.0920  d1.loss_iou: 0.3468  d2.loss_cls: 0.1353  d2.loss_bbox: 0.0909  d2.loss_iou: 0.3446  d3.loss_cls: 0.1327  d3.loss_bbox: 0.0885  d3.loss_iou: 0.3422  d4.loss_cls: 0.1267  d4.loss_bbox: 0.0909  d4.loss_iou: 0.3442  enc_loss_cls: 0.1532  enc_loss_bbox: 0.1083  enc_loss_iou: 0.3782  dn_loss_cls: 0.0293  dn_loss_bbox: 0.0921  dn_loss_iou: 0.2346  d0.dn_loss_cls: 0.0471  d0.dn_loss_bbox: 0.1471  d0.dn_loss_iou: 0.3302  d1.dn_loss_cls: 0.0328  d1.dn_loss_bbox: 0.1010  d1.dn_loss_iou: 0.2508  d2.dn_loss_cls: 0.0304  d2.dn_loss_bbox: 0.0937  d2.dn_loss_iou: 0.2371  d3.dn_loss_cls: 0.0297  d3.dn_loss_bbox: 0.0922  d3.dn_loss_iou: 0.2349  d4.dn_loss_cls: 0.0296  d4.dn_loss_bbox: 0.0920  d4.dn_loss_iou: 0.2344  contr_loss: 1.4349
08/07 10:56:54 - mmengine - INFO - Epoch(train)  [1][150/698]  base_lr: 1.0000e-04 lr: 1.0000e-04  eta: 6:52:47  time: 1.0989  data_time: 0.0083  memory: 10093  grad_norm: 59.5936  loss: 6.6352  loss_cls: 0.1005  loss_bbox: 0.0781  loss_iou: 0.2419  d0.loss_cls: 0.1129  d0.loss_bbox: 0.0880  d0.loss_iou: 0.2519  d1.loss_cls: 0.1096  d1.loss_bbox: 0.0802  d1.loss_iou: 0.2445  d2.loss_cls: 0.1062  d2.loss_bbox: 0.0785  d2.loss_iou: 0.2424  d3.loss_cls: 0.1024  d3.loss_bbox: 0.0781  d3.loss_iou: 0.2424  d4.loss_cls: 0.1012  d4.loss_bbox: 0.0788  d4.loss_iou: 0.2423  enc_loss_cls: 0.1381  enc_loss_bbox: 0.0979  enc_loss_iou: 0.2694  dn_loss_cls: 0.0344  dn_loss_bbox: 0.1037  dn_loss_iou: 0.2127  d0.dn_loss_cls: 0.0575  d0.dn_loss_bbox: 0.1692  d0.dn_loss_iou: 0.3140  d1.dn_loss_cls: 0.0417  d1.dn_loss_bbox: 0.1190  d1.dn_loss_iou: 0.2336  d2.dn_loss_cls: 0.0390  d2.dn_loss_bbox: 0.1071  d2.dn_loss_iou: 0.2174  d3.dn_loss_cls: 0.0405  d3.dn_loss_bbox: 0.1042  d3.dn_loss_iou: 0.2135  d4.dn_loss_cls: 0.0352  d4.dn_loss_bbox: 0.1039  d4.dn_loss_iou: 0.2127  contr_loss: 1.1906
08/07 10:57:49 - mmengine - INFO - Epoch(train)  [1][200/698]  base_lr: 1.0000e-04 lr: 1.0000e-04  eta: 6:51:05  time: 1.1080  data_time: 0.0083  memory: 9780  grad_norm: 53.5934  loss: 6.7427  loss_cls: 0.0831  loss_bbox: 0.0762  loss_iou: 0.3379  d0.loss_cls: 0.1037  d0.loss_bbox: 0.0806  d0.loss_iou: 0.3465  d1.loss_cls: 0.0939  d1.loss_bbox: 0.0786  d1.loss_iou: 0.3405  d2.loss_cls: 0.0918  d2.loss_bbox: 0.0768  d2.loss_iou: 0.3374  d3.loss_cls: 0.0872  d3.loss_bbox: 0.0756  d3.loss_iou: 0.3357  d4.loss_cls: 0.0830  d4.loss_bbox: 0.0763  d4.loss_iou: 0.3377  enc_loss_cls: 0.1127  enc_loss_bbox: 0.0904  enc_loss_iou: 0.3648  dn_loss_cls: 0.0215  dn_loss_bbox: 0.0756  dn_loss_iou: 0.2155  d0.dn_loss_cls: 0.0363  d0.dn_loss_bbox: 0.1215  d0.dn_loss_iou: 0.2982  d1.dn_loss_cls: 0.0195  d1.dn_loss_bbox: 0.0842  d1.dn_loss_iou: 0.2317  d2.dn_loss_cls: 0.0170  d2.dn_loss_bbox: 0.0783  d2.dn_loss_iou: 0.2196  d3.dn_loss_cls: 0.0193  d3.dn_loss_bbox: 0.0764  d3.dn_loss_iou: 0.2167  d4.dn_loss_cls: 0.0212  d4.dn_loss_bbox: 0.0757  d4.dn_loss_iou: 0.2156  contr_loss: 1.0886
08/07 10:58:44 - mmengine - INFO - Epoch(train)  [1][250/698]  base_lr: 1.0000e-04 lr: 1.0000e-04  eta: 6:48:30  time: 1.0919  data_time: 0.0081  memory: 10249  grad_norm: 61.3884  loss: 7.3434  loss_cls: 0.1197  loss_bbox: 0.0865  loss_iou: 0.2931  d0.loss_cls: 0.1285  d0.loss_bbox: 0.0952  d0.loss_iou: 0.3135  d1.loss_cls: 0.1276  d1.loss_bbox: 0.0883  d1.loss_iou: 0.3001  d2.loss_cls: 0.1220  d2.loss_bbox: 0.0872  d2.loss_iou: 0.2973  d3.loss_cls: 0.1246  d3.loss_bbox: 0.0874  d3.loss_iou: 0.2962  d4.loss_cls: 0.1185  d4.loss_bbox: 0.0878  d4.loss_iou: 0.2954  enc_loss_cls: 0.1457  enc_loss_bbox: 0.1070  enc_loss_iou: 0.3372  dn_loss_cls: 0.0165  dn_loss_bbox: 0.0824  dn_loss_iou: 0.2171  d0.dn_loss_cls: 0.0345  d0.dn_loss_bbox: 0.1277  d0.dn_loss_iou: 0.3031  d1.dn_loss_cls: 0.0193  d1.dn_loss_bbox: 0.0926  d1.dn_loss_iou: 0.2333  d2.dn_loss_cls: 0.0165  d2.dn_loss_bbox: 0.0847  d2.dn_loss_iou: 0.2198  d3.dn_loss_cls: 0.0184  d3.dn_loss_bbox: 0.0832  d3.dn_loss_iou: 0.2177  d4.dn_loss_cls: 0.0160  d4.dn_loss_bbox: 0.0825  d4.dn_loss_iou: 0.2170  contr_loss: 1.6023
08/07 10:59:39 - mmengine - INFO - Epoch(train)  [1][300/698]  base_lr: 1.0000e-04 lr: 1.0000e-04  eta: 6:46:55  time: 1.0990  data_time: 0.0082  memory: 9690  grad_norm: 61.4555  loss: 7.4500  loss_cls: 0.1508  loss_bbox: 0.0723  loss_iou: 0.3059  d0.loss_cls: 0.1524  d0.loss_bbox: 0.0761  d0.loss_iou: 0.3153  d1.loss_cls: 0.1465  d1.loss_bbox: 0.0718  d1.loss_iou: 0.3087  d2.loss_cls: 0.1435  d2.loss_bbox: 0.0711  d2.loss_iou: 0.3074  d3.loss_cls: 0.1507  d3.loss_bbox: 0.0703  d3.loss_iou: 0.3062  d4.loss_cls: 0.1472  d4.loss_bbox: 0.0698  d4.loss_iou: 0.3038  enc_loss_cls: 0.1625  enc_loss_bbox: 0.0872  enc_loss_iou: 0.3409  dn_loss_cls: 0.0262  dn_loss_bbox: 0.0816  dn_loss_iou: 0.2179  d0.dn_loss_cls: 0.0457  d0.dn_loss_bbox: 0.1442  d0.dn_loss_iou: 0.3203  d1.dn_loss_cls: 0.0232  d1.dn_loss_bbox: 0.0962  d1.dn_loss_iou: 0.2432  d2.dn_loss_cls: 0.0237  d2.dn_loss_bbox: 0.0842  d2.dn_loss_iou: 0.2230  d3.dn_loss_cls: 0.0245  d3.dn_loss_bbox: 0.0820  d3.dn_loss_iou: 0.2190  d4.dn_loss_cls: 0.0233  d4.dn_loss_bbox: 0.0817  d4.dn_loss_iou: 0.2180  contr_loss: 1.5112
08/07 11:00:33 - mmengine - INFO - Epoch(train)  [1][350/698]  base_lr: 1.0000e-04 lr: 1.0000e-04  eta: 6:45:08  time: 1.0916  data_time: 0.0082  memory: 10045  grad_norm: 59.3717  loss: 7.1548  loss_cls: 0.1206  loss_bbox: 0.0787  loss_iou: 0.2927  d0.loss_cls: 0.1301  d0.loss_bbox: 0.0906  d0.loss_iou: 0.3080  d1.loss_cls: 0.1263  d1.loss_bbox: 0.0835  d1.loss_iou: 0.2991  d2.loss_cls: 0.1245  d2.loss_bbox: 0.0806  d2.loss_iou: 0.2959  d3.loss_cls: 0.1218  d3.loss_bbox: 0.0798  d3.loss_iou: 0.2945  d4.loss_cls: 0.1202  d4.loss_bbox: 0.0797  d4.loss_iou: 0.2945  enc_loss_cls: 0.1488  enc_loss_bbox: 0.0965  enc_loss_iou: 0.3258  dn_loss_cls: 0.0273  dn_loss_bbox: 0.0871  dn_loss_iou: 0.2118  d0.dn_loss_cls: 0.0420  d0.dn_loss_bbox: 0.1400  d0.dn_loss_iou: 0.3082  d1.dn_loss_cls: 0.0302  d1.dn_loss_bbox: 0.0974  d1.dn_loss_iou: 0.2317  d2.dn_loss_cls: 0.0284  d2.dn_loss_bbox: 0.0889  d2.dn_loss_iou: 0.2164  d3.dn_loss_cls: 0.0293  d3.dn_loss_bbox: 0.0876  d3.dn_loss_iou: 0.2133  d4.dn_loss_cls: 0.0272  d4.dn_loss_bbox: 0.0871  d4.dn_loss_iou: 0.2120  contr_loss: 1.3970
08/07 11:01:28 - mmengine - INFO - Epoch(train)  [1][400/698]  base_lr: 1.0000e-04 lr: 1.0000e-04  eta: 6:43:26  time: 1.0885  data_time: 0.0091  memory: 10132  grad_norm: 60.0634  loss: 6.3588  loss_cls: 0.1042  loss_bbox: 0.0763  loss_iou: 0.3002  d0.loss_cls: 0.1172  d0.loss_bbox: 0.0800  d0.loss_iou: 0.3152  d1.loss_cls: 0.1120  d1.loss_bbox: 0.0770  d1.loss_iou: 0.3074  d2.loss_cls: 0.1085  d2.loss_bbox: 0.0787  d2.loss_iou: 0.3058  d3.loss_cls: 0.1112  d3.loss_bbox: 0.0756  d3.loss_iou: 0.3018  d4.loss_cls: 0.1066  d4.loss_bbox: 0.0750  d4.loss_iou: 0.3001  enc_loss_cls: 0.1252  enc_loss_bbox: 0.0924  enc_loss_iou: 0.3443  dn_loss_cls: 0.0114  dn_loss_bbox: 0.0754  dn_loss_iou: 0.1972  d0.dn_loss_cls: 0.0289  d0.dn_loss_bbox: 0.1315  d0.dn_loss_iou: 0.2842  d1.dn_loss_cls: 0.0116  d1.dn_loss_bbox: 0.0878  d1.dn_loss_iou: 0.2150  d2.dn_loss_cls: 0.0100  d2.dn_loss_bbox: 0.0798  d2.dn_loss_iou: 0.2016  d3.dn_loss_cls: 0.0119  d3.dn_loss_bbox: 0.0766  d3.dn_loss_iou: 0.1981  d4.dn_loss_cls: 0.0119  d4.dn_loss_bbox: 0.0755  d4.dn_loss_iou: 0.1972  contr_loss: 0.9384
08/07 11:02:22 - mmengine - INFO - Epoch(train)  [1][450/698]  base_lr: 1.0000e-04 lr: 1.0000e-04  eta: 6:41:56  time: 1.0894  data_time: 0.0095  memory: 10145  grad_norm: 60.0011  loss: 7.0490  loss_cls: 0.1135  loss_bbox: 0.0657  loss_iou: 0.3028  d0.loss_cls: 0.1360  d0.loss_bbox: 0.0749  d0.loss_iou: 0.3179  d1.loss_cls: 0.1321  d1.loss_bbox: 0.0703  d1.loss_iou: 0.3101  d2.loss_cls: 0.1213  d2.loss_bbox: 0.0665  d2.loss_iou: 0.3059  d3.loss_cls: 0.1184  d3.loss_bbox: 0.0662  d3.loss_iou: 0.3045  d4.loss_cls: 0.1131  d4.loss_bbox: 0.0657  d4.loss_iou: 0.3028  enc_loss_cls: 0.1460  enc_loss_bbox: 0.0840  enc_loss_iou: 0.3389  dn_loss_cls: 0.0113  dn_loss_bbox: 0.0835  dn_loss_iou: 0.2295  d0.dn_loss_cls: 0.0338  d0.dn_loss_bbox: 0.1395  d0.dn_loss_iou: 0.3353  d1.dn_loss_cls: 0.0155  d1.dn_loss_bbox: 0.0953  d1.dn_loss_iou: 0.2505  d2.dn_loss_cls: 0.0123  d2.dn_loss_bbox: 0.0866  d2.dn_loss_iou: 0.2349  d3.dn_loss_cls: 0.0117  d3.dn_loss_bbox: 0.0844  d3.dn_loss_iou: 0.2312  d4.dn_loss_cls: 0.0112  d4.dn_loss_bbox: 0.0834  d4.dn_loss_iou: 0.2293  contr_loss: 1.3134
08/07 11:03:16 - mmengine - INFO - Epoch(train)  [1][500/698]  base_lr: 1.0000e-04 lr: 1.0000e-04  eta: 6:40:20  time: 1.0831  data_time: 0.0084  memory: 9833  grad_norm: 50.7918  loss: 6.9327  loss_cls: 0.1081  loss_bbox: 0.0751  loss_iou: 0.2381  d0.loss_cls: 0.1171  d0.loss_bbox: 0.0816  d0.loss_iou: 0.2502  d1.loss_cls: 0.1161  d1.loss_bbox: 0.0760  d1.loss_iou: 0.2441  d2.loss_cls: 0.1100  d2.loss_bbox: 0.0761  d2.loss_iou: 0.2447  d3.loss_cls: 0.1092  d3.loss_bbox: 0.0761  d3.loss_iou: 0.2392  d4.loss_cls: 0.1071  d4.loss_bbox: 0.0749  d4.loss_iou: 0.2381  enc_loss_cls: 0.1286  enc_loss_bbox: 0.0893  enc_loss_iou: 0.2667  dn_loss_cls: 0.0271  dn_loss_bbox: 0.1073  dn_loss_iou: 0.2090  d0.dn_loss_cls: 0.0453  d0.dn_loss_bbox: 0.1727  d0.dn_loss_iou: 0.3016  d1.dn_loss_cls: 0.0258  d1.dn_loss_bbox: 0.1173  d1.dn_loss_iou: 0.2267  d2.dn_loss_cls: 0.0243  d2.dn_loss_bbox: 0.1095  d2.dn_loss_iou: 0.2129  d3.dn_loss_cls: 0.0269  d3.dn_loss_bbox: 0.1076  d3.dn_loss_iou: 0.2101  d4.dn_loss_cls: 0.0275  d4.dn_loss_bbox: 0.1075  d4.dn_loss_iou: 0.2090  contr_loss: 1.5982
08/07 11:04:11 - mmengine - INFO - Epoch(train)  [1][550/698]  base_lr: 1.0000e-04 lr: 1.0000e-04  eta: 6:39:29  time: 1.1019  data_time: 0.0085  memory: 10065  grad_norm: 64.4132  loss: 7.0488  loss_cls: 0.1185  loss_bbox: 0.0728  loss_iou: 0.2626  d0.loss_cls: 0.1331  d0.loss_bbox: 0.0771  d0.loss_iou: 0.2684  d1.loss_cls: 0.1249  d1.loss_bbox: 0.0737  d1.loss_iou: 0.2644  d2.loss_cls: 0.1223  d2.loss_bbox: 0.0734  d2.loss_iou: 0.2637  d3.loss_cls: 0.1189  d3.loss_bbox: 0.0738  d3.loss_iou: 0.2637  d4.loss_cls: 0.1140  d4.loss_bbox: 0.0739  d4.loss_iou: 0.2645  enc_loss_cls: 0.1420  enc_loss_bbox: 0.0857  enc_loss_iou: 0.2859  dn_loss_cls: 0.0111  dn_loss_bbox: 0.0860  dn_loss_iou: 0.2015  d0.dn_loss_cls: 0.0320  d0.dn_loss_bbox: 0.1388  d0.dn_loss_iou: 0.2848  d1.dn_loss_cls: 0.0120  d1.dn_loss_bbox: 0.0951  d1.dn_loss_iou: 0.2175  d2.dn_loss_cls: 0.0111  d2.dn_loss_bbox: 0.0883  d2.dn_loss_iou: 0.2060  d3.dn_loss_cls: 0.0096  d3.dn_loss_bbox: 0.0865  d3.dn_loss_iou: 0.2029  d4.dn_loss_cls: 0.0111  d4.dn_loss_bbox: 0.0861  d4.dn_loss_iou: 0.2014  contr_loss: 1.7895
08/07 11:05:06 - mmengine - INFO - Epoch(train)  [1][600/698]  base_lr: 1.0000e-04 lr: 1.0000e-04  eta: 6:38:14  time: 1.0893  data_time: 0.0085  memory: 9692  grad_norm: 57.4417  loss: 7.2433  loss_cls: 0.1118  loss_bbox: 0.0740  loss_iou: 0.2742  d0.loss_cls: 0.1274  d0.loss_bbox: 0.0825  d0.loss_iou: 0.2911  d1.loss_cls: 0.1188  d1.loss_bbox: 0.0778  d1.loss_iou: 0.2833  d2.loss_cls: 0.1170  d2.loss_bbox: 0.0758  d2.loss_iou: 0.2794  d3.loss_cls: 0.1157  d3.loss_bbox: 0.0744  d3.loss_iou: 0.2749  d4.loss_cls: 0.1141  d4.loss_bbox: 0.0740  d4.loss_iou: 0.2741  enc_loss_cls: 0.1477  enc_loss_bbox: 0.0901  enc_loss_iou: 0.3114  dn_loss_cls: 0.0149  dn_loss_bbox: 0.0845  dn_loss_iou: 0.2047  d0.dn_loss_cls: 0.0324  d0.dn_loss_bbox: 0.1391  d0.dn_loss_iou: 0.2956  d1.dn_loss_cls: 0.0180  d1.dn_loss_bbox: 0.0955  d1.dn_loss_iou: 0.2233  d2.dn_loss_cls: 0.0144  d2.dn_loss_bbox: 0.0879  d2.dn_loss_iou: 0.2090  d3.dn_loss_cls: 0.0171  d3.dn_loss_bbox: 0.0854  d3.dn_loss_iou: 0.2058  d4.dn_loss_cls: 0.0155  d4.dn_loss_bbox: 0.0845  d4.dn_loss_iou: 0.2048  contr_loss: 1.8214
08/07 11:06:00 - mmengine - INFO - Epoch(train)  [1][650/698]  base_lr: 1.0000e-04 lr: 1.0000e-04  eta: 6:36:41  time: 1.0762  data_time: 0.0086  memory: 9567  grad_norm: 62.8619  loss: 7.2228  loss_cls: 0.1307  loss_bbox: 0.0731  loss_iou: 0.2686  d0.loss_cls: 0.1411  d0.loss_bbox: 0.0796  d0.loss_iou: 0.2752  d1.loss_cls: 0.1355  d1.loss_bbox: 0.0748  d1.loss_iou: 0.2693  d2.loss_cls: 0.1308  d2.loss_bbox: 0.0735  d2.loss_iou: 0.2673  d3.loss_cls: 0.1321  d3.loss_bbox: 0.0733  d3.loss_iou: 0.2686  d4.loss_cls: 0.1283  d4.loss_bbox: 0.0725  d4.loss_iou: 0.2681  enc_loss_cls: 0.1594  enc_loss_bbox: 0.0898  enc_loss_iou: 0.2934  dn_loss_cls: 0.0113  dn_loss_bbox: 0.0850  dn_loss_iou: 0.2039  d0.dn_loss_cls: 0.0370  d0.dn_loss_bbox: 0.1308  d0.dn_loss_iou: 0.2927  d1.dn_loss_cls: 0.0179  d1.dn_loss_bbox: 0.0933  d1.dn_loss_iou: 0.2205  d2.dn_loss_cls: 0.0134  d2.dn_loss_bbox: 0.0865  d2.dn_loss_iou: 0.2053  d3.dn_loss_cls: 0.0117  d3.dn_loss_bbox: 0.0861  d3.dn_loss_iou: 0.2049  d4.dn_loss_cls: 0.0108  d4.dn_loss_bbox: 0.0850  d4.dn_loss_iou: 0.2038  contr_loss: 1.8177
08/07 11:06:52 - mmengine - INFO - Exp name: lae_dino_swin-t_finetune_DIOR_20260807_105315
08/07 11:06:52 - mmengine - INFO - Saving checkpoint at 1 epochs
08/07 11:07:05 - mmengine - INFO - Epoch(val)  [1][ 50/147]    eta: 0:00:10  time: 0.1085  data_time: 0.0086  memory: 9945  
08/07 11:07:10 - mmengine - INFO - Epoch(val)  [1][100/147]    eta: 0:00:04  time: 0.1001  data_time: 0.0019  memory: 3800  
08/07 11:07:17 - mmengine - INFO - Evaluating bbox...
Loading and preparing results...
DONE (t=0.39s)
creating index...
index created!
Running per image evaluation...
Evaluate annotation type *bbox*
DONE (t=8.84s).
Accumulating evaluation results...
DONE (t=3.11s).
 Average Precision  (AP) @[ IoU=0.50:0.95 | area=   all | maxDets=100 ] = 0.700
 Average Precision  (AP) @[ IoU=0.50      | area=   all | maxDets=1000 ] = 0.878
 Average Precision  (AP) @[ IoU=0.75      | area=   all | maxDets=1000 ] = 0.768
 Average Precision  (AP) @[ IoU=0.50:0.95 | area= small | maxDets=1000 ] = 0.235
 Average Precision  (AP) @[ IoU=0.50:0.95 | area=medium | maxDets=1000 ] = 0.586
 Average Precision  (AP) @[ IoU=0.50:0.95 | area= large | maxDets=1000 ] = 0.811
 Average Recall     (AR) @[ IoU=0.50:0.95 | area=   all | maxDets=100 ] = 0.816
 Average Recall     (AR) @[ IoU=0.50:0.95 | area=   all | maxDets=300 ] = 0.822
 Average Recall     (AR) @[ IoU=0.50:0.95 | area=   all | maxDets=1000 ] = 0.822
 Average Recall     (AR) @[ IoU=0.50:0.95 | area= small | maxDets=1000 ] = 0.460
 Average Recall     (AR) @[ IoU=0.50:0.95 | area=medium | maxDets=1000 ] = 0.744
 Average Recall     (AR) @[ IoU=0.50:0.95 | area= large | maxDets=1000 ] = 0.907
08/07 11:07:31 - mmengine - INFO - bbox_mAP_copypaste: 0.700 0.878 0.768 0.235 0.586 0.811
================DIOR/coco================
08/07 11:07:31 - mmengine - INFO - Epoch(val) [1][147/147]    DIOR/coco/bbox_mAP: 0.7000  DIOR/coco/bbox_mAP_50: 0.8780  DIOR/coco/bbox_mAP_75: 0.7680  DIOR/coco/bbox_mAP_s: 0.2350  DIOR/coco/bbox_mAP_m: 0.5860  DIOR/coco/bbox_mAP_l: 0.8110  data_time: 0.0041  time: 0.1027
08/07 11:08:25 - mmengine - INFO - Epoch(train)  [2][ 50/698]  base_lr: 1.0000e-04 lr: 1.0000e-04  eta: 6:34:15  time: 1.0858  data_time: 0.0139  memory: 9771  grad_norm: 53.7278  loss: 7.2499  loss_cls: 0.1093  loss_bbox: 0.0773  loss_iou: 0.3128  d0.loss_cls: 0.1230  d0.loss_bbox: 0.0874  d0.loss_iou: 0.3290  d1.loss_cls: 0.1132  d1.loss_bbox: 0.0820  d1.loss_iou: 0.3154  d2.loss_cls: 0.1152  d2.loss_bbox: 0.0784  d2.loss_iou: 0.3138  d3.loss_cls: 0.1165  d3.loss_bbox: 0.0777  d3.loss_iou: 0.3142  d4.loss_cls: 0.1077  d4.loss_bbox: 0.0786  d4.loss_iou: 0.3141  enc_loss_cls: 0.1357  enc_loss_bbox: 0.0972  enc_loss_iou: 0.3485  dn_loss_cls: 0.0085  dn_loss_bbox: 0.0745  dn_loss_iou: 0.2146  d0.dn_loss_cls: 0.0321  d0.dn_loss_bbox: 0.1263  d0.dn_loss_iou: 0.3062  d1.dn_loss_cls: 0.0117  d1.dn_loss_bbox: 0.0833  d1.dn_loss_iou: 0.2319  d2.dn_loss_cls: 0.0088  d2.dn_loss_bbox: 0.0765  d2.dn_loss_iou: 0.2174  d3.dn_loss_cls: 0.0079  d3.dn_loss_bbox: 0.0748  d3.dn_loss_iou: 0.2153  d4.dn_loss_cls: 0.0075  d4.dn_loss_bbox: 0.0746  d4.dn_loss_iou: 0.2146  contr_loss: 1.6164
08/07 11:09:20 - mmengine - INFO - Epoch(train)  [2][100/698]  base_lr: 1.0000e-04 lr: 1.0000e-04  eta: 6:33:24  time: 1.0991  data_time: 0.0084  memory: 10277  grad_norm: 60.1482  loss: 7.1123  loss_cls: 0.1052  loss_bbox: 0.0732  loss_iou: 0.3350  d0.loss_cls: 0.1180  d0.loss_bbox: 0.0758  d0.loss_iou: 0.3428  d1.loss_cls: 0.1102  d1.loss_bbox: 0.0750  d1.loss_iou: 0.3379  d2.loss_cls: 0.1078  d2.loss_bbox: 0.0734  d2.loss_iou: 0.3359  d3.loss_cls: 0.1063  d3.loss_bbox: 0.0726  d3.loss_iou: 0.3333  d4.loss_cls: 0.1058  d4.loss_bbox: 0.0732  d4.loss_iou: 0.3349  enc_loss_cls: 0.1317  enc_loss_bbox: 0.0841  enc_loss_iou: 0.3658  dn_loss_cls: 0.0163  dn_loss_bbox: 0.0747  dn_loss_iou: 0.2206  d0.dn_loss_cls: 0.0321  d0.dn_loss_bbox: 0.1226  d0.dn_loss_iou: 0.3143  d1.dn_loss_cls: 0.0154  d1.dn_loss_bbox: 0.0830  d1.dn_loss_iou: 0.2409  d2.dn_loss_cls: 0.0151  d2.dn_loss_bbox: 0.0764  d2.dn_loss_iou: 0.2257  d3.dn_loss_cls: 0.0166  d3.dn_loss_bbox: 0.0748  d3.dn_loss_iou: 0.2213  d4.dn_loss_cls: 0.0160  d4.dn_loss_bbox: 0.0747  d4.dn_loss_iou: 0.2203  contr_loss: 1.3536
08/07 11:10:15 - mmengine - INFO - Epoch(train)  [2][150/698]  base_lr: 1.0000e-04 lr: 1.0000e-04  eta: 6:32:33  time: 1.0986  data_time: 0.0083  memory: 10416  grad_norm: 51.9060  loss: 7.1421  loss_cls: 0.0873  loss_bbox: 0.0824  loss_iou: 0.3585  d0.loss_cls: 0.1000  d0.loss_bbox: 0.0854  d0.loss_iou: 0.3666  d1.loss_cls: 0.0911  d1.loss_bbox: 0.0827  d1.loss_iou: 0.3639  d2.loss_cls: 0.0915  d2.loss_bbox: 0.0822  d2.loss_iou: 0.3599  d3.loss_cls: 0.0915  d3.loss_bbox: 0.0831  d3.loss_iou: 0.3595  d4.loss_cls: 0.0889  d4.loss_bbox: 0.0816  d4.loss_iou: 0.3569  enc_loss_cls: 0.1102  enc_loss_bbox: 0.0938  enc_loss_iou: 0.3826  dn_loss_cls: 0.0065  dn_loss_bbox: 0.0785  dn_loss_iou: 0.1893  d0.dn_loss_cls: 0.0214  d0.dn_loss_bbox: 0.1329  d0.dn_loss_iou: 0.2731  d1.dn_loss_cls: 0.0086  d1.dn_loss_bbox: 0.0909  d1.dn_loss_iou: 0.2068  d2.dn_loss_cls: 0.0063  d2.dn_loss_bbox: 0.0813  d2.dn_loss_iou: 0.1935  d3.dn_loss_cls: 0.0055  d3.dn_loss_bbox: 0.0788  d3.dn_loss_iou: 0.1893  d4.dn_loss_cls: 0.0062  d4.dn_loss_bbox: 0.0785  d4.dn_loss_iou: 0.1893  contr_loss: 1.5061
08/07 11:11:09 - mmengine - INFO - Epoch(train)  [2][200/698]  base_lr: 1.0000e-04 lr: 1.0000e-04  eta: 6:31:13  time: 1.0751  data_time: 0.0093  memory: 10692  grad_norm: 50.8178  loss: 6.7235  loss_cls: 0.0978  loss_bbox: 0.0763  loss_iou: 0.2611  d0.loss_cls: 0.1135  d0.loss_bbox: 0.0812  d0.loss_iou: 0.2649  d1.loss_cls: 0.1111  d1.loss_bbox: 0.0757  d1.loss_iou: 0.2584  d2.loss_cls: 0.1010  d2.loss_bbox: 0.0743  d2.loss_iou: 0.2569  d3.loss_cls: 0.1050  d3.loss_bbox: 0.0748  d3.loss_iou: 0.2582  d4.loss_cls: 0.0959  d4.loss_bbox: 0.0757  d4.loss_iou: 0.2607  enc_loss_cls: 0.1257  enc_loss_bbox: 0.0927  enc_loss_iou: 0.2825  dn_loss_cls: 0.0157  dn_loss_bbox: 0.0862  dn_loss_iou: 0.2145  d0.dn_loss_cls: 0.0359  d0.dn_loss_bbox: 0.1355  d0.dn_loss_iou: 0.3004  d1.dn_loss_cls: 0.0197  d1.dn_loss_bbox: 0.0947  d1.dn_loss_iou: 0.2303  d2.dn_loss_cls: 0.0159  d2.dn_loss_bbox: 0.0883  d2.dn_loss_iou: 0.2170  d3.dn_loss_cls: 0.0159  d3.dn_loss_bbox: 0.0867  d3.dn_loss_iou: 0.2151  d4.dn_loss_cls: 0.0156  d4.dn_loss_bbox: 0.0863  d4.dn_loss_iou: 0.2147  contr_loss: 1.4919
08/07 11:12:03 - mmengine - INFO - Epoch(train)  [2][250/698]  base_lr: 1.0000e-04 lr: 1.0000e-04  eta: 6:30:01  time: 1.0800  data_time: 0.0087  memory: 10046  grad_norm: 51.8460  loss: 6.4412  loss_cls: 0.0677  loss_bbox: 0.0648  loss_iou: 0.2286  d0.loss_cls: 0.0789  d0.loss_bbox: 0.0726  d0.loss_iou: 0.2411  d1.loss_cls: 0.0713  d1.loss_bbox: 0.0693  d1.loss_iou: 0.2358  d2.loss_cls: 0.0704  d2.loss_bbox: 0.0668  d2.loss_iou: 0.2324  d3.loss_cls: 0.0713  d3.loss_bbox: 0.0657  d3.loss_iou: 0.2307  d4.loss_cls: 0.0692  d4.loss_bbox: 0.0648  d4.loss_iou: 0.2286  enc_loss_cls: 0.1003  enc_loss_bbox: 0.0805  enc_loss_iou: 0.2548  dn_loss_cls: 0.0063  dn_loss_bbox: 0.0821  dn_loss_iou: 0.2260  d0.dn_loss_cls: 0.0271  d0.dn_loss_bbox: 0.1307  d0.dn_loss_iou: 0.3148  d1.dn_loss_cls: 0.0082  d1.dn_loss_bbox: 0.0918  d1.dn_loss_iou: 0.2437  d2.dn_loss_cls: 0.0069  d2.dn_loss_bbox: 0.0845  d2.dn_loss_iou: 0.2300  d3.dn_loss_cls: 0.0064  d3.dn_loss_bbox: 0.0824  d3.dn_loss_iou: 0.2269  d4.dn_loss_cls: 0.0063  d4.dn_loss_bbox: 0.0820  d4.dn_loss_iou: 0.2260  contr_loss: 1.6934
08/07 11:12:57 - mmengine - INFO - Epoch(train)  [2][300/698]  base_lr: 1.0000e-04 lr: 1.0000e-04  eta: 6:29:02  time: 1.0901  data_time: 0.0086  memory: 10398  grad_norm: 61.4173  loss: 6.0745  loss_cls: 0.0941  loss_bbox: 0.0648  loss_iou: 0.2382  d0.loss_cls: 0.1021  d0.loss_bbox: 0.0706  d0.loss_iou: 0.2437  d1.loss_cls: 0.0966  d1.loss_bbox: 0.0659  d1.loss_iou: 0.2396  d2.loss_cls: 0.0969  d2.loss_bbox: 0.0648  d2.loss_iou: 0.2374  d3.loss_cls: 0.0911  d3.loss_bbox: 0.0645  d3.loss_iou: 0.2378  d4.loss_cls: 0.0897  d4.loss_bbox: 0.0645  d4.loss_iou: 0.2373  enc_loss_cls: 0.1112  enc_loss_bbox: 0.0795  enc_loss_iou: 0.2607  dn_loss_cls: 0.0059  dn_loss_bbox: 0.0816  dn_loss_iou: 0.2203  d0.dn_loss_cls: 0.0220  d0.dn_loss_bbox: 0.1369  d0.dn_loss_iou: 0.3082  d1.dn_loss_cls: 0.0076  d1.dn_loss_bbox: 0.0907  d1.dn_loss_iou: 0.2359  d2.dn_loss_cls: 0.0062  d2.dn_loss_bbox: 0.0833  d2.dn_loss_iou: 0.2233  d3.dn_loss_cls: 0.0061  d3.dn_loss_bbox: 0.0820  d3.dn_loss_iou: 0.2217  d4.dn_loss_cls: 0.0060  d4.dn_loss_bbox: 0.0816  d4.dn_loss_iou: 0.2202  contr_loss: 1.1841
08/07 11:12:59 - mmengine - INFO - Exp name: lae_dino_swin-t_finetune_DIOR_20260807_105315
08/07 11:13:51 - mmengine - INFO - Epoch(train)  [2][350/698]  base_lr: 1.0000e-04 lr: 1.0000e-04  eta: 6:27:57  time: 1.0838  data_time: 0.0086  memory: 9740  grad_norm: 54.4904  loss: 5.8179  loss_cls: 0.0839  loss_bbox: 0.0680  loss_iou: 0.2904  d0.loss_cls: 0.1037  d0.loss_bbox: 0.0728  d0.loss_iou: 0.3031  d1.loss_cls: 0.0931  d1.loss_bbox: 0.0706  d1.loss_iou: 0.2965  d2.loss_cls: 0.0892  d2.loss_bbox: 0.0693  d2.loss_iou: 0.2921  d3.loss_cls: 0.0860  d3.loss_bbox: 0.0696  d3.loss_iou: 0.2921  d4.loss_cls: 0.0845  d4.loss_bbox: 0.0679  d4.loss_iou: 0.2905  enc_loss_cls: 0.1076  enc_loss_bbox: 0.0814  enc_loss_iou: 0.3219  dn_loss_cls: 0.0054  dn_loss_bbox: 0.0763  dn_loss_iou: 0.2045  d0.dn_loss_cls: 0.0241  d0.dn_loss_bbox: 0.1249  d0.dn_loss_iou: 0.2925  d1.dn_loss_cls: 0.0083  d1.dn_loss_bbox: 0.0850  d1.dn_loss_iou: 0.2214  d2.dn_loss_cls: 0.0072  d2.dn_loss_bbox: 0.0789  d2.dn_loss_iou: 0.2075  d3.dn_loss_cls: 0.0061  d3.dn_loss_bbox: 0.0767  d3.dn_loss_iou: 0.2054  d4.dn_loss_cls: 0.0054  d4.dn_loss_bbox: 0.0764  d4.dn_loss_iou: 0.2044  contr_loss: 0.6732
08/07 11:14:46 - mmengine - INFO - Epoch(train)  [2][400/698]  base_lr: 1.0000e-04 lr: 1.0000e-04  eta: 6:26:53  time: 1.0835  data_time: 0.0088  memory: 9962  grad_norm: 54.0088  loss: 6.0803  loss_cls: 0.0906  loss_bbox: 0.0697  loss_iou: 0.2658  d0.loss_cls: 0.0975  d0.loss_bbox: 0.0802  d0.loss_iou: 0.2742  d1.loss_cls: 0.0902  d1.loss_bbox: 0.0765  d1.loss_iou: 0.2729  d2.loss_cls: 0.0901  d2.loss_bbox: 0.0706  d2.loss_iou: 0.2643  d3.loss_cls: 0.0884  d3.loss_bbox: 0.0714  d3.loss_iou: 0.2675  d4.loss_cls: 0.0879  d4.loss_bbox: 0.0708  d4.loss_iou: 0.2672  enc_loss_cls: 0.1078  enc_loss_bbox: 0.0912  enc_loss_iou: 0.2931  dn_loss_cls: 0.0090  dn_loss_bbox: 0.0832  dn_loss_iou: 0.2149  d0.dn_loss_cls: 0.0250  d0.dn_loss_bbox: 0.1334  d0.dn_loss_iou: 0.3038  d1.dn_loss_cls: 0.0105  d1.dn_loss_bbox: 0.0927  d1.dn_loss_iou: 0.2314  d2.dn_loss_cls: 0.0088  d2.dn_loss_bbox: 0.0859  d2.dn_loss_iou: 0.2184  d3.dn_loss_cls: 0.0084  d3.dn_loss_bbox: 0.0842  d3.dn_loss_iou: 0.2159  d4.dn_loss_cls: 0.0084  d4.dn_loss_bbox: 0.0834  d4.dn_loss_iou: 0.2146  contr_loss: 0.9604
08/07 11:15:40 - mmengine - INFO - Epoch(train)  [2][450/698]  base_lr: 1.0000e-04 lr: 1.0000e-04  eta: 6:25:57  time: 1.0919  data_time: 0.0086  memory: 10341  grad_norm: 49.6980  loss: 5.7811  loss_cls: 0.0777  loss_bbox: 0.0712  loss_iou: 0.2577  d0.loss_cls: 0.0865  d0.loss_bbox: 0.0746  d0.loss_iou: 0.2683  d1.loss_cls: 0.0794  d1.loss_bbox: 0.0727  d1.loss_iou: 0.2623  d2.loss_cls: 0.0803  d2.loss_bbox: 0.0723  d2.loss_iou: 0.2598  d3.loss_cls: 0.0783  d3.loss_bbox: 0.0712  d3.loss_iou: 0.2586  d4.loss_cls: 0.0761  d4.loss_bbox: 0.0726  d4.loss_iou: 0.2579  enc_loss_cls: 0.0992  enc_loss_bbox: 0.0873  enc_loss_iou: 0.2911  dn_loss_cls: 0.0033  dn_loss_bbox: 0.0715  dn_loss_iou: 0.1920  d0.dn_loss_cls: 0.0211  d0.dn_loss_bbox: 0.1172  d0.dn_loss_iou: 0.2747  d1.dn_loss_cls: 0.0058  d1.dn_loss_bbox: 0.0800  d1.dn_loss_iou: 0.2084  d2.dn_loss_cls: 0.0044  d2.dn_loss_bbox: 0.0732  d2.dn_loss_iou: 0.1957  d3.dn_loss_cls: 0.0034  d3.dn_loss_bbox: 0.0719  d3.dn_loss_iou: 0.1932  d4.dn_loss_cls: 0.0032  d4.dn_loss_bbox: 0.0715  d4.dn_loss_iou: 0.1921  contr_loss: 1.0434
08/07 11:16:35 - mmengine - INFO - Epoch(train)  [2][500/698]  base_lr: 1.0000e-04 lr: 1.0000e-04  eta: 6:24:59  time: 1.0885  data_time: 0.0085  memory: 9938  grad_norm: 50.5305  loss: 6.8077  loss_cls: 0.0938  loss_bbox: 0.0739  loss_iou: 0.2691  d0.loss_cls: 0.1106  d0.loss_bbox: 0.0793  d0.loss_iou: 0.2803  d1.loss_cls: 0.1101  d1.loss_bbox: 0.0713  d1.loss_iou: 0.2716  d2.loss_cls: 0.0990  d2.loss_bbox: 0.0727  d2.loss_iou: 0.2667  d3.loss_cls: 0.0952  d3.loss_bbox: 0.0747  d3.loss_iou: 0.2692  d4.loss_cls: 0.0966  d4.loss_bbox: 0.0736  d4.loss_iou: 0.2682  enc_loss_cls: 0.1254  enc_loss_bbox: 0.0952  enc_loss_iou: 0.3081  dn_loss_cls: 0.0042  dn_loss_bbox: 0.1043  dn_loss_iou: 0.2289  d0.dn_loss_cls: 0.0279  d0.dn_loss_bbox: 0.1696  d0.dn_loss_iou: 0.3308  d1.dn_loss_cls: 0.0087  d1.dn_loss_bbox: 0.1155  d1.dn_loss_iou: 0.2475  d2.dn_loss_cls: 0.0056  d2.dn_loss_bbox: 0.1067  d2.dn_loss_iou: 0.2320  d3.dn_loss_cls: 0.0047  d3.dn_loss_bbox: 0.1056  d3.dn_loss_iou: 0.2303  d4.dn_loss_cls: 0.0044  d4.dn_loss_bbox: 0.1044  d4.dn_loss_iou: 0.2288  contr_loss: 1.3429
08/07 11:17:30 - mmengine - INFO - Epoch(train)  [2][550/698]  base_lr: 1.0000e-04 lr: 1.0000e-04  eta: 6:24:15  time: 1.1061  data_time: 0.0088  memory: 9968  grad_norm: 49.7820  loss: 5.7022  loss_cls: 0.0607  loss_bbox: 0.0658  loss_iou: 0.2183  d0.loss_cls: 0.0662  d0.loss_bbox: 0.0739  d0.loss_iou: 0.2278  d1.loss_cls: 0.0654  d1.loss_bbox: 0.0698  d1.loss_iou: 0.2211  d2.loss_cls: 0.0637  d2.loss_bbox: 0.0671  d2.loss_iou: 0.2184  d3.loss_cls: 0.0622  d3.loss_bbox: 0.0657  d3.loss_iou: 0.2176  d4.loss_cls: 0.0600  d4.loss_bbox: 0.0661  d4.loss_iou: 0.2187  enc_loss_cls: 0.0825  enc_loss_bbox: 0.0837  enc_loss_iou: 0.2475  dn_loss_cls: 0.0049  dn_loss_bbox: 0.1157  dn_loss_iou: 0.2126  d0.dn_loss_cls: 0.0221  d0.dn_loss_bbox: 0.1743  d0.dn_loss_iou: 0.3050  d1.dn_loss_cls: 0.0071  d1.dn_loss_bbox: 0.1280  d1.dn_loss_iou: 0.2288  d2.dn_loss_cls: 0.0055  d2.dn_loss_bbox: 0.1186  d2.dn_loss_iou: 0.2167  d3.dn_loss_cls: 0.0052  d3.dn_loss_bbox: 0.1174  d3.dn_loss_iou: 0.2142  d4.dn_loss_cls: 0.0050  d4.dn_loss_bbox: 0.1157  d4.dn_loss_iou: 0.2124  contr_loss: 0.9707
08/07 11:18:24 - mmengine - INFO - Epoch(train)  [2][600/698]  base_lr: 1.0000e-04 lr: 1.0000e-04  eta: 6:23:05  time: 1.0739  data_time: 0.0084  memory: 9627  grad_norm: 54.8793  loss: 7.0330  loss_cls: 0.0779  loss_bbox: 0.0722  loss_iou: 0.2739  d0.loss_cls: 0.0898  d0.loss_bbox: 0.0766  d0.loss_iou: 0.2834  d1.loss_cls: 0.0844  d1.loss_bbox: 0.0745  d1.loss_iou: 0.2794  d2.loss_cls: 0.0822  d2.loss_bbox: 0.0729  d2.loss_iou: 0.2766  d3.loss_cls: 0.0785  d3.loss_bbox: 0.0730  d3.loss_iou: 0.2756  d4.loss_cls: 0.0790  d4.loss_bbox: 0.0727  d4.loss_iou: 0.2748  enc_loss_cls: 0.1064  enc_loss_bbox: 0.0884  enc_loss_iou: 0.3048  dn_loss_cls: 0.0076  dn_loss_bbox: 0.0856  dn_loss_iou: 0.2183  d0.dn_loss_cls: 0.0304  d0.dn_loss_bbox: 0.1422  d0.dn_loss_iou: 0.3081  d1.dn_loss_cls: 0.0111  d1.dn_loss_bbox: 0.0947  d1.dn_loss_iou: 0.2360  d2.dn_loss_cls: 0.0089  d2.dn_loss_bbox: 0.0876  d2.dn_loss_iou: 0.2226  d3.dn_loss_cls: 0.0079  d3.dn_loss_bbox: 0.0860  d3.dn_loss_iou: 0.2201  d4.dn_loss_cls: 0.0079  d4.dn_loss_bbox: 0.0854  d4.dn_loss_iou: 0.2183  contr_loss: 1.8576
08/07 11:19:18 - mmengine - INFO - Epoch(train)  [2][650/698]  base_lr: 1.0000e-04 lr: 1.0000e-04  eta: 6:22:15  time: 1.0983  data_time: 0.0085  memory: 10307  grad_norm: 58.5178  loss: 6.3093  loss_cls: 0.1181  loss_bbox: 0.0662  loss_iou: 0.2263  d0.loss_cls: 0.1240  d0.loss_bbox: 0.0729  d0.loss_iou: 0.2363  d1.loss_cls: 0.1229  d1.loss_bbox: 0.0690  d1.loss_iou: 0.2301  d2.loss_cls: 0.1197  d2.loss_bbox: 0.0668  d2.loss_iou: 0.2263  d3.loss_cls: 0.1192  d3.loss_bbox: 0.0657  d3.loss_iou: 0.2255  d4.loss_cls: 0.1182  d4.loss_bbox: 0.0659  d4.loss_iou: 0.2252  enc_loss_cls: 0.1415  enc_loss_bbox: 0.0807  enc_loss_iou: 0.2508  dn_loss_cls: 0.0151  dn_loss_bbox: 0.0932  dn_loss_iou: 0.2222  d0.dn_loss_cls: 0.0353  d0.dn_loss_bbox: 0.1449  d0.dn_loss_iou: 0.3121  d1.dn_loss_cls: 0.0164  d1.dn_loss_bbox: 0.1039  d1.dn_loss_iou: 0.2397  d2.dn_loss_cls: 0.0144  d2.dn_loss_bbox: 0.0965  d2.dn_loss_iou: 0.2271  d3.dn_loss_cls: 0.0132  d3.dn_loss_bbox: 0.0941  d3.dn_loss_iou: 0.2236  d4.dn_loss_cls: 0.0136  d4.dn_loss_bbox: 0.0935  d4.dn_loss_iou: 0.2225  contr_loss: 1.1567
08/07 11:20:10 - mmengine - INFO - Exp name: lae_dino_swin-t_finetune_DIOR_20260807_105315
08/07 11:20:10 - mmengine - INFO - Saving checkpoint at 2 epochs
08/07 11:20:22 - mmengine - INFO - Epoch(val)  [2][ 50/147]    eta: 0:00:09  time: 0.1025  data_time: 0.0023  memory: 9713  
08/07 11:20:27 - mmengine - INFO - Epoch(val)  [2][100/147]    eta: 0:00:04  time: 0.1007  data_time: 0.0018  memory: 3800  
08/07 11:20:35 - mmengine - INFO - Evaluating bbox...
Loading and preparing results...
DONE (t=0.60s)
creating index...
index created!
Running per image evaluation...
Evaluate annotation type *bbox*
DONE (t=7.97s).
Accumulating evaluation results...
DONE (t=3.10s).
 Average Precision  (AP) @[ IoU=0.50:0.95 | area=   all | maxDets=100 ] = 0.715
 Average Precision  (AP) @[ IoU=0.50      | area=   all | maxDets=1000 ] = 0.893
 Average Precision  (AP) @[ IoU=0.75      | area=   all | maxDets=1000 ] = 0.776
 Average Precision  (AP) @[ IoU=0.50:0.95 | area= small | maxDets=1000 ] = 0.236
 Average Precision  (AP) @[ IoU=0.50:0.95 | area=medium | maxDets=1000 ] = 0.604
 Average Precision  (AP) @[ IoU=0.50:0.95 | area= large | maxDets=1000 ] = 0.829
 Average Recall     (AR) @[ IoU=0.50:0.95 | area=   all | maxDets=100 ] = 0.815
 Average Recall     (AR) @[ IoU=0.50:0.95 | area=   all | maxDets=300 ] = 0.821
 Average Recall     (AR) @[ IoU=0.50:0.95 | area=   all | maxDets=1000 ] = 0.821
 Average Recall     (AR) @[ IoU=0.50:0.95 | area= small | maxDets=1000 ] = 0.424
 Average Recall     (AR) @[ IoU=0.50:0.95 | area=medium | maxDets=1000 ] = 0.737
 Average Recall     (AR) @[ IoU=0.50:0.95 | area= large | maxDets=1000 ] = 0.904
08/07 11:20:48 - mmengine - INFO - bbox_mAP_copypaste: 0.715 0.893 0.776 0.236 0.604 0.829
================DIOR/coco================
08/07 11:20:48 - mmengine - INFO - Epoch(val) [2][147/147]    DIOR/coco/bbox_mAP: 0.7150  DIOR/coco/bbox_mAP_50: 0.8930  DIOR/coco/bbox_mAP_75: 0.7760  DIOR/coco/bbox_mAP_s: 0.2360  DIOR/coco/bbox_mAP_m: 0.6040  DIOR/coco/bbox_mAP_l: 0.8290  data_time: 0.0020  time: 0.1010
08/07 11:21:42 - mmengine - INFO - Epoch(train)  [3][ 50/698]  base_lr: 1.0000e-04 lr: 1.0000e-04  eta: 6:20:14  time: 1.0905  data_time: 0.0135  memory: 10130  grad_norm: 54.3649  loss: 6.4905  loss_cls: 0.0862  loss_bbox: 0.0675  loss_iou: 0.2903  d0.loss_cls: 0.1001  d0.loss_bbox: 0.0736  d0.loss_iou: 0.2962  d1.loss_cls: 0.0924  d1.loss_bbox: 0.0698  d1.loss_iou: 0.2918  d2.loss_cls: 0.0931  d2.loss_bbox: 0.0665  d2.loss_iou: 0.2899  d3.loss_cls: 0.0871  d3.loss_bbox: 0.0670  d3.loss_iou: 0.2897  d4.loss_cls: 0.0872  d4.loss_bbox: 0.0674  d4.loss_iou: 0.2898  enc_loss_cls: 0.1211  enc_loss_bbox: 0.0842  enc_loss_iou: 0.3151  dn_loss_cls: 0.0072  dn_loss_bbox: 0.0807  dn_loss_iou: 0.1932  d0.dn_loss_cls: 0.0244  d0.dn_loss_bbox: 0.1307  d0.dn_loss_iou: 0.2719  d1.dn_loss_cls: 0.0094  d1.dn_loss_bbox: 0.0900  d1.dn_loss_iou: 0.2082  d2.dn_loss_cls: 0.0081  d2.dn_loss_bbox: 0.0840  d2.dn_loss_iou: 0.1967  d3.dn_loss_cls: 0.0067  d3.dn_loss_bbox: 0.0820  d3.dn_loss_iou: 0.1939  d4.dn_loss_cls: 0.0067  d4.dn_loss_bbox: 0.0808  d4.dn_loss_iou: 0.1933  contr_loss: 1.3970
08/07 11:22:41 - mmengine - INFO - Epoch(train)  [3][100/698]  base_lr: 1.0000e-04 lr: 1.0000e-04  eta: 6:20:15  time: 1.1730  data_time: 0.0095  memory: 10145  grad_norm: 50.0839  loss: 6.3837  loss_cls: 0.1451  loss_bbox: 0.0666  loss_iou: 0.2780  d0.loss_cls: 0.1478  d0.loss_bbox: 0.0768  d0.loss_iou: 0.2863  d1.loss_cls: 0.1459  d1.loss_bbox: 0.0716  d1.loss_iou: 0.2814  d2.loss_cls: 0.1467  d2.loss_bbox: 0.0677  d2.loss_iou: 0.2761  d3.loss_cls: 0.1461  d3.loss_bbox: 0.0672  d3.loss_iou: 0.2761  d4.loss_cls: 0.1499  d4.loss_bbox: 0.0678  d4.loss_iou: 0.2778  enc_loss_cls: 0.1685  enc_loss_bbox: 0.0858  enc_loss_iou: 0.3043  dn_loss_cls: 0.0069  dn_loss_bbox: 0.0892  dn_loss_iou: 0.2180  d0.dn_loss_cls: 0.0255  d0.dn_loss_bbox: 0.1409  d0.dn_loss_iou: 0.3087  d1.dn_loss_cls: 0.0081  d1.dn_loss_bbox: 0.0980  d1.dn_loss_iou: 0.2347  d2.dn_loss_cls: 0.0059  d2.dn_loss_bbox: 0.0902  d2.dn_loss_iou: 0.2211  d3.dn_loss_cls: 0.0057  d3.dn_loss_bbox: 0.0890  d3.dn_loss_iou: 0.2185  d4.dn_loss_cls: 0.0066  d4.dn_loss_bbox: 0.0892  d4.dn_loss_iou: 0.2180  contr_loss: 0.7759
08/07 11:23:35 - mmengine - INFO - Epoch(train)  [3][150/698]  base_lr: 1.0000e-04 lr: 1.0000e-04  eta: 6:19:14  time: 1.0842  data_time: 0.0114  memory: 9867  grad_norm: 57.6520  loss: 6.8815  loss_cls: 0.1061  loss_bbox: 0.0763  loss_iou: 0.3003  d0.loss_cls: 0.1152  d0.loss_bbox: 0.0861  d0.loss_iou: 0.3183  d1.loss_cls: 0.1096  d1.loss_bbox: 0.0803  d1.loss_iou: 0.3094  d2.loss_cls: 0.1097  d2.loss_bbox: 0.0778  d2.loss_iou: 0.3045  d3.loss_cls: 0.1073  d3.loss_bbox: 0.0765  d3.loss_iou: 0.3010  d4.loss_cls: 0.1080  d4.loss_bbox: 0.0761  d4.loss_iou: 0.2995  enc_loss_cls: 0.1448  enc_loss_bbox: 0.1027  enc_loss_iou: 0.3442  dn_loss_cls: 0.0079  dn_loss_bbox: 0.0868  dn_loss_iou: 0.2085  d0.dn_loss_cls: 0.0299  d0.dn_loss_bbox: 0.1471  d0.dn_loss_iou: 0.2982  d1.dn_loss_cls: 0.0146  d1.dn_loss_bbox: 0.0990  d1.dn_loss_iou: 0.2277  d2.dn_loss_cls: 0.0107  d2.dn_loss_bbox: 0.0899  d2.dn_loss_iou: 0.2121  d3.dn_loss_cls: 0.0088  d3.dn_loss_bbox: 0.0873  d3.dn_loss_iou: 0.2090  d4.dn_loss_cls: 0.0081  d4.dn_loss_bbox: 0.0868  d4.dn_loss_iou: 0.2083  contr_loss: 1.2875
08/07 11:24:32 - mmengine - INFO - Epoch(train)  [3][200/698]  base_lr: 1.0000e-04 lr: 1.0000e-04  eta: 6:18:50  time: 1.1423  data_time: 0.0092  memory: 10212  grad_norm: 54.9071  loss: 6.4427  loss_cls: 0.0913  loss_bbox: 0.0634  loss_iou: 0.2598  d0.loss_cls: 0.0996  d0.loss_bbox: 0.0700  d0.loss_iou: 0.2718  d1.loss_cls: 0.0990  d1.loss_bbox: 0.0662  d1.loss_iou: 0.2640  d2.loss_cls: 0.0949  d2.loss_bbox: 0.0651  d2.loss_iou: 0.2614  d3.loss_cls: 0.0937  d3.loss_bbox: 0.0643  d3.loss_iou: 0.2612  d4.loss_cls: 0.0931  d4.loss_bbox: 0.0633  d4.loss_iou: 0.2600  enc_loss_cls: 0.1124  enc_loss_bbox: 0.0784  enc_loss_iou: 0.2874  dn_loss_cls: 0.0058  dn_loss_bbox: 0.0919  dn_loss_iou: 0.2270  d0.dn_loss_cls: 0.0258  d0.dn_loss_bbox: 0.1424  d0.dn_loss_iou: 0.3218  d1.dn_loss_cls: 0.0081  d1.dn_loss_bbox: 0.1007  d1.dn_loss_iou: 0.2447  d2.dn_loss_cls: 0.0065  d2.dn_loss_bbox: 0.0946  d2.dn_loss_iou: 0.2312  d3.dn_loss_cls: 0.0058  d3.dn_loss_bbox: 0.0930  d3.dn_loss_iou: 0.2280  d4.dn_loss_cls: 0.0057  d4.dn_loss_bbox: 0.0920  d4.dn_loss_iou: 0.2270  contr_loss: 1.2700
08/07 11:25:27 - mmengine - INFO - Epoch(train)  [3][250/698]  base_lr: 1.0000e-04 lr: 1.0000e-04  eta: 6:17:56  time: 1.0969  data_time: 0.0087  memory: 9780  grad_norm: 58.0924  loss: 5.7671  loss_cls: 0.0807  loss_bbox: 0.0643  loss_iou: 0.2310  d0.loss_cls: 0.0937  d0.loss_bbox: 0.0679  d0.loss_iou: 0.2410  d1.loss_cls: 0.0856  d1.loss_bbox: 0.0667  d1.loss_iou: 0.2355  d2.loss_cls: 0.0831  d2.loss_bbox: 0.0650  d2.loss_iou: 0.2335  d3.loss_cls: 0.0787  d3.loss_bbox: 0.0657  d3.loss_iou: 0.2325  d4.loss_cls: 0.0796  d4.loss_bbox: 0.0649  d4.loss_iou: 0.2314  enc_loss_cls: 0.1102  enc_loss_bbox: 0.0804  enc_loss_iou: 0.2571  dn_loss_cls: 0.0145  dn_loss_bbox: 0.0788  dn_loss_iou: 0.1994  d0.dn_loss_cls: 0.0273  d0.dn_loss_bbox: 0.1304  d0.dn_loss_iou: 0.2888  d1.dn_loss_cls: 0.0116  d1.dn_loss_bbox: 0.0856  d1.dn_loss_iou: 0.2157  d2.dn_loss_cls: 0.0132  d2.dn_loss_bbox: 0.0793  d2.dn_loss_iou: 0.2022  d3.dn_loss_cls: 0.0136  d3.dn_loss_bbox: 0.0795  d3.dn_loss_iou: 0.2004  d4.dn_loss_cls: 0.0156  d4.dn_loss_bbox: 0.0789  d4.dn_loss_iou: 0.1994  contr_loss: 1.0846
08/07 11:26:22 - mmengine - INFO - Epoch(train)  [3][300/698]  base_lr: 1.0000e-04 lr: 1.0000e-04  eta: 6:16:59  time: 1.0930  data_time: 0.0089  memory: 9678  grad_norm: 48.6822  loss: 6.9227  loss_cls: 0.0875  loss_bbox: 0.0675  loss_iou: 0.3114  d0.loss_cls: 0.0972  d0.loss_bbox: 0.0724  d0.loss_iou: 0.3262  d1.loss_cls: 0.0951  d1.loss_bbox: 0.0691  d1.loss_iou: 0.3175  d2.loss_cls: 0.0945  d2.loss_bbox: 0.0664  d2.loss_iou: 0.3124  d3.loss_cls: 0.0909  d3.loss_bbox: 0.0662  d3.loss_iou: 0.3119  d4.loss_cls: 0.0901  d4.loss_bbox: 0.0650  d4.loss_iou: 0.3096  enc_loss_cls: 0.1109  enc_loss_bbox: 0.0827  enc_loss_iou: 0.3465  dn_loss_cls: 0.0048  dn_loss_bbox: 0.0612  dn_loss_iou: 0.1959  d0.dn_loss_cls: 0.0194  d0.dn_loss_bbox: 0.1005  d0.dn_loss_iou: 0.2806  d1.dn_loss_cls: 0.0071  d1.dn_loss_bbox: 0.0688  d1.dn_loss_iou: 0.2136  d2.dn_loss_cls: 0.0056  d2.dn_loss_bbox: 0.0632  d2.dn_loss_iou: 0.2002  d3.dn_loss_cls: 0.0051  d3.dn_loss_bbox: 0.0614  d3.dn_loss_iou: 0.1968  d4.dn_loss_cls: 0.0046  d4.dn_loss_bbox: 0.0611  d4.dn_loss_iou: 0.1958  contr_loss: 1.7861
08/07 11:27:15 - mmengine - INFO - Epoch(train)  [3][350/698]  base_lr: 1.0000e-04 lr: 1.0000e-04  eta: 6:15:52  time: 1.0755  data_time: 0.0088  memory: 9665  grad_norm: 52.4393  loss: 6.2010  loss_cls: 0.0853  loss_bbox: 0.0620  loss_iou: 0.2413  d0.loss_cls: 0.0971  d0.loss_bbox: 0.0712  d0.loss_iou: 0.2561  d1.loss_cls: 0.0916  d1.loss_bbox: 0.0683  d1.loss_iou: 0.2531  d2.loss_cls: 0.0856  d2.loss_bbox: 0.0690  d2.loss_iou: 0.2514  d3.loss_cls: 0.0875  d3.loss_bbox: 0.0626  d3.loss_iou: 0.2428  d4.loss_cls: 0.0855  d4.loss_bbox: 0.0624  d4.loss_iou: 0.2418  enc_loss_cls: 0.1113  enc_loss_bbox: 0.0815  enc_loss_iou: 0.2714  dn_loss_cls: 0.0057  dn_loss_bbox: 0.0970  dn_loss_iou: 0.2125  d0.dn_loss_cls: 0.0298  d0.dn_loss_bbox: 0.1500  d0.dn_loss_iou: 0.3042  d1.dn_loss_cls: 0.0094  d1.dn_loss_bbox: 0.1059  d1.dn_loss_iou: 0.2295  d2.dn_loss_cls: 0.0079  d2.dn_loss_bbox: 0.0982  d2.dn_loss_iou: 0.2158  d3.dn_loss_cls: 0.0065  d3.dn_loss_bbox: 0.0977  d3.dn_loss_iou: 0.2132  d4.dn_loss_cls: 0.0062  d4.dn_loss_bbox: 0.0970  d4.dn_loss_iou: 0.2123  contr_loss: 1.2234
08/07 11:28:10 - mmengine - INFO - Epoch(train)  [3][400/698]  base_lr: 1.0000e-04 lr: 1.0000e-04  eta: 6:14:51  time: 1.0843  data_time: 0.0087  memory: 9829  grad_norm: 51.4051  loss: 6.6555  loss_cls: 0.0839  loss_bbox: 0.0753  loss_iou: 0.2627  d0.loss_cls: 0.0898  d0.loss_bbox: 0.0814  d0.loss_iou: 0.2705  d1.loss_cls: 0.0811  d1.loss_bbox: 0.0778  d1.loss_iou: 0.2661  d2.loss_cls: 0.0814  d2.loss_bbox: 0.0774  d2.loss_iou: 0.2647  d3.loss_cls: 0.0837  d3.loss_bbox: 0.0767  d3.loss_iou: 0.2653  d4.loss_cls: 0.0846  d4.loss_bbox: 0.0758  d4.loss_iou: 0.2638  enc_loss_cls: 0.1159  enc_loss_bbox: 0.0955  enc_loss_iou: 0.2903  dn_loss_cls: 0.0060  dn_loss_bbox: 0.0950  dn_loss_iou: 0.2187  d0.dn_loss_cls: 0.0255  d0.dn_loss_bbox: 0.1378  d0.dn_loss_iou: 0.2999  d1.dn_loss_cls: 0.0079  d1.dn_loss_bbox: 0.1011  d1.dn_loss_iou: 0.2340  d2.dn_loss_cls: 0.0072  d2.dn_loss_bbox: 0.0968  d2.dn_loss_iou: 0.2217  d3.dn_loss_cls: 0.0065  d3.dn_loss_bbox: 0.0950  d3.dn_loss_iou: 0.2189  d4.dn_loss_cls: 0.0062  d4.dn_loss_bbox: 0.0949  d4.dn_loss_iou: 0.2184  contr_loss: 1.5003
08/07 11:29:04 - mmengine - INFO - Epoch(train)  [3][450/698]  base_lr: 1.0000e-04 lr: 1.0000e-04  eta: 6:13:52  time: 1.0869  data_time: 0.0089  memory: 9971  grad_norm: 51.6271  loss: 6.5734  loss_cls: 0.0885  loss_bbox: 0.0794  loss_iou: 0.2958  d0.loss_cls: 0.1017  d0.loss_bbox: 0.0896  d0.loss_iou: 0.3106  d1.loss_cls: 0.0970  d1.loss_bbox: 0.0825  d1.loss_iou: 0.3000  d2.loss_cls: 0.0919  d2.loss_bbox: 0.0833  d2.loss_iou: 0.3008  d3.loss_cls: 0.0898  d3.loss_bbox: 0.0826  d3.loss_iou: 0.2981  d4.loss_cls: 0.0868  d4.loss_bbox: 0.0817  d4.loss_iou: 0.2974  enc_loss_cls: 0.1159  enc_loss_bbox: 0.0950  enc_loss_iou: 0.3261  dn_loss_cls: 0.0084  dn_loss_bbox: 0.0762  dn_loss_iou: 0.2029  d0.dn_loss_cls: 0.0275  d0.dn_loss_bbox: 0.1176  d0.dn_loss_iou: 0.2822  d1.dn_loss_cls: 0.0111  d1.dn_loss_bbox: 0.0834  d1.dn_loss_iou: 0.2192  d2.dn_loss_cls: 0.0095  d2.dn_loss_bbox: 0.0784  d2.dn_loss_iou: 0.2073  d3.dn_loss_cls: 0.0080  d3.dn_loss_bbox: 0.0768  d3.dn_loss_iou: 0.2042  d4.dn_loss_cls: 0.0078  d4.dn_loss_bbox: 0.0762  d4.dn_loss_iou: 0.2030  contr_loss: 1.2790
08/07 11:29:58 - mmengine - INFO - Epoch(train)  [3][500/698]  base_lr: 1.0000e-04 lr: 1.0000e-04  eta: 6:12:50  time: 1.0814  data_time: 0.0088  memory: 9534  grad_norm: 48.5780  loss: 6.5706  loss_cls: 0.0730  loss_bbox: 0.0792  loss_iou: 0.3007  d0.loss_cls: 0.0894  d0.loss_bbox: 0.0871  d0.loss_iou: 0.3096  d1.loss_cls: 0.0820  d1.loss_bbox: 0.0814  d1.loss_iou: 0.3038  d2.loss_cls: 0.0775  d2.loss_bbox: 0.0791  d2.loss_iou: 0.3005  d3.loss_cls: 0.0750  d3.loss_bbox: 0.0785  d3.loss_iou: 0.3000  d4.loss_cls: 0.0743  d4.loss_bbox: 0.0790  d4.loss_iou: 0.3003  enc_loss_cls: 0.1021  enc_loss_bbox: 0.1001  enc_loss_iou: 0.3302  dn_loss_cls: 0.0057  dn_loss_bbox: 0.0803  dn_loss_iou: 0.2022  d0.dn_loss_cls: 0.0239  d0.dn_loss_bbox: 0.1273  d0.dn_loss_iou: 0.2869  d1.dn_loss_cls: 0.0097  d1.dn_loss_bbox: 0.0891  d1.dn_loss_iou: 0.2176  d2.dn_loss_cls: 0.0069  d2.dn_loss_bbox: 0.0831  d2.dn_loss_iou: 0.2057  d3.dn_loss_cls: 0.0054  d3.dn_loss_bbox: 0.0810  d3.dn_loss_iou: 0.2030  d4.dn_loss_cls: 0.0054  d4.dn_loss_bbox: 0.0804  d4.dn_loss_iou: 0.2022  contr_loss: 1.3521
08/07 11:30:53 - mmengine - INFO - Epoch(train)  [3][550/698]  base_lr: 1.0000e-04 lr: 1.0000e-04  eta: 6:11:58  time: 1.0990  data_time: 0.0087  memory: 9908  grad_norm: 56.6412  loss: 6.5307  loss_cls: 0.0714  loss_bbox: 0.0640  loss_iou: 0.2386  d0.loss_cls: 0.0761  d0.loss_bbox: 0.0749  d0.loss_iou: 0.2505  d1.loss_cls: 0.0779  d1.loss_bbox: 0.0646  d1.loss_iou: 0.2414  d2.loss_cls: 0.0748  d2.loss_bbox: 0.0629  d2.loss_iou: 0.2382  d3.loss_cls: 0.0769  d3.loss_bbox: 0.0623  d3.loss_iou: 0.2372  d4.loss_cls: 0.0721  d4.loss_bbox: 0.0641  d4.loss_iou: 0.2386  enc_loss_cls: 0.0944  enc_loss_bbox: 0.0807  enc_loss_iou: 0.2655  dn_loss_cls: 0.0033  dn_loss_bbox: 0.0869  dn_loss_iou: 0.2137  d0.dn_loss_cls: 0.0211  d0.dn_loss_bbox: 0.1445  d0.dn_loss_iou: 0.3091  d1.dn_loss_cls: 0.0057  d1.dn_loss_bbox: 0.0961  d1.dn_loss_iou: 0.2307  d2.dn_loss_cls: 0.0040  d2.dn_loss_bbox: 0.0887  d2.dn_loss_iou: 0.2176  d3.dn_loss_cls: 0.0032  d3.dn_loss_bbox: 0.0874  d3.dn_loss_iou: 0.2145  d4.dn_loss_cls: 0.0031  d4.dn_loss_bbox: 0.0868  d4.dn_loss_iou: 0.2136  contr_loss: 1.7735
08/07 11:31:48 - mmengine - INFO - Epoch(train)  [3][600/698]  base_lr: 1.0000e-04 lr: 1.0000e-04  eta: 6:11:03  time: 1.0941  data_time: 0.0089  memory: 10568  grad_norm: 57.1641  loss: 6.8240  loss_cls: 0.0890  loss_bbox: 0.0679  loss_iou: 0.3130  d0.loss_cls: 0.0949  d0.loss_bbox: 0.0783  d0.loss_iou: 0.3194  d1.loss_cls: 0.0936  d1.loss_bbox: 0.0711  d1.loss_iou: 0.3157  d2.loss_cls: 0.0911  d2.loss_bbox: 0.0703  d2.loss_iou: 0.3142  d3.loss_cls: 0.0890  d3.loss_bbox: 0.0682  d3.loss_iou: 0.3132  d4.loss_cls: 0.0895  d4.loss_bbox: 0.0674  d4.loss_iou: 0.3112  enc_loss_cls: 0.1030  enc_loss_bbox: 0.0882  enc_loss_iou: 0.3380  dn_loss_cls: 0.0042  dn_loss_bbox: 0.0831  dn_loss_iou: 0.2360  d0.dn_loss_cls: 0.0230  d0.dn_loss_bbox: 0.1395  d0.dn_loss_iou: 0.3395  d1.dn_loss_cls: 0.0068  d1.dn_loss_bbox: 0.0940  d1.dn_loss_iou: 0.2550  d2.dn_loss_cls: 0.0053  d2.dn_loss_bbox: 0.0858  d2.dn_loss_iou: 0.2400  d3.dn_loss_cls: 0.0048  d3.dn_loss_bbox: 0.0841  d3.dn_loss_iou: 0.2371  d4.dn_loss_cls: 0.0044  d4.dn_loss_bbox: 0.0830  d4.dn_loss_iou: 0.2355  contr_loss: 1.2767
08/07 11:31:52 - mmengine - INFO - Exp name: lae_dino_swin-t_finetune_DIOR_20260807_105315
08/07 11:32:44 - mmengine - INFO - Epoch(train)  [3][650/698]  base_lr: 1.0000e-04 lr: 1.0000e-04  eta: 6:10:20  time: 1.1184  data_time: 0.0091  memory: 9988  grad_norm: 48.4321  loss: 5.6090  loss_cls: 0.0590  loss_bbox: 0.0622  loss_iou: 0.2278  d0.loss_cls: 0.0676  d0.loss_bbox: 0.0707  d0.loss_iou: 0.2398  d1.loss_cls: 0.0625  d1.loss_bbox: 0.0642  d1.loss_iou: 0.2312  d2.loss_cls: 0.0621  d2.loss_bbox: 0.0619  d2.loss_iou: 0.2290  d3.loss_cls: 0.0597  d3.loss_bbox: 0.0617  d3.loss_iou: 0.2286  d4.loss_cls: 0.0584  d4.loss_bbox: 0.0616  d4.loss_iou: 0.2275  enc_loss_cls: 0.0861  enc_loss_bbox: 0.0833  enc_loss_iou: 0.2582  dn_loss_cls: 0.0025  dn_loss_bbox: 0.0812  dn_loss_iou: 0.1881  d0.dn_loss_cls: 0.0178  d0.dn_loss_bbox: 0.1377  d0.dn_loss_iou: 0.2789  d1.dn_loss_cls: 0.0052  d1.dn_loss_bbox: 0.0917  d1.dn_loss_iou: 0.2062  d2.dn_loss_cls: 0.0039  d2.dn_loss_bbox: 0.0845  d2.dn_loss_iou: 0.1932  d3.dn_loss_cls: 0.0030  d3.dn_loss_bbox: 0.0823  d3.dn_loss_iou: 0.1900  d4.dn_loss_cls: 0.0028  d4.dn_loss_bbox: 0.0811  d4.dn_loss_iou: 0.1879  contr_loss: 1.2079
08/07 11:33:35 - mmengine - INFO - Exp name: lae_dino_swin-t_finetune_DIOR_20260807_105315
08/07 11:33:35 - mmengine - INFO - Saving checkpoint at 3 epochs
08/07 11:33:47 - mmengine - INFO - Epoch(val)  [3][ 50/147]    eta: 0:00:10  time: 0.1031  data_time: 0.0024  memory: 9627  
08/07 11:33:52 - mmengine - INFO - Epoch(val)  [3][100/147]    eta: 0:00:04  time: 0.1009  data_time: 0.0020  memory: 3800  
08/07 11:33:59 - mmengine - INFO - Evaluating bbox...
Loading and preparing results...
DONE (t=0.41s)
creating index...
index created!
Running per image evaluation...
Evaluate annotation type *bbox*
DONE (t=8.58s).
Accumulating evaluation results...
DONE (t=3.12s).
 Average Precision  (AP) @[ IoU=0.50:0.95 | area=   all | maxDets=100 ] = 0.717
 Average Precision  (AP) @[ IoU=0.50      | area=   all | maxDets=1000 ] = 0.891
 Average Precision  (AP) @[ IoU=0.75      | area=   all | maxDets=1000 ] = 0.780
 Average Precision  (AP) @[ IoU=0.50:0.95 | area= small | maxDets=1000 ] = 0.214
 Average Precision  (AP) @[ IoU=0.50:0.95 | area=medium | maxDets=1000 ] = 0.605
 Average Precision  (AP) @[ IoU=0.50:0.95 | area= large | maxDets=1000 ] = 0.826
 Average Recall     (AR) @[ IoU=0.50:0.95 | area=   all | maxDets=100 ] = 0.821
 Average Recall     (AR) @[ IoU=0.50:0.95 | area=   all | maxDets=300 ] = 0.828
 Average Recall     (AR) @[ IoU=0.50:0.95 | area=   all | maxDets=1000 ] = 0.828
 Average Recall     (AR) @[ IoU=0.50:0.95 | area= small | maxDets=1000 ] = 0.394
 Average Recall     (AR) @[ IoU=0.50:0.95 | area=medium | maxDets=1000 ] = 0.755
 Average Recall     (AR) @[ IoU=0.50:0.95 | area= large | maxDets=1000 ] = 0.910
08/07 11:34:12 - mmengine - INFO - bbox_mAP_copypaste: 0.717 0.891 0.780 0.214 0.605 0.826
================DIOR/coco================
08/07 11:34:12 - mmengine - INFO - Epoch(val) [3][147/147]    DIOR/coco/bbox_mAP: 0.7170  DIOR/coco/bbox_mAP_50: 0.8910  DIOR/coco/bbox_mAP_75: 0.7800  DIOR/coco/bbox_mAP_s: 0.2140  DIOR/coco/bbox_mAP_m: 0.6050  DIOR/coco/bbox_mAP_l: 0.8260  data_time: 0.0021  time: 0.1010
08/07 11:35:07 - mmengine - INFO - Epoch(train)  [4][ 50/698]  base_lr: 1.0000e-04 lr: 1.0000e-04  eta: 6:08:16  time: 1.0917  data_time: 0.0112  memory: 9749  grad_norm: 51.5245  loss: 6.1718  loss_cls: 0.0783  loss_bbox: 0.0651  loss_iou: 0.2638  d0.loss_cls: 0.0906  d0.loss_bbox: 0.0723  d0.loss_iou: 0.2733  d1.loss_cls: 0.0905  d1.loss_bbox: 0.0672  d1.loss_iou: 0.2664  d2.loss_cls: 0.0830  d2.loss_bbox: 0.0659  d2.loss_iou: 0.2643  d3.loss_cls: 0.0819  d3.loss_bbox: 0.0647  d3.loss_iou: 0.2645  d4.loss_cls: 0.0771  d4.loss_bbox: 0.0655  d4.loss_iou: 0.2651  enc_loss_cls: 0.1031  enc_loss_bbox: 0.0813  enc_loss_iou: 0.2941  dn_loss_cls: 0.0053  dn_loss_bbox: 0.0813  dn_loss_iou: 0.1928  d0.dn_loss_cls: 0.0252  d0.dn_loss_bbox: 0.1473  d0.dn_loss_iou: 0.2899  d1.dn_loss_cls: 0.0078  d1.dn_loss_bbox: 0.0910  d1.dn_loss_iou: 0.2123  d2.dn_loss_cls: 0.0065  d2.dn_loss_bbox: 0.0842  d2.dn_loss_iou: 0.1975  d3.dn_loss_cls: 0.0053  d3.dn_loss_bbox: 0.0820  d3.dn_loss_iou: 0.1943  d4.dn_loss_cls: 0.0053  d4.dn_loss_bbox: 0.0815  d4.dn_loss_iou: 0.1931  contr_loss: 1.2909
08/07 11:36:01 - mmengine - INFO - Epoch(train)  [4][100/698]  base_lr: 1.0000e-04 lr: 1.0000e-04  eta: 6:07:15  time: 1.0807  data_time: 0.0085  memory: 9659  grad_norm: 51.0782  loss: 5.7545  loss_cls: 0.0789  loss_bbox: 0.0722  loss_iou: 0.2868  d0.loss_cls: 0.0909  d0.loss_bbox: 0.0785  d0.loss_iou: 0.2963  d1.loss_cls: 0.0846  d1.loss_bbox: 0.0745  d1.loss_iou: 0.2905  d2.loss_cls: 0.0835  d2.loss_bbox: 0.0730  d2.loss_iou: 0.2876  d3.loss_cls: 0.0790  d3.loss_bbox: 0.0725  d3.loss_iou: 0.2872  d4.loss_cls: 0.0789  d4.loss_bbox: 0.0722  d4.loss_iou: 0.2866  enc_loss_cls: 0.1112  enc_loss_bbox: 0.0889  enc_loss_iou: 0.3188  dn_loss_cls: 0.0040  dn_loss_bbox: 0.0693  dn_loss_iou: 0.1924  d0.dn_loss_cls: 0.0197  d0.dn_loss_bbox: 0.1105  d0.dn_loss_iou: 0.2714  d1.dn_loss_cls: 0.0057  d1.dn_loss_bbox: 0.0752  d1.dn_loss_iou: 0.2061  d2.dn_loss_cls: 0.0046  d2.dn_loss_bbox: 0.0701  d2.dn_loss_iou: 0.1949  d3.dn_loss_cls: 0.0046  d3.dn_loss_bbox: 0.0692  d3.dn_loss_iou: 0.1928  d4.dn_loss_cls: 0.0039  d4.dn_loss_bbox: 0.0692  d4.dn_loss_iou: 0.1922  contr_loss: 0.8061
08/07 11:36:55 - mmengine - INFO - Epoch(train)  [4][150/698]  base_lr: 1.0000e-04 lr: 1.0000e-04  eta: 6:06:16  time: 1.0836  data_time: 0.0085  memory: 9571  grad_norm: 53.5833  loss: 6.5249  loss_cls: 0.0887  loss_bbox: 0.0773  loss_iou: 0.3392  d0.loss_cls: 0.1073  d0.loss_bbox: 0.0822  d0.loss_iou: 0.3507  d1.loss_cls: 0.0947  d1.loss_bbox: 0.0784  d1.loss_iou: 0.3455  d2.loss_cls: 0.0974  d2.loss_bbox: 0.0762  d2.loss_iou: 0.3396  d3.loss_cls: 0.0899  d3.loss_bbox: 0.0770  d3.loss_iou: 0.3397  d4.loss_cls: 0.0889  d4.loss_bbox: 0.0763  d4.loss_iou: 0.3380  enc_loss_cls: 0.1257  enc_loss_bbox: 0.0912  enc_loss_iou: 0.3717  dn_loss_cls: 0.0043  dn_loss_bbox: 0.0862  dn_loss_iou: 0.2228  d0.dn_loss_cls: 0.0218  d0.dn_loss_bbox: 0.1362  d0.dn_loss_iou: 0.3138  d1.dn_loss_cls: 0.0076  d1.dn_loss_bbox: 0.0959  d1.dn_loss_iou: 0.2427  d2.dn_loss_cls: 0.0054  d2.dn_loss_bbox: 0.0881  d2.dn_loss_iou: 0.2265  d3.dn_loss_cls: 0.0047  d3.dn_loss_bbox: 0.0870  d3.dn_loss_iou: 0.2241  d4.dn_loss_cls: 0.0043  d4.dn_loss_bbox: 0.0863  d4.dn_loss_iou: 0.2228  contr_loss: 0.7687
08/07 11:37:51 - mmengine - INFO - Epoch(train)  [4][200/698]  base_lr: 1.0000e-04 lr: 1.0000e-04  eta: 6:05:34  time: 1.1228  data_time: 0.0093  memory: 10039  grad_norm: 47.5057  loss: 6.3621  loss_cls: 0.0935  loss_bbox: 0.0797  loss_iou: 0.2614  d0.loss_cls: 0.1159  d0.loss_bbox: 0.0869  d0.loss_iou: 0.2724  d1.loss_cls: 0.1076  d1.loss_bbox: 0.0796  d1.loss_iou: 0.2635  d2.loss_cls: 0.1062  d2.loss_bbox: 0.0768  d2.loss_iou: 0.2603  d3.loss_cls: 0.1010  d3.loss_bbox: 0.0795  d3.loss_iou: 0.2620  d4.loss_cls: 0.0951  d4.loss_bbox: 0.0796  d4.loss_iou: 0.2615  enc_loss_cls: 0.1309  enc_loss_bbox: 0.0941  enc_loss_iou: 0.2886  dn_loss_cls: 0.0127  dn_loss_bbox: 0.0805  dn_loss_iou: 0.2028  d0.dn_loss_cls: 0.0365  d0.dn_loss_bbox: 0.1283  d0.dn_loss_iou: 0.2865  d1.dn_loss_cls: 0.0130  d1.dn_loss_bbox: 0.0901  d1.dn_loss_iou: 0.2195  d2.dn_loss_cls: 0.0110  d2.dn_loss_bbox: 0.0831  d2.dn_loss_iou: 0.2063  d3.dn_loss_cls: 0.0115  d3.dn_loss_bbox: 0.0814  d3.dn_loss_iou: 0.2040  d4.dn_loss_cls: 0.0098  d4.dn_loss_bbox: 0.0806  d4.dn_loss_iou: 0.2029  contr_loss: 1.2051
08/07 11:38:46 - mmengine - INFO - Epoch(train)  [4][250/698]  base_lr: 1.0000e-04 lr: 1.0000e-04  eta: 6:04:42  time: 1.1017  data_time: 0.0089  memory: 11361  grad_norm: 50.1902  loss: 6.8297  loss_cls: 0.1071  loss_bbox: 0.0771  loss_iou: 0.3007  d0.loss_cls: 0.1191  d0.loss_bbox: 0.0848  d0.loss_iou: 0.3100  d1.loss_cls: 0.1101  d1.loss_bbox: 0.0808  d1.loss_iou: 0.3085  d2.loss_cls: 0.1138  d2.loss_bbox: 0.0769  d2.loss_iou: 0.3043  d3.loss_cls: 0.1087  d3.loss_bbox: 0.0775  d3.loss_iou: 0.3024  d4.loss_cls: 0.1081  d4.loss_bbox: 0.0769  d4.loss_iou: 0.2998  enc_loss_cls: 0.1294  enc_loss_bbox: 0.0950  enc_loss_iou: 0.3290  dn_loss_cls: 0.0095  dn_loss_bbox: 0.0809  dn_loss_iou: 0.2086  d0.dn_loss_cls: 0.0281  d0.dn_loss_bbox: 0.1338  d0.dn_loss_iou: 0.2985  d1.dn_loss_cls: 0.0095  d1.dn_loss_bbox: 0.0887  d1.dn_loss_iou: 0.2239  d2.dn_loss_cls: 0.0084  d2.dn_loss_bbox: 0.0823  d2.dn_loss_iou: 0.2118  d3.dn_loss_cls: 0.0091  d3.dn_loss_bbox: 0.0816  d3.dn_loss_iou: 0.2099  d4.dn_loss_cls: 0.0089  d4.dn_loss_bbox: 0.0810  d4.dn_loss_iou: 0.2087  contr_loss: 1.3267
08/07 11:39:40 - mmengine - INFO - Epoch(train)  [4][300/698]  base_lr: 1.0000e-04 lr: 1.0000e-04  eta: 6:03:40  time: 1.0775  data_time: 0.0086  memory: 9766  grad_norm: 48.8491  loss: 7.6945  loss_cls: 0.1062  loss_bbox: 0.0777  loss_iou: 0.3907  d0.loss_cls: 0.1303  d0.loss_bbox: 0.0828  d0.loss_iou: 0.3995  d1.loss_cls: 0.1212  d1.loss_bbox: 0.0791  d1.loss_iou: 0.3944  d2.loss_cls: 0.1195  d2.loss_bbox: 0.0765  d2.loss_iou: 0.3905  d3.loss_cls: 0.1141  d3.loss_bbox: 0.0766  d3.loss_iou: 0.3904  d4.loss_cls: 0.1082  d4.loss_bbox: 0.0770  d4.loss_iou: 0.3905  enc_loss_cls: 0.1443  enc_loss_bbox: 0.0924  enc_loss_iou: 0.4230  dn_loss_cls: 0.0069  dn_loss_bbox: 0.0772  dn_loss_iou: 0.2281  d0.dn_loss_cls: 0.0257  d0.dn_loss_bbox: 0.1286  d0.dn_loss_iou: 0.3170  d1.dn_loss_cls: 0.0100  d1.dn_loss_bbox: 0.0868  d1.dn_loss_iou: 0.2476  d2.dn_loss_cls: 0.0078  d2.dn_loss_bbox: 0.0794  d2.dn_loss_iou: 0.2325  d3.dn_loss_cls: 0.0071  d3.dn_loss_bbox: 0.0779  d3.dn_loss_iou: 0.2295  d4.dn_loss_cls: 0.0069  d4.dn_loss_bbox: 0.0772  d4.dn_loss_iou: 0.2280  contr_loss: 1.4352
08/07 11:40:34 - mmengine - INFO - Epoch(train)  [4][350/698]  base_lr: 1.0000e-04 lr: 1.0000e-04  eta: 6:02:36  time: 1.0699  data_time: 0.0086  memory: 9807  grad_norm: 51.6518  loss: 5.7004  loss_cls: 0.0596  loss_bbox: 0.0661  loss_iou: 0.3059  d0.loss_cls: 0.0735  d0.loss_bbox: 0.0729  d0.loss_iou: 0.3127  d1.loss_cls: 0.0681  d1.loss_bbox: 0.0679  d1.loss_iou: 0.3082  d2.loss_cls: 0.0635  d2.loss_bbox: 0.0673  d2.loss_iou: 0.3057  d3.loss_cls: 0.0602  d3.loss_bbox: 0.0665  d3.loss_iou: 0.3075  d4.loss_cls: 0.0605  d4.loss_bbox: 0.0661  d4.loss_iou: 0.3060  enc_loss_cls: 0.0834  enc_loss_bbox: 0.0822  enc_loss_iou: 0.3344  dn_loss_cls: 0.0022  dn_loss_bbox: 0.0665  dn_loss_iou: 0.1990  d0.dn_loss_cls: 0.0167  d0.dn_loss_bbox: 0.1118  d0.dn_loss_iou: 0.2820  d1.dn_loss_cls: 0.0043  d1.dn_loss_bbox: 0.0739  d1.dn_loss_iou: 0.2144  d2.dn_loss_cls: 0.0026  d2.dn_loss_bbox: 0.0691  d2.dn_loss_iou: 0.2030  d3.dn_loss_cls: 0.0023  d3.dn_loss_bbox: 0.0674  d3.dn_loss_iou: 0.2002  d4.dn_loss_cls: 0.0022  d4.dn_loss_bbox: 0.0665  d4.dn_loss_iou: 0.1985  contr_loss: 0.7799
08/07 11:41:28 - mmengine - INFO - Epoch(train)  [4][400/698]  base_lr: 1.0000e-04 lr: 1.0000e-04  eta: 6:01:37  time: 1.0841  data_time: 0.0091  memory: 9816  grad_norm: 59.1795  loss: 6.8564  loss_cls: 0.0944  loss_bbox: 0.0693  loss_iou: 0.3112  d0.loss_cls: 0.1085  d0.loss_bbox: 0.0741  d0.loss_iou: 0.3235  d1.loss_cls: 0.0958  d1.loss_bbox: 0.0711  d1.loss_iou: 0.3173  d2.loss_cls: 0.0931  d2.loss_bbox: 0.0698  d2.loss_iou: 0.3142  d3.loss_cls: 0.0932  d3.loss_bbox: 0.0697  d3.loss_iou: 0.3106  d4.loss_cls: 0.0921  d4.loss_bbox: 0.0693  d4.loss_iou: 0.3110  enc_loss_cls: 0.1117  enc_loss_bbox: 0.0878  enc_loss_iou: 0.3449  dn_loss_cls: 0.0039  dn_loss_bbox: 0.0603  dn_loss_iou: 0.2019  d0.dn_loss_cls: 0.0249  d0.dn_loss_bbox: 0.1070  d0.dn_loss_iou: 0.2963  d1.dn_loss_cls: 0.0085  d1.dn_loss_bbox: 0.0675  d1.dn_loss_iou: 0.2198  d2.dn_loss_cls: 0.0055  d2.dn_loss_bbox: 0.0625  d2.dn_loss_iou: 0.2065  d3.dn_loss_cls: 0.0045  d3.dn_loss_bbox: 0.0608  d3.dn_loss_iou: 0.2029  d4.dn_loss_cls: 0.0041  d4.dn_loss_bbox: 0.0603  d4.dn_loss_iou: 0.2018  contr_loss: 1.6247
08/07 11:42:23 - mmengine - INFO - Epoch(train)  [4][450/698]  base_lr: 1.0000e-04 lr: 1.0000e-04  eta: 6:00:47  time: 1.1047  data_time: 0.0090  memory: 10756  grad_norm: 52.8662  loss: 6.8899  loss_cls: 0.1004  loss_bbox: 0.0740  loss_iou: 0.2713  d0.loss_cls: 0.1102  d0.loss_bbox: 0.0791  d0.loss_iou: 0.2798  d1.loss_cls: 0.1069  d1.loss_bbox: 0.0749  d1.loss_iou: 0.2749  d2.loss_cls: 0.1046  d2.loss_bbox: 0.0729  d2.loss_iou: 0.2710  d3.loss_cls: 0.1052  d3.loss_bbox: 0.0731  d3.loss_iou: 0.2710  d4.loss_cls: 0.1011  d4.loss_bbox: 0.0732  d4.loss_iou: 0.2702  enc_loss_cls: 0.1208  enc_loss_bbox: 0.0876  enc_loss_iou: 0.3034  dn_loss_cls: 0.0044  dn_loss_bbox: 0.0880  dn_loss_iou: 0.2111  d0.dn_loss_cls: 0.0216  d0.dn_loss_bbox: 0.1317  d0.dn_loss_iou: 0.2884  d1.dn_loss_cls: 0.0073  d1.dn_loss_bbox: 0.0948  d1.dn_loss_iou: 0.2237  d2.dn_loss_cls: 0.0053  d2.dn_loss_bbox: 0.0891  d2.dn_loss_iou: 0.2133  d3.dn_loss_cls: 0.0048  d3.dn_loss_bbox: 0.0884  d3.dn_loss_iou: 0.2114  d4.dn_loss_cls: 0.0046  d4.dn_loss_bbox: 0.0880  d4.dn_loss_iou: 0.2108  contr_loss: 1.6778
08/07 11:43:18 - mmengine - INFO - Epoch(train)  [4][500/698]  base_lr: 1.0000e-04 lr: 1.0000e-04  eta: 5:59:51  time: 1.0923  data_time: 0.0088  memory: 9870  grad_norm: 46.9084  loss: 6.5779  loss_cls: 0.0857  loss_bbox: 0.0693  loss_iou: 0.2970  d0.loss_cls: 0.0997  d0.loss_bbox: 0.0736  d0.loss_iou: 0.3077  d1.loss_cls: 0.0888  d1.loss_bbox: 0.0720  d1.loss_iou: 0.3062  d2.loss_cls: 0.0920  d2.loss_bbox: 0.0689  d2.loss_iou: 0.2978  d3.loss_cls: 0.0864  d3.loss_bbox: 0.0689  d3.loss_iou: 0.3003  d4.loss_cls: 0.0844  d4.loss_bbox: 0.0693  d4.loss_iou: 0.2976  enc_loss_cls: 0.1123  enc_loss_bbox: 0.0862  enc_loss_iou: 0.3301  dn_loss_cls: 0.0047  dn_loss_bbox: 0.0764  dn_loss_iou: 0.1945  d0.dn_loss_cls: 0.0238  d0.dn_loss_bbox: 0.1203  d0.dn_loss_iou: 0.2759  d1.dn_loss_cls: 0.0072  d1.dn_loss_bbox: 0.0845  d1.dn_loss_iou: 0.2106  d2.dn_loss_cls: 0.0058  d2.dn_loss_bbox: 0.0777  d2.dn_loss_iou: 0.1983  d3.dn_loss_cls: 0.0050  d3.dn_loss_bbox: 0.0765  d3.dn_loss_iou: 0.1953  d4.dn_loss_cls: 0.0046  d4.dn_loss_bbox: 0.0764  d4.dn_loss_iou: 0.1944  contr_loss: 1.4516
08/07 11:44:12 - mmengine - INFO - Epoch(train)  [4][550/698]  base_lr: 1.0000e-04 lr: 1.0000e-04  eta: 5:58:54  time: 1.0868  data_time: 0.0085  memory: 9604  grad_norm: 50.8046  loss: 6.3934  loss_cls: 0.0843  loss_bbox: 0.0669  loss_iou: 0.2869  d0.loss_cls: 0.0983  d0.loss_bbox: 0.0730  d0.loss_iou: 0.2994  d1.loss_cls: 0.0894  d1.loss_bbox: 0.0701  d1.loss_iou: 0.2933  d2.loss_cls: 0.0836  d2.loss_bbox: 0.0699  d2.loss_iou: 0.2957  d3.loss_cls: 0.0844  d3.loss_bbox: 0.0677  d3.loss_iou: 0.2871  d4.loss_cls: 0.0833  d4.loss_bbox: 0.0673  d4.loss_iou: 0.2866  enc_loss_cls: 0.1189  enc_loss_bbox: 0.0838  enc_loss_iou: 0.3152  dn_loss_cls: 0.0026  dn_loss_bbox: 0.0710  dn_loss_iou: 0.2078  d0.dn_loss_cls: 0.0184  d0.dn_loss_bbox: 0.1120  d0.dn_loss_iou: 0.2895  d1.dn_loss_cls: 0.0049  d1.dn_loss_bbox: 0.0785  d1.dn_loss_iou: 0.2236  d2.dn_loss_cls: 0.0033  d2.dn_loss_bbox: 0.0728  d2.dn_loss_iou: 0.2109  d3.dn_loss_cls: 0.0030  d3.dn_loss_bbox: 0.0715  d3.dn_loss_iou: 0.2083  d4.dn_loss_cls: 0.0026  d4.dn_loss_bbox: 0.0710  d4.dn_loss_iou: 0.2077  contr_loss: 1.3286
08/07 11:45:06 - mmengine - INFO - Epoch(train)  [4][600/698]  base_lr: 1.0000e-04 lr: 1.0000e-04  eta: 5:57:52  time: 1.0735  data_time: 0.0086  memory: 9827  grad_norm: 48.5243  loss: 6.4879  loss_cls: 0.0968  loss_bbox: 0.0695  loss_iou: 0.3000  d0.loss_cls: 0.1159  d0.loss_bbox: 0.0778  d0.loss_iou: 0.3118  d1.loss_cls: 0.1076  d1.loss_bbox: 0.0738  d1.loss_iou: 0.3047  d2.loss_cls: 0.1069  d2.loss_bbox: 0.0701  d2.loss_iou: 0.3014  d3.loss_cls: 0.0994  d3.loss_bbox: 0.0691  d3.loss_iou: 0.3003  d4.loss_cls: 0.0991  d4.loss_bbox: 0.0688  d4.loss_iou: 0.2990  enc_loss_cls: 0.1299  enc_loss_bbox: 0.0890  enc_loss_iou: 0.3327  dn_loss_cls: 0.0049  dn_loss_bbox: 0.0854  dn_loss_iou: 0.2273  d0.dn_loss_cls: 0.0266  d0.dn_loss_bbox: 0.1582  d0.dn_loss_iou: 0.3228  d1.dn_loss_cls: 0.0078  d1.dn_loss_bbox: 0.0979  d1.dn_loss_iou: 0.2464  d2.dn_loss_cls: 0.0062  d2.dn_loss_bbox: 0.0889  d2.dn_loss_iou: 0.2310  d3.dn_loss_cls: 0.0046  d3.dn_loss_bbox: 0.0858  d3.dn_loss_iou: 0.2281  d4.dn_loss_cls: 0.0047  d4.dn_loss_bbox: 0.0854  d4.dn_loss_iou: 0.2272  contr_loss: 0.9250
08/07 11:46:01 - mmengine - INFO - Epoch(train)  [4][650/698]  base_lr: 1.0000e-04 lr: 1.0000e-04  eta: 5:56:59  time: 1.0977  data_time: 0.0087  memory: 10945  grad_norm: 57.3938  loss: 6.9264  loss_cls: 0.1037  loss_bbox: 0.0707  loss_iou: 0.2960  d0.loss_cls: 0.1139  d0.loss_bbox: 0.0790  d0.loss_iou: 0.3157  d1.loss_cls: 0.1081  d1.loss_bbox: 0.0739  d1.loss_iou: 0.3047  d2.loss_cls: 0.1073  d2.loss_bbox: 0.0689  d2.loss_iou: 0.2980  d3.loss_cls: 0.1028  d3.loss_bbox: 0.0706  d3.loss_iou: 0.2981  d4.loss_cls: 0.1045  d4.loss_bbox: 0.0700  d4.loss_iou: 0.2958  enc_loss_cls: 0.1401  enc_loss_bbox: 0.0863  enc_loss_iou: 0.3417  dn_loss_cls: 0.0044  dn_loss_bbox: 0.0891  dn_loss_iou: 0.2173  d0.dn_loss_cls: 0.0254  d0.dn_loss_bbox: 0.1300  d0.dn_loss_iou: 0.3045  d1.dn_loss_cls: 0.0076  d1.dn_loss_bbox: 0.0963  d1.dn_loss_iou: 0.2341  d2.dn_loss_cls: 0.0057  d2.dn_loss_bbox: 0.0904  d2.dn_loss_iou: 0.2202  d3.dn_loss_cls: 0.0049  d3.dn_loss_bbox: 0.0898  d3.dn_loss_iou: 0.2184  d4.dn_loss_cls: 0.0046  d4.dn_loss_bbox: 0.0892  d4.dn_loss_iou: 0.2172  contr_loss: 1.4276
08/07 11:46:52 - mmengine - INFO - Exp name: lae_dino_swin-t_finetune_DIOR_20260807_105315
08/07 11:46:52 - mmengine - INFO - Saving checkpoint at 4 epochs
08/07 11:47:04 - mmengine - INFO - Epoch(val)  [4][ 50/147]    eta: 0:00:09  time: 0.1017  data_time: 0.0022  memory: 9703  
08/07 11:47:09 - mmengine - INFO - Epoch(val)  [4][100/147]    eta: 0:00:04  time: 0.1020  data_time: 0.0021  memory: 3800  
08/07 11:47:16 - mmengine - INFO - Evaluating bbox...
Loading and preparing results...
DONE (t=0.40s)
creating index...
index created!
Running per image evaluation...
Evaluate annotation type *bbox*
DONE (t=8.98s).
Accumulating evaluation results...
DONE (t=3.16s).
 Average Precision  (AP) @[ IoU=0.50:0.95 | area=   all | maxDets=100 ] = 0.713
 Average Precision  (AP) @[ IoU=0.50      | area=   all | maxDets=1000 ] = 0.893
 Average Precision  (AP) @[ IoU=0.75      | area=   all | maxDets=1000 ] = 0.778
 Average Precision  (AP) @[ IoU=0.50:0.95 | area= small | maxDets=1000 ] = 0.222
 Average Precision  (AP) @[ IoU=0.50:0.95 | area=medium | maxDets=1000 ] = 0.599
 Average Precision  (AP) @[ IoU=0.50:0.95 | area= large | maxDets=1000 ] = 0.831
 Average Recall     (AR) @[ IoU=0.50:0.95 | area=   all | maxDets=100 ] = 0.825
 Average Recall     (AR) @[ IoU=0.50:0.95 | area=   all | maxDets=300 ] = 0.831
 Average Recall     (AR) @[ IoU=0.50:0.95 | area=   all | maxDets=1000 ] = 0.831
 Average Recall     (AR) @[ IoU=0.50:0.95 | area= small | maxDets=1000 ] = 0.475
 Average Recall     (AR) @[ IoU=0.50:0.95 | area=medium | maxDets=1000 ] = 0.762
 Average Recall     (AR) @[ IoU=0.50:0.95 | area= large | maxDets=1000 ] = 0.913
08/07 11:47:30 - mmengine - INFO - bbox_mAP_copypaste: 0.713 0.893 0.778 0.222 0.599 0.831
================DIOR/coco================
08/07 11:47:30 - mmengine - INFO - Epoch(val) [4][147/147]    DIOR/coco/bbox_mAP: 0.7130  DIOR/coco/bbox_mAP_50: 0.8930  DIOR/coco/bbox_mAP_75: 0.7780  DIOR/coco/bbox_mAP_s: 0.2220  DIOR/coco/bbox_mAP_m: 0.5990  DIOR/coco/bbox_mAP_l: 0.8310  data_time: 0.0021  time: 0.1011
08/07 11:48:26 - mmengine - INFO - Epoch(train)  [5][ 50/698]  base_lr: 1.0000e-04 lr: 1.0000e-04  eta: 5:55:17  time: 1.1265  data_time: 0.0162  memory: 11005  grad_norm: 47.6720  loss: 6.3423  loss_cls: 0.0859  loss_bbox: 0.0645  loss_iou: 0.3224  d0.loss_cls: 0.0937  d0.loss_bbox: 0.0717  d0.loss_iou: 0.3363  d1.loss_cls: 0.0900  d1.loss_bbox: 0.0680  d1.loss_iou: 0.3281  d2.loss_cls: 0.0894  d2.loss_bbox: 0.0653  d2.loss_iou: 0.3245  d3.loss_cls: 0.0868  d3.loss_bbox: 0.0647  d3.loss_iou: 0.3234  d4.loss_cls: 0.0862  d4.loss_bbox: 0.0644  d4.loss_iou: 0.3218  enc_loss_cls: 0.1112  enc_loss_bbox: 0.0785  enc_loss_iou: 0.3532  dn_loss_cls: 0.0062  dn_loss_bbox: 0.0634  dn_loss_iou: 0.2145  d0.dn_loss_cls: 0.0244  d0.dn_loss_bbox: 0.0958  d0.dn_loss_iou: 0.2934  d1.dn_loss_cls: 0.0093  d1.dn_loss_bbox: 0.0697  d1.dn_loss_iou: 0.2316  d2.dn_loss_cls: 0.0074  d2.dn_loss_bbox: 0.0652  d2.dn_loss_iou: 0.2184  d3.dn_loss_cls: 0.0069  d3.dn_loss_bbox: 0.0640  d3.dn_loss_iou: 0.2158  d4.dn_loss_cls: 0.0065  d4.dn_loss_bbox: 0.0633  d4.dn_loss_iou: 0.2149  contr_loss: 1.0413
08/07 11:49:22 - mmengine - INFO - Epoch(train)  [5][100/698]  base_lr: 1.0000e-04 lr: 1.0000e-04  eta: 5:54:29  time: 1.1125  data_time: 0.0089  memory: 10392  grad_norm: 49.8297  loss: 6.6902  loss_cls: 0.1050  loss_bbox: 0.0788  loss_iou: 0.3294  d0.loss_cls: 0.1152  d0.loss_bbox: 0.0871  d0.loss_iou: 0.3425  d1.loss_cls: 0.1068  d1.loss_bbox: 0.0821  d1.loss_iou: 0.3300  d2.loss_cls: 0.1039  d2.loss_bbox: 0.0810  d2.loss_iou: 0.3325  d3.loss_cls: 0.1005  d3.loss_bbox: 0.0801  d3.loss_iou: 0.3333  d4.loss_cls: 0.1021  d4.loss_bbox: 0.0795  d4.loss_iou: 0.3305  enc_loss_cls: 0.1256  enc_loss_bbox: 0.0980  enc_loss_iou: 0.3556  dn_loss_cls: 0.0043  dn_loss_bbox: 0.0817  dn_loss_iou: 0.2171  d0.dn_loss_cls: 0.0247  d0.dn_loss_bbox: 0.1282  d0.dn_loss_iou: 0.3066  d1.dn_loss_cls: 0.0077  d1.dn_loss_bbox: 0.0878  d1.dn_loss_iou: 0.2332  d2.dn_loss_cls: 0.0065  d2.dn_loss_bbox: 0.0821  d2.dn_loss_iou: 0.2201  d3.dn_loss_cls: 0.0055  d3.dn_loss_bbox: 0.0817  d3.dn_loss_iou: 0.2179  d4.dn_loss_cls: 0.0045  d4.dn_loss_bbox: 0.0817  d4.dn_loss_iou: 0.2169  contr_loss: 0.9825
08/07 11:50:16 - mmengine - INFO - Epoch(train)  [5][150/698]  base_lr: 1.0000e-04 lr: 1.0000e-04  eta: 5:53:31  time: 1.0839  data_time: 0.0085  memory: 9755  grad_norm: 53.4559  loss: 6.6220  loss_cls: 0.0851  loss_bbox: 0.0686  loss_iou: 0.2628  d0.loss_cls: 0.1022  d0.loss_bbox: 0.0763  d0.loss_iou: 0.2722  d1.loss_cls: 0.0948  d1.loss_bbox: 0.0712  d1.loss_iou: 0.2654  d2.loss_cls: 0.0884  d2.loss_bbox: 0.0695  d2.loss_iou: 0.2653  d3.loss_cls: 0.0872  d3.loss_bbox: 0.0690  d3.loss_iou: 0.2635  d4.loss_cls: 0.0868  d4.loss_bbox: 0.0686  d4.loss_iou: 0.2628  enc_loss_cls: 0.1172  enc_loss_bbox: 0.0844  enc_loss_iou: 0.2908  dn_loss_cls: 0.0122  dn_loss_bbox: 0.0891  dn_loss_iou: 0.2053  d0.dn_loss_cls: 0.0267  d0.dn_loss_bbox: 0.1383  d0.dn_loss_iou: 0.2878  d1.dn_loss_cls: 0.0104  d1.dn_loss_bbox: 0.0964  d1.dn_loss_iou: 0.2194  d2.dn_loss_cls: 0.0132  d2.dn_loss_bbox: 0.0907  d2.dn_loss_iou: 0.2080  d3.dn_loss_cls: 0.0143  d3.dn_loss_bbox: 0.0895  d3.dn_loss_iou: 0.2060  d4.dn_loss_cls: 0.0121  d4.dn_loss_bbox: 0.0891  d4.dn_loss_iou: 0.2048  contr_loss: 1.5567
08/07 11:51:10 - mmengine - INFO - Epoch(train)  [5][200/698]  base_lr: 1.0000e-04 lr: 1.0000e-04  eta: 5:52:32  time: 1.0819  data_time: 0.0089  memory: 10364  grad_norm: 48.6951  loss: 5.4522  loss_cls: 0.0411  loss_bbox: 0.0623  loss_iou: 0.2456  d0.loss_cls: 0.0527  d0.loss_bbox: 0.0658  d0.loss_iou: 0.2518  d1.loss_cls: 0.0459  d1.loss_bbox: 0.0635  d1.loss_iou: 0.2481  d2.loss_cls: 0.0437  d2.loss_bbox: 0.0625  d2.loss_iou: 0.2465  d3.loss_cls: 0.0423  d3.loss_bbox: 0.0626  d3.loss_iou: 0.2465  d4.loss_cls: 0.0414  d4.loss_bbox: 0.0623  d4.loss_iou: 0.2461  enc_loss_cls: 0.0657  enc_loss_bbox: 0.0711  enc_loss_iou: 0.2638  dn_loss_cls: 0.0030  dn_loss_bbox: 0.0780  dn_loss_iou: 0.1959  d0.dn_loss_cls: 0.0182  d0.dn_loss_bbox: 0.1317  d0.dn_loss_iou: 0.2866  d1.dn_loss_cls: 0.0052  d1.dn_loss_bbox: 0.0886  d1.dn_loss_iou: 0.2122  d2.dn_loss_cls: 0.0040  d2.dn_loss_bbox: 0.0806  d2.dn_loss_iou: 0.1994  d3.dn_loss_cls: 0.0031  d3.dn_loss_bbox: 0.0788  d3.dn_loss_iou: 0.1968  d4.dn_loss_cls: 0.0029  d4.dn_loss_bbox: 0.0779  d4.dn_loss_iou: 0.1958  contr_loss: 1.0619
08/07 11:51:19 - mmengine - INFO - Exp name: lae_dino_swin-t_finetune_DIOR_20260807_105315
08/07 11:52:04 - mmengine - INFO - Epoch(train)  [5][250/698]  base_lr: 1.0000e-04 lr: 1.0000e-04  eta: 5:51:35  time: 1.0852  data_time: 0.0085  memory: 10039  grad_norm: 48.6028  loss: 5.8804  loss_cls: 0.0734  loss_bbox: 0.0624  loss_iou: 0.2335  d0.loss_cls: 0.0770  d0.loss_bbox: 0.0718  d0.loss_iou: 0.2476  d1.loss_cls: 0.0710  d1.loss_bbox: 0.0691  d1.loss_iou: 0.2433  d2.loss_cls: 0.0737  d2.loss_bbox: 0.0659  d2.loss_iou: 0.2383  d3.loss_cls: 0.0719  d3.loss_bbox: 0.0636  d3.loss_iou: 0.2352  d4.loss_cls: 0.0723  d4.loss_bbox: 0.0629  d4.loss_iou: 0.2337  enc_loss_cls: 0.0933  enc_loss_bbox: 0.0809  enc_loss_iou: 0.2652  dn_loss_cls: 0.0044  dn_loss_bbox: 0.0837  dn_loss_iou: 0.2050  d0.dn_loss_cls: 0.0232  d0.dn_loss_bbox: 0.1327  d0.dn_loss_iou: 0.2961  d1.dn_loss_cls: 0.0064  d1.dn_loss_bbox: 0.0930  d1.dn_loss_iou: 0.2227  d2.dn_loss_cls: 0.0047  d2.dn_loss_bbox: 0.0854  d2.dn_loss_iou: 0.2077  d3.dn_loss_cls: 0.0043  d3.dn_loss_bbox: 0.0842  d3.dn_loss_iou: 0.2059  d4.dn_loss_cls: 0.0042  d4.dn_loss_bbox: 0.0837  d4.dn_loss_iou: 0.2047  contr_loss: 1.2227
08/07 11:52:59 - mmengine - INFO - Epoch(train)  [5][300/698]  base_lr: 1.0000e-04 lr: 1.0000e-04  eta: 5:50:42  time: 1.0983  data_time: 0.0090  memory: 10268  grad_norm: 45.9938  loss: 6.7065  loss_cls: 0.0830  loss_bbox: 0.0755  loss_iou: 0.3074  d0.loss_cls: 0.0929  d0.loss_bbox: 0.0797  d0.loss_iou: 0.3065  d1.loss_cls: 0.0861  d1.loss_bbox: 0.0790  d1.loss_iou: 0.3042  d2.loss_cls: 0.0873  d2.loss_bbox: 0.0741  d2.loss_iou: 0.2977  d3.loss_cls: 0.0846  d3.loss_bbox: 0.0751  d3.loss_iou: 0.3011  d4.loss_cls: 0.0842  d4.loss_bbox: 0.0743  d4.loss_iou: 0.3035  enc_loss_cls: 0.1061  enc_loss_bbox: 0.0876  enc_loss_iou: 0.3282  dn_loss_cls: 0.0045  dn_loss_bbox: 0.0868  dn_loss_iou: 0.2241  d0.dn_loss_cls: 0.0221  d0.dn_loss_bbox: 0.1324  d0.dn_loss_iou: 0.3094  d1.dn_loss_cls: 0.0082  d1.dn_loss_bbox: 0.0938  d1.dn_loss_iou: 0.2388  d2.dn_loss_cls: 0.0065  d2.dn_loss_bbox: 0.0891  d2.dn_loss_iou: 0.2274  d3.dn_loss_cls: 0.0052  d3.dn_loss_bbox: 0.0864  d3.dn_loss_iou: 0.2245  d4.dn_loss_cls: 0.0048  d4.dn_loss_bbox: 0.0869  d4.dn_loss_iou: 0.2241  contr_loss: 1.3134
08/07 11:53:54 - mmengine - INFO - Epoch(train)  [5][350/698]  base_lr: 1.0000e-04 lr: 1.0000e-04  eta: 5:49:46  time: 1.0890  data_time: 0.0100  memory: 10090  grad_norm: 52.0753  loss: 6.7195  loss_cls: 0.0957  loss_bbox: 0.0724  loss_iou: 0.3464  d0.loss_cls: 0.1069  d0.loss_bbox: 0.0787  d0.loss_iou: 0.3616  d1.loss_cls: 0.1044  d1.loss_bbox: 0.0748  d1.loss_iou: 0.3509  d2.loss_cls: 0.1029  d2.loss_bbox: 0.0723  d2.loss_iou: 0.3452  d3.loss_cls: 0.0975  d3.loss_bbox: 0.0730  d3.loss_iou: 0.3473  d4.loss_cls: 0.0965  d4.loss_bbox: 0.0724  d4.loss_iou: 0.3459  enc_loss_cls: 0.1166  enc_loss_bbox: 0.0899  enc_loss_iou: 0.3842  dn_loss_cls: 0.0045  dn_loss_bbox: 0.0713  dn_loss_iou: 0.2050  d0.dn_loss_cls: 0.0219  d0.dn_loss_bbox: 0.1153  d0.dn_loss_iou: 0.2892  d1.dn_loss_cls: 0.0073  d1.dn_loss_bbox: 0.0781  d1.dn_loss_iou: 0.2201  d2.dn_loss_cls: 0.0056  d2.dn_loss_bbox: 0.0735  d2.dn_loss_iou: 0.2073  d3.dn_loss_cls: 0.0050  d3.dn_loss_bbox: 0.0720  d3.dn_loss_iou: 0.2053  d4.dn_loss_cls: 0.0046  d4.dn_loss_bbox: 0.0713  d4.dn_loss_iou: 0.2048  contr_loss: 1.1217
08/07 11:54:48 - mmengine - INFO - Epoch(train)  [5][400/698]  base_lr: 1.0000e-04 lr: 1.0000e-04  eta: 5:48:49  time: 1.0858  data_time: 0.0091  memory: 9842  grad_norm: 55.6098  loss: 6.4613  loss_cls: 0.0813  loss_bbox: 0.0732  loss_iou: 0.2920  d0.loss_cls: 0.0946  d0.loss_bbox: 0.0782  d0.loss_iou: 0.3010  d1.loss_cls: 0.0880  d1.loss_bbox: 0.0752  d1.loss_iou: 0.2957  d2.loss_cls: 0.0872  d2.loss_bbox: 0.0731  d2.loss_iou: 0.2929  d3.loss_cls: 0.0836  d3.loss_bbox: 0.0731  d3.loss_iou: 0.2921  d4.loss_cls: 0.0799  d4.loss_bbox: 0.0732  d4.loss_iou: 0.2919  enc_loss_cls: 0.0995  enc_loss_bbox: 0.0864  enc_loss_iou: 0.3228  dn_loss_cls: 0.0069  dn_loss_bbox: 0.0828  dn_loss_iou: 0.2206  d0.dn_loss_cls: 0.0310  d0.dn_loss_bbox: 0.1378  d0.dn_loss_iou: 0.3173  d1.dn_loss_cls: 0.0116  d1.dn_loss_bbox: 0.0940  d1.dn_loss_iou: 0.2400  d2.dn_loss_cls: 0.0087  d2.dn_loss_bbox: 0.0864  d2.dn_loss_iou: 0.2258  d3.dn_loss_cls: 0.0075  d3.dn_loss_bbox: 0.0836  d3.dn_loss_iou: 0.2218  d4.dn_loss_cls: 0.0072  d4.dn_loss_bbox: 0.0828  d4.dn_loss_iou: 0.2205  contr_loss: 1.1402
08/07 11:55:43 - mmengine - INFO - Epoch(train)  [5][450/698]  base_lr: 1.0000e-04 lr: 1.0000e-04  eta: 5:47:54  time: 1.0932  data_time: 0.0091  memory: 9719  grad_norm: 53.8025  loss: 7.1276  loss_cls: 0.0974  loss_bbox: 0.0711  loss_iou: 0.3183  d0.loss_cls: 0.1137  d0.loss_bbox: 0.0754  d0.loss_iou: 0.3320  d1.loss_cls: 0.1068  d1.loss_bbox: 0.0736  d1.loss_iou: 0.3236  d2.loss_cls: 0.1034  d2.loss_bbox: 0.0708  d2.loss_iou: 0.3183  d3.loss_cls: 0.0978  d3.loss_bbox: 0.0709  d3.loss_iou: 0.3179  d4.loss_cls: 0.0951  d4.loss_bbox: 0.0715  d4.loss_iou: 0.3186  enc_loss_cls: 0.1304  enc_loss_bbox: 0.0870  enc_loss_iou: 0.3526  dn_loss_cls: 0.0076  dn_loss_bbox: 0.0733  dn_loss_iou: 0.2092  d0.dn_loss_cls: 0.0290  d0.dn_loss_bbox: 0.1266  d0.dn_loss_iou: 0.3023  d1.dn_loss_cls: 0.0109  d1.dn_loss_bbox: 0.0826  d1.dn_loss_iou: 0.2260  d2.dn_loss_cls: 0.0085  d2.dn_loss_bbox: 0.0751  d2.dn_loss_iou: 0.2130  d3.dn_loss_cls: 0.0077  d3.dn_loss_bbox: 0.0741  d3.dn_loss_iou: 0.2103  d4.dn_loss_cls: 0.0077  d4.dn_loss_bbox: 0.0735  d4.dn_loss_iou: 0.2093  contr_loss: 1.6347
08/07 11:56:37 - mmengine - INFO - Epoch(train)  [5][500/698]  base_lr: 1.0000e-04 lr: 1.0000e-04  eta: 5:46:57  time: 1.0845  data_time: 0.0087  memory: 9834  grad_norm: 45.3642  loss: 5.4410  loss_cls: 0.0835  loss_bbox: 0.0660  loss_iou: 0.2211  d0.loss_cls: 0.0980  d0.loss_bbox: 0.0716  d0.loss_iou: 0.2311  d1.loss_cls: 0.0853  d1.loss_bbox: 0.0708  d1.loss_iou: 0.2283  d2.loss_cls: 0.0863  d2.loss_bbox: 0.0671  d2.loss_iou: 0.2233  d3.loss_cls: 0.0843  d3.loss_bbox: 0.0670  d3.loss_iou: 0.2212  d4.loss_cls: 0.0848  d4.loss_bbox: 0.0661  d4.loss_iou: 0.2214  enc_loss_cls: 0.1145  enc_loss_bbox: 0.0825  enc_loss_iou: 0.2483  dn_loss_cls: 0.0061  dn_loss_bbox: 0.0883  dn_loss_iou: 0.1914  d0.dn_loss_cls: 0.0256  d0.dn_loss_bbox: 0.1397  d0.dn_loss_iou: 0.2768  d1.dn_loss_cls: 0.0092  d1.dn_loss_bbox: 0.0970  d1.dn_loss_iou: 0.2070  d2.dn_loss_cls: 0.0072  d2.dn_loss_bbox: 0.0898  d2.dn_loss_iou: 0.1944  d3.dn_loss_cls: 0.0067  d3.dn_loss_bbox: 0.0884  d3.dn_loss_iou: 0.1913  d4.dn_loss_cls: 0.0061  d4.dn_loss_bbox: 0.0881  d4.dn_loss_iou: 0.1911  contr_loss: 0.8143
08/07 11:57:32 - mmengine - INFO - Epoch(train)  [5][550/698]  base_lr: 1.0000e-04 lr: 1.0000e-04  eta: 5:46:05  time: 1.1025  data_time: 0.0088  memory: 10147  grad_norm: 48.4520  loss: 6.4403  loss_cls: 0.0854  loss_bbox: 0.0814  loss_iou: 0.2969  d0.loss_cls: 0.0975  d0.loss_bbox: 0.0869  d0.loss_iou: 0.3078  d1.loss_cls: 0.0918  d1.loss_bbox: 0.0823  d1.loss_iou: 0.2992  d2.loss_cls: 0.0908  d2.loss_bbox: 0.0808  d2.loss_iou: 0.2966  d3.loss_cls: 0.0874  d3.loss_bbox: 0.0813  d3.loss_iou: 0.2958  d4.loss_cls: 0.0841  d4.loss_bbox: 0.0809  d4.loss_iou: 0.2965  enc_loss_cls: 0.1127  enc_loss_bbox: 0.0980  enc_loss_iou: 0.3302  dn_loss_cls: 0.0048  dn_loss_bbox: 0.0797  dn_loss_iou: 0.2163  d0.dn_loss_cls: 0.0217  d0.dn_loss_bbox: 0.1262  d0.dn_loss_iou: 0.3052  d1.dn_loss_cls: 0.0081  d1.dn_loss_bbox: 0.0858  d1.dn_loss_iou: 0.2316  d2.dn_loss_cls: 0.0061  d2.dn_loss_bbox: 0.0812  d2.dn_loss_iou: 0.2186  d3.dn_loss_cls: 0.0053  d3.dn_loss_bbox: 0.0805  d3.dn_loss_iou: 0.2167  d4.dn_loss_cls: 0.0049  d4.dn_loss_bbox: 0.0798  d4.dn_loss_iou: 0.2163  contr_loss: 1.0872
08/07 11:58:27 - mmengine - INFO - Epoch(train)  [5][600/698]  base_lr: 1.0000e-04 lr: 1.0000e-04  eta: 5:45:10  time: 1.0909  data_time: 0.0088  memory: 9961  grad_norm: 50.9757  loss: 7.1909  loss_cls: 0.1041  loss_bbox: 0.0744  loss_iou: 0.3381  d0.loss_cls: 0.1205  d0.loss_bbox: 0.0795  d0.loss_iou: 0.3425  d1.loss_cls: 0.1119  d1.loss_bbox: 0.0744  d1.loss_iou: 0.3379  d2.loss_cls: 0.1102  d2.loss_bbox: 0.0732  d2.loss_iou: 0.3350  d3.loss_cls: 0.1057  d3.loss_bbox: 0.0739  d3.loss_iou: 0.3370  d4.loss_cls: 0.1043  d4.loss_bbox: 0.0742  d4.loss_iou: 0.3372  enc_loss_cls: 0.1334  enc_loss_bbox: 0.0918  enc_loss_iou: 0.3718  dn_loss_cls: 0.0050  dn_loss_bbox: 0.0832  dn_loss_iou: 0.2243  d0.dn_loss_cls: 0.0255  d0.dn_loss_bbox: 0.1287  d0.dn_loss_iou: 0.3134  d1.dn_loss_cls: 0.0089  d1.dn_loss_bbox: 0.0914  d1.dn_loss_iou: 0.2428  d2.dn_loss_cls: 0.0064  d2.dn_loss_bbox: 0.0850  d2.dn_loss_iou: 0.2292  d3.dn_loss_cls: 0.0053  d3.dn_loss_bbox: 0.0837  d3.dn_loss_iou: 0.2253  d4.dn_loss_cls: 0.0052  d4.dn_loss_bbox: 0.0833  d4.dn_loss_iou: 0.2243  contr_loss: 1.3888
08/07 11:59:21 - mmengine - INFO - Epoch(train)  [5][650/698]  base_lr: 1.0000e-04 lr: 1.0000e-04  eta: 5:44:11  time: 1.0779  data_time: 0.0098  memory: 9974  grad_norm: 55.1359  loss: 6.6411  loss_cls: 0.1060  loss_bbox: 0.0736  loss_iou: 0.3220  d0.loss_cls: 0.1058  d0.loss_bbox: 0.0826  d0.loss_iou: 0.3360  d1.loss_cls: 0.1028  d1.loss_bbox: 0.0762  d1.loss_iou: 0.3251  d2.loss_cls: 0.0999  d2.loss_bbox: 0.0745  d2.loss_iou: 0.3260  d3.loss_cls: 0.1007  d3.loss_bbox: 0.0735  d3.loss_iou: 0.3237  d4.loss_cls: 0.1039  d4.loss_bbox: 0.0749  d4.loss_iou: 0.3220  enc_loss_cls: 0.1191  enc_loss_bbox: 0.0953  enc_loss_iou: 0.3599  dn_loss_cls: 0.0034  dn_loss_bbox: 0.0721  dn_loss_iou: 0.2082  d0.dn_loss_cls: 0.0202  d0.dn_loss_bbox: 0.1161  d0.dn_loss_iou: 0.2927  d1.dn_loss_cls: 0.0058  d1.dn_loss_bbox: 0.0793  d1.dn_loss_iou: 0.2243  d2.dn_loss_cls: 0.0042  d2.dn_loss_bbox: 0.0742  d2.dn_loss_iou: 0.2114  d3.dn_loss_cls: 0.0037  d3.dn_loss_bbox: 0.0728  d3.dn_loss_iou: 0.2085  d4.dn_loss_cls: 0.0037  d4.dn_loss_bbox: 0.0721  d4.dn_loss_iou: 0.2081  contr_loss: 1.1567
08/07 12:00:12 - mmengine - INFO - Exp name: lae_dino_swin-t_finetune_DIOR_20260807_105315
08/07 12:00:12 - mmengine - INFO - Saving checkpoint at 5 epochs
08/07 12:00:23 - mmengine - INFO - Epoch(val)  [5][ 50/147]    eta: 0:00:09  time: 0.1018  data_time: 0.0024  memory: 9955  
08/07 12:00:28 - mmengine - INFO - Epoch(val)  [5][100/147]    eta: 0:00:04  time: 0.1021  data_time: 0.0021  memory: 3800  
08/07 12:00:36 - mmengine - INFO - Evaluating bbox...
Loading and preparing results...
DONE (t=0.62s)
creating index...
index created!
Running per image evaluation...
Evaluate annotation type *bbox*
DONE (t=7.89s).
Accumulating evaluation results...
DONE (t=3.16s).
 Average Precision  (AP) @[ IoU=0.50:0.95 | area=   all | maxDets=100 ] = 0.715
 Average Precision  (AP) @[ IoU=0.50      | area=   all | maxDets=1000 ] = 0.892
 Average Precision  (AP) @[ IoU=0.75      | area=   all | maxDets=1000 ] = 0.773
 Average Precision  (AP) @[ IoU=0.50:0.95 | area= small | maxDets=1000 ] = 0.234
 Average Precision  (AP) @[ IoU=0.50:0.95 | area=medium | maxDets=1000 ] = 0.601
 Average Precision  (AP) @[ IoU=0.50:0.95 | area= large | maxDets=1000 ] = 0.828
 Average Recall     (AR) @[ IoU=0.50:0.95 | area=   all | maxDets=100 ] = 0.823
 Average Recall     (AR) @[ IoU=0.50:0.95 | area=   all | maxDets=300 ] = 0.829
 Average Recall     (AR) @[ IoU=0.50:0.95 | area=   all | maxDets=1000 ] = 0.829
 Average Recall     (AR) @[ IoU=0.50:0.95 | area= small | maxDets=1000 ] = 0.382
 Average Recall     (AR) @[ IoU=0.50:0.95 | area=medium | maxDets=1000 ] = 0.758
 Average Recall     (AR) @[ IoU=0.50:0.95 | area= large | maxDets=1000 ] = 0.914
08/07 12:00:49 - mmengine - INFO - bbox_mAP_copypaste: 0.715 0.892 0.773 0.234 0.601 0.828
================DIOR/coco================
08/07 12:00:49 - mmengine - INFO - Epoch(val) [5][147/147]    DIOR/coco/bbox_mAP: 0.7150  DIOR/coco/bbox_mAP_50: 0.8920  DIOR/coco/bbox_mAP_75: 0.7730  DIOR/coco/bbox_mAP_s: 0.2340  DIOR/coco/bbox_mAP_m: 0.6010  DIOR/coco/bbox_mAP_l: 0.8280  data_time: 0.0022  time: 0.1013
08/07 12:01:44 - mmengine - INFO - Epoch(train)  [6][ 50/698]  base_lr: 1.0000e-04 lr: 1.0000e-04  eta: 5:42:20  time: 1.1057  data_time: 0.0119  memory: 10532  grad_norm: 50.3084  loss: 6.0249  loss_cls: 0.0638  loss_bbox: 0.0636  loss_iou: 0.2671  d0.loss_cls: 0.0715  d0.loss_bbox: 0.0704  d0.loss_iou: 0.2767  d1.loss_cls: 0.0659  d1.loss_bbox: 0.0649  d1.loss_iou: 0.2701  d2.loss_cls: 0.0641  d2.loss_bbox: 0.0644  d2.loss_iou: 0.2685  d3.loss_cls: 0.0619  d3.loss_bbox: 0.0640  d3.loss_iou: 0.2673  d4.loss_cls: 0.0629  d4.loss_bbox: 0.0635  d4.loss_iou: 0.2673  enc_loss_cls: 0.0896  enc_loss_bbox: 0.0809  enc_loss_iou: 0.2956  dn_loss_cls: 0.0042  dn_loss_bbox: 0.0741  dn_loss_iou: 0.1973  d0.dn_loss_cls: 0.0204  d0.dn_loss_bbox: 0.1200  d0.dn_loss_iou: 0.2797  d1.dn_loss_cls: 0.0068  d1.dn_loss_bbox: 0.0806  d1.dn_loss_iou: 0.2106  d2.dn_loss_cls: 0.0053  d2.dn_loss_bbox: 0.0759  d2.dn_loss_iou: 0.2007  d3.dn_loss_cls: 0.0044  d3.dn_loss_bbox: 0.0742  d3.dn_loss_iou: 0.1976  d4.dn_loss_cls: 0.0043  d4.dn_loss_bbox: 0.0741  d4.dn_loss_iou: 0.1972  contr_loss: 1.3337
08/07 12:02:39 - mmengine - INFO - Epoch(train)  [6][100/698]  base_lr: 1.0000e-04 lr: 1.0000e-04  eta: 5:41:28  time: 1.1033  data_time: 0.0088  memory: 10001  grad_norm: 55.3812  loss: 6.8406  loss_cls: 0.0791  loss_bbox: 0.0628  loss_iou: 0.2806  d0.loss_cls: 0.0924  d0.loss_bbox: 0.0653  d0.loss_iou: 0.2908  d1.loss_cls: 0.0846  d1.loss_bbox: 0.0632  d1.loss_iou: 0.2865  d2.loss_cls: 0.0839  d2.loss_bbox: 0.0635  d2.loss_iou: 0.2820  d3.loss_cls: 0.0845  d3.loss_bbox: 0.0628  d3.loss_iou: 0.2804  d4.loss_cls: 0.0796  d4.loss_bbox: 0.0627  d4.loss_iou: 0.2793  enc_loss_cls: 0.1054  enc_loss_bbox: 0.0779  enc_loss_iou: 0.3151  dn_loss_cls: 0.0041  dn_loss_bbox: 0.0769  dn_loss_iou: 0.2150  d0.dn_loss_cls: 0.0222  d0.dn_loss_bbox: 0.1285  d0.dn_loss_iou: 0.3059  d1.dn_loss_cls: 0.0065  d1.dn_loss_bbox: 0.0854  d1.dn_loss_iou: 0.2334  d2.dn_loss_cls: 0.0049  d2.dn_loss_bbox: 0.0794  d2.dn_loss_iou: 0.2198  d3.dn_loss_cls: 0.0046  d3.dn_loss_bbox: 0.0776  d3.dn_loss_iou: 0.2164  d4.dn_loss_cls: 0.0041  d4.dn_loss_bbox: 0.0769  d4.dn_loss_iou: 0.2148  contr_loss: 1.7817
08/07 12:03:34 - mmengine - INFO - Epoch(train)  [6][150/698]  base_lr: 1.0000e-04 lr: 1.0000e-04  eta: 5:40:32  time: 1.0867  data_time: 0.0086  memory: 9784  grad_norm: 46.5563  loss: 5.9247  loss_cls: 0.0941  loss_bbox: 0.0710  loss_iou: 0.2558  d0.loss_cls: 0.1025  d0.loss_bbox: 0.0769  d0.loss_iou: 0.2673  d1.loss_cls: 0.0981  d1.loss_bbox: 0.0730  d1.loss_iou: 0.2631  d2.loss_cls: 0.0975  d2.loss_bbox: 0.0726  d2.loss_iou: 0.2566  d3.loss_cls: 0.0970  d3.loss_bbox: 0.0711  d3.loss_iou: 0.2558  d4.loss_cls: 0.0943  d4.loss_bbox: 0.0708  d4.loss_iou: 0.2550  enc_loss_cls: 0.1247  enc_loss_bbox: 0.0882  enc_loss_iou: 0.2938  dn_loss_cls: 0.0031  dn_loss_bbox: 0.0710  dn_loss_iou: 0.1905  d0.dn_loss_cls: 0.0236  d0.dn_loss_bbox: 0.1246  d0.dn_loss_iou: 0.2757  d1.dn_loss_cls: 0.0074  d1.dn_loss_bbox: 0.0808  d1.dn_loss_iou: 0.2076  d2.dn_loss_cls: 0.0048  d2.dn_loss_bbox: 0.0741  d2.dn_loss_iou: 0.1954  d3.dn_loss_cls: 0.0038  d3.dn_loss_bbox: 0.0721  d3.dn_loss_iou: 0.1916  d4.dn_loss_cls: 0.0033  d4.dn_loss_bbox: 0.0711  d4.dn_loss_iou: 0.1903  contr_loss: 1.0548
08/07 12:04:28 - mmengine - INFO - Epoch(train)  [6][200/698]  base_lr: 1.0000e-04 lr: 1.0000e-04  eta: 5:39:38  time: 1.0954  data_time: 0.0085  memory: 10059  grad_norm: 53.1854  loss: 5.2340  loss_cls: 0.0524  loss_bbox: 0.0548  loss_iou: 0.2220  d0.loss_cls: 0.0621  d0.loss_bbox: 0.0600  d0.loss_iou: 0.2287  d1.loss_cls: 0.0578  d1.loss_bbox: 0.0563  d1.loss_iou: 0.2247  d2.loss_cls: 0.0559  d2.loss_bbox: 0.0553  d2.loss_iou: 0.2235  d3.loss_cls: 0.0552  d3.loss_bbox: 0.0551  d3.loss_iou: 0.2227  d4.loss_cls: 0.0516  d4.loss_bbox: 0.0555  d4.loss_iou: 0.2223  enc_loss_cls: 0.0828  enc_loss_bbox: 0.0689  enc_loss_iou: 0.2461  dn_loss_cls: 0.0041  dn_loss_bbox: 0.0728  dn_loss_iou: 0.1806  d0.dn_loss_cls: 0.0208  d0.dn_loss_bbox: 0.1155  d0.dn_loss_iou: 0.2546  d1.dn_loss_cls: 0.0061  d1.dn_loss_bbox: 0.0777  d1.dn_loss_iou: 0.1915  d2.dn_loss_cls: 0.0046  d2.dn_loss_bbox: 0.0735  d2.dn_loss_iou: 0.1828  d3.dn_loss_cls: 0.0041  d3.dn_loss_bbox: 0.0730  d3.dn_loss_iou: 0.1811  d4.dn_loss_cls: 0.0043  d4.dn_loss_bbox: 0.0728  d4.dn_loss_iou: 0.1803  contr_loss: 1.1200
08/07 12:05:23 - mmengine - INFO - Epoch(train)  [6][250/698]  base_lr: 1.0000e-04 lr: 1.0000e-04  eta: 5:38:41  time: 1.0846  data_time: 0.0088  memory: 10148  grad_norm: 47.5762  loss: 6.5768  loss_cls: 0.0866  loss_bbox: 0.0713  loss_iou: 0.3330  d0.loss_cls: 0.1003  d0.loss_bbox: 0.0776  d0.loss_iou: 0.3447  d1.loss_cls: 0.0953  d1.loss_bbox: 0.0731  d1.loss_iou: 0.3363  d2.loss_cls: 0.0881  d2.loss_bbox: 0.0716  d2.loss_iou: 0.3339  d3.loss_cls: 0.0883  d3.loss_bbox: 0.0713  d3.loss_iou: 0.3335  d4.loss_cls: 0.0868  d4.loss_bbox: 0.0713  d4.loss_iou: 0.3324  enc_loss_cls: 0.1164  enc_loss_bbox: 0.0867  enc_loss_iou: 0.3671  dn_loss_cls: 0.0048  dn_loss_bbox: 0.0864  dn_loss_iou: 0.2067  d0.dn_loss_cls: 0.0201  d0.dn_loss_bbox: 0.1214  d0.dn_loss_iou: 0.2773  d1.dn_loss_cls: 0.0069  d1.dn_loss_bbox: 0.0948  d1.dn_loss_iou: 0.2228  d2.dn_loss_cls: 0.0055  d2.dn_loss_bbox: 0.0871  d2.dn_loss_iou: 0.2100  d3.dn_loss_cls: 0.0049  d3.dn_loss_bbox: 0.0864  d3.dn_loss_iou: 0.2076  d4.dn_loss_cls: 0.0049  d4.dn_loss_bbox: 0.0862  d4.dn_loss_iou: 0.2065  contr_loss: 1.0707
08/07 12:06:17 - mmengine - INFO - Epoch(train)  [6][300/698]  base_lr: 1.0000e-04 lr: 1.0000e-04  eta: 5:37:44  time: 1.0822  data_time: 0.0088  memory: 10512  grad_norm: 50.8193  loss: 7.2829  loss_cls: 0.1152  loss_bbox: 0.0701  loss_iou: 0.3890  d0.loss_cls: 0.1249  d0.loss_bbox: 0.0741  d0.loss_iou: 0.3954  d1.loss_cls: 0.1196  d1.loss_bbox: 0.0699  d1.loss_iou: 0.3886  d2.loss_cls: 0.1146  d2.loss_bbox: 0.0700  d2.loss_iou: 0.3916  d3.loss_cls: 0.1153  d3.loss_bbox: 0.0702  d3.loss_iou: 0.3875  d4.loss_cls: 0.1170  d4.loss_bbox: 0.0700  d4.loss_iou: 0.3873  enc_loss_cls: 0.1313  enc_loss_bbox: 0.0850  enc_loss_iou: 0.4209  dn_loss_cls: 0.0348  dn_loss_bbox: 0.0651  dn_loss_iou: 0.2061  d0.dn_loss_cls: 0.0272  d0.dn_loss_bbox: 0.1060  d0.dn_loss_iou: 0.2853  d1.dn_loss_cls: 0.0168  d1.dn_loss_bbox: 0.0730  d1.dn_loss_iou: 0.2215  d2.dn_loss_cls: 0.0296  d2.dn_loss_bbox: 0.0676  d2.dn_loss_iou: 0.2099  d3.dn_loss_cls: 0.0287  d3.dn_loss_bbox: 0.0656  d3.dn_loss_iou: 0.2066  d4.dn_loss_cls: 0.0290  d4.dn_loss_bbox: 0.0651  d4.dn_loss_iou: 0.2059  contr_loss: 1.2317
08/07 12:07:11 - mmengine - INFO - Epoch(train)  [6][350/698]  base_lr: 1.0000e-04 lr: 1.0000e-04  eta: 5:36:47  time: 1.0849  data_time: 0.0086  memory: 9717  grad_norm: 45.9310  loss: 6.6848  loss_cls: 0.0785  loss_bbox: 0.0708  loss_iou: 0.3443  d0.loss_cls: 0.0916  d0.loss_bbox: 0.0763  d0.loss_iou: 0.3519  d1.loss_cls: 0.0876  d1.loss_bbox: 0.0727  d1.loss_iou: 0.3467  d2.loss_cls: 0.0846  d2.loss_bbox: 0.0721  d2.loss_iou: 0.3446  d3.loss_cls: 0.0800  d3.loss_bbox: 0.0717  d3.loss_iou: 0.3429  d4.loss_cls: 0.0788  d4.loss_bbox: 0.0710  d4.loss_iou: 0.3431  enc_loss_cls: 0.1050  enc_loss_bbox: 0.0841  enc_loss_iou: 0.3683  dn_loss_cls: 0.0052  dn_loss_bbox: 0.0660  dn_loss_iou: 0.1974  d0.dn_loss_cls: 0.0228  d0.dn_loss_bbox: 0.1043  d0.dn_loss_iou: 0.2767  d1.dn_loss_cls: 0.0084  d1.dn_loss_bbox: 0.0722  d1.dn_loss_iou: 0.2132  d2.dn_loss_cls: 0.0060  d2.dn_loss_bbox: 0.0669  d2.dn_loss_iou: 0.2005  d3.dn_loss_cls: 0.0053  d3.dn_loss_bbox: 0.0665  d3.dn_loss_iou: 0.1985  d4.dn_loss_cls: 0.0053  d4.dn_loss_bbox: 0.0661  d4.dn_loss_iou: 0.1974  contr_loss: 1.3396
08/07 12:08:05 - mmengine - INFO - Epoch(train)  [6][400/698]  base_lr: 1.0000e-04 lr: 1.0000e-04  eta: 5:35:52  time: 1.0885  data_time: 0.0087  memory: 9692  grad_norm: 52.0503  loss: 5.8704  loss_cls: 0.0667  loss_bbox: 0.0563  loss_iou: 0.1915  d0.loss_cls: 0.0709  d0.loss_bbox: 0.0633  d0.loss_iou: 0.1965  d1.loss_cls: 0.0668  d1.loss_bbox: 0.0575  d1.loss_iou: 0.1944  d2.loss_cls: 0.0684  d2.loss_bbox: 0.0565  d2.loss_iou: 0.1914  d3.loss_cls: 0.0673  d3.loss_bbox: 0.0562  d3.loss_iou: 0.1916  d4.loss_cls: 0.0667  d4.loss_bbox: 0.0562  d4.loss_iou: 0.1914  enc_loss_cls: 0.0848  enc_loss_bbox: 0.0695  enc_loss_iou: 0.2134  dn_loss_cls: 0.0049  dn_loss_bbox: 0.0919  dn_loss_iou: 0.2205  d0.dn_loss_cls: 0.0265  d0.dn_loss_bbox: 0.1429  d0.dn_loss_iou: 0.3129  d1.dn_loss_cls: 0.0089  d1.dn_loss_bbox: 0.1000  d1.dn_loss_iou: 0.2384  d2.dn_loss_cls: 0.0067  d2.dn_loss_bbox: 0.0936  d2.dn_loss_iou: 0.2238  d3.dn_loss_cls: 0.0055  d3.dn_loss_bbox: 0.0927  d3.dn_loss_iou: 0.2215  d4.dn_loss_cls: 0.0052  d4.dn_loss_bbox: 0.0920  d4.dn_loss_iou: 0.2204  contr_loss: 1.4850
08/07 12:09:00 - mmengine - INFO - Epoch(train)  [6][450/698]  base_lr: 1.0000e-04 lr: 1.0000e-04  eta: 5:34:55  time: 1.0850  data_time: 0.0087  memory: 9958  grad_norm: 45.9614  loss: 6.3004  loss_cls: 0.0929  loss_bbox: 0.0801  loss_iou: 0.3149  d0.loss_cls: 0.1095  d0.loss_bbox: 0.0878  d0.loss_iou: 0.3303  d1.loss_cls: 0.0948  d1.loss_bbox: 0.0832  d1.loss_iou: 0.3216  d2.loss_cls: 0.0969  d2.loss_bbox: 0.0807  d2.loss_iou: 0.3158  d3.loss_cls: 0.0932  d3.loss_bbox: 0.0804  d3.loss_iou: 0.3147  d4.loss_cls: 0.0927  d4.loss_bbox: 0.0800  d4.loss_iou: 0.3147  enc_loss_cls: 0.1134  enc_loss_bbox: 0.0969  enc_loss_iou: 0.3506  dn_loss_cls: 0.0036  dn_loss_bbox: 0.0743  dn_loss_iou: 0.1891  d0.dn_loss_cls: 0.0213  d0.dn_loss_bbox: 0.1167  d0.dn_loss_iou: 0.2716  d1.dn_loss_cls: 0.0069  d1.dn_loss_bbox: 0.0813  d1.dn_loss_iou: 0.2040  d2.dn_loss_cls: 0.0055  d2.dn_loss_bbox: 0.0762  d2.dn_loss_iou: 0.1932  d3.dn_loss_cls: 0.0045  d3.dn_loss_bbox: 0.0751  d3.dn_loss_iou: 0.1904  d4.dn_loss_cls: 0.0036  d4.dn_loss_bbox: 0.0742  d4.dn_loss_iou: 0.1890  contr_loss: 0.9748
08/07 12:09:54 - mmengine - INFO - Epoch(train)  [6][500/698]  base_lr: 1.0000e-04 lr: 1.0000e-04  eta: 5:33:59  time: 1.0848  data_time: 0.0092  memory: 9773  grad_norm: 53.4987  loss: 6.7176  loss_cls: 0.0945  loss_bbox: 0.0755  loss_iou: 0.3193  d0.loss_cls: 0.1061  d0.loss_bbox: 0.0839  d0.loss_iou: 0.3296  d1.loss_cls: 0.1004  d1.loss_bbox: 0.0789  d1.loss_iou: 0.3249  d2.loss_cls: 0.0969  d2.loss_bbox: 0.0764  d2.loss_iou: 0.3230  d3.loss_cls: 0.0933  d3.loss_bbox: 0.0766  d3.loss_iou: 0.3230  d4.loss_cls: 0.0925  d4.loss_bbox: 0.0759  d4.loss_iou: 0.3216  enc_loss_cls: 0.1194  enc_loss_bbox: 0.0964  enc_loss_iou: 0.3583  dn_loss_cls: 0.0046  dn_loss_bbox: 0.0705  dn_loss_iou: 0.1891  d0.dn_loss_cls: 0.0261  d0.dn_loss_bbox: 0.1167  d0.dn_loss_iou: 0.2711  d1.dn_loss_cls: 0.0083  d1.dn_loss_bbox: 0.0791  d1.dn_loss_iou: 0.2054  d2.dn_loss_cls: 0.0058  d2.dn_loss_bbox: 0.0726  d2.dn_loss_iou: 0.1936  d3.dn_loss_cls: 0.0050  d3.dn_loss_bbox: 0.0713  d3.dn_loss_iou: 0.1904  d4.dn_loss_cls: 0.0049  d4.dn_loss_bbox: 0.0706  d4.dn_loss_iou: 0.1891  contr_loss: 1.3772
08/07 12:10:05 - mmengine - INFO - Exp name: lae_dino_swin-t_finetune_DIOR_20260807_105315
08/07 12:10:48 - mmengine - INFO - Epoch(train)  [6][550/698]  base_lr: 1.0000e-04 lr: 1.0000e-04  eta: 5:33:00  time: 1.0742  data_time: 0.0086  memory: 9972  grad_norm: 53.2388  loss: 6.3981  loss_cls: 0.1023  loss_bbox: 0.0656  loss_iou: 0.2746  d0.loss_cls: 0.1032  d0.loss_bbox: 0.0734  d0.loss_iou: 0.2816  d1.loss_cls: 0.0992  d1.loss_bbox: 0.0707  d1.loss_iou: 0.2762  d2.loss_cls: 0.0984  d2.loss_bbox: 0.0681  d2.loss_iou: 0.2735  d3.loss_cls: 0.0973  d3.loss_bbox: 0.0660  d3.loss_iou: 0.2738  d4.loss_cls: 0.0992  d4.loss_bbox: 0.0655  d4.loss_iou: 0.2745  enc_loss_cls: 0.1177  enc_loss_bbox: 0.0830  enc_loss_iou: 0.2967  dn_loss_cls: 0.0100  dn_loss_bbox: 0.0808  dn_loss_iou: 0.2174  d0.dn_loss_cls: 0.0241  d0.dn_loss_bbox: 0.1255  d0.dn_loss_iou: 0.3001  d1.dn_loss_cls: 0.0085  d1.dn_loss_bbox: 0.0898  d1.dn_loss_iou: 0.2317  d2.dn_loss_cls: 0.0073  d2.dn_loss_bbox: 0.0825  d2.dn_loss_iou: 0.2202  d3.dn_loss_cls: 0.0080  d3.dn_loss_bbox: 0.0816  d3.dn_loss_iou: 0.2182  d4.dn_loss_cls: 0.0085  d4.dn_loss_bbox: 0.0807  d4.dn_loss_iou: 0.2170  contr_loss: 1.2256
08/07 12:11:42 - mmengine - INFO - Epoch(train)  [6][600/698]  base_lr: 1.0000e-04 lr: 1.0000e-04  eta: 5:32:04  time: 1.0851  data_time: 0.0089  memory: 9758  grad_norm: 45.9577  loss: 5.8751  loss_cls: 0.0706  loss_bbox: 0.0708  loss_iou: 0.2532  d0.loss_cls: 0.0753  d0.loss_bbox: 0.0809  d0.loss_iou: 0.2724  d1.loss_cls: 0.0745  d1.loss_bbox: 0.0739  d1.loss_iou: 0.2645  d2.loss_cls: 0.0721  d2.loss_bbox: 0.0716  d2.loss_iou: 0.2586  d3.loss_cls: 0.0702  d3.loss_bbox: 0.0712  d3.loss_iou: 0.2543  d4.loss_cls: 0.0706  d4.loss_bbox: 0.0708  d4.loss_iou: 0.2532  enc_loss_cls: 0.0887  enc_loss_bbox: 0.0906  enc_loss_iou: 0.2898  dn_loss_cls: 0.0027  dn_loss_bbox: 0.0798  dn_loss_iou: 0.2072  d0.dn_loss_cls: 0.0189  d0.dn_loss_bbox: 0.1281  d0.dn_loss_iou: 0.2921  d1.dn_loss_cls: 0.0048  d1.dn_loss_bbox: 0.0879  d1.dn_loss_iou: 0.2230  d2.dn_loss_cls: 0.0036  d2.dn_loss_bbox: 0.0815  d2.dn_loss_iou: 0.2101  d3.dn_loss_cls: 0.0030  d3.dn_loss_bbox: 0.0803  d3.dn_loss_iou: 0.2076  d4.dn_loss_cls: 0.0028  d4.dn_loss_bbox: 0.0798  d4.dn_loss_iou: 0.2071  contr_loss: 1.0570
08/07 12:12:36 - mmengine - INFO - Epoch(train)  [6][650/698]  base_lr: 1.0000e-04 lr: 1.0000e-04  eta: 5:31:05  time: 1.0726  data_time: 0.0089  memory: 9866  grad_norm: 49.3908  loss: 5.5664  loss_cls: 0.0540  loss_bbox: 0.0610  loss_iou: 0.2357  d0.loss_cls: 0.0613  d0.loss_bbox: 0.0655  d0.loss_iou: 0.2416  d1.loss_cls: 0.0554  d1.loss_bbox: 0.0626  d1.loss_iou: 0.2381  d2.loss_cls: 0.0557  d2.loss_bbox: 0.0614  d2.loss_iou: 0.2366  d3.loss_cls: 0.0530  d3.loss_bbox: 0.0618  d3.loss_iou: 0.2365  d4.loss_cls: 0.0539  d4.loss_bbox: 0.0607  d4.loss_iou: 0.2353  enc_loss_cls: 0.0708  enc_loss_bbox: 0.0732  enc_loss_iou: 0.2572  dn_loss_cls: 0.0024  dn_loss_bbox: 0.0696  dn_loss_iou: 0.1934  d0.dn_loss_cls: 0.0217  d0.dn_loss_bbox: 0.1171  d0.dn_loss_iou: 0.2831  d1.dn_loss_cls: 0.0053  d1.dn_loss_bbox: 0.0783  d1.dn_loss_iou: 0.2096  d2.dn_loss_cls: 0.0037  d2.dn_loss_bbox: 0.0713  d2.dn_loss_iou: 0.1970  d3.dn_loss_cls: 0.0026  d3.dn_loss_bbox: 0.0702  d3.dn_loss_iou: 0.1948  d4.dn_loss_cls: 0.0025  d4.dn_loss_bbox: 0.0696  d4.dn_loss_iou: 0.1933  contr_loss: 1.2496
08/07 12:13:27 - mmengine - INFO - Exp name: lae_dino_swin-t_finetune_DIOR_20260807_105315
08/07 12:13:27 - mmengine - INFO - Saving checkpoint at 6 epochs
08/07 12:13:38 - mmengine - INFO - Epoch(val)  [6][ 50/147]    eta: 0:00:09  time: 0.1019  data_time: 0.0025  memory: 9946  
08/07 12:13:44 - mmengine - INFO - Epoch(val)  [6][100/147]    eta: 0:00:04  time: 0.1014  data_time: 0.0020  memory: 3800  
08/07 12:13:51 - mmengine - INFO - Evaluating bbox...
Loading and preparing results...
DONE (t=0.58s)
creating index...
index created!
Running per image evaluation...
Evaluate annotation type *bbox*
DONE (t=8.40s).
Accumulating evaluation results...
DONE (t=3.36s).
 Average Precision  (AP) @[ IoU=0.50:0.95 | area=   all | maxDets=100 ] = 0.727
 Average Precision  (AP) @[ IoU=0.50      | area=   all | maxDets=1000 ] = 0.902
 Average Precision  (AP) @[ IoU=0.75      | area=   all | maxDets=1000 ] = 0.792
 Average Precision  (AP) @[ IoU=0.50:0.95 | area= small | maxDets=1000 ] = 0.300
 Average Precision  (AP) @[ IoU=0.50:0.95 | area=medium | maxDets=1000 ] = 0.620
 Average Precision  (AP) @[ IoU=0.50:0.95 | area= large | maxDets=1000 ] = 0.837
 Average Recall     (AR) @[ IoU=0.50:0.95 | area=   all | maxDets=100 ] = 0.830
 Average Recall     (AR) @[ IoU=0.50:0.95 | area=   all | maxDets=300 ] = 0.836
 Average Recall     (AR) @[ IoU=0.50:0.95 | area=   all | maxDets=1000 ] = 0.836
 Average Recall     (AR) @[ IoU=0.50:0.95 | area= small | maxDets=1000 ] = 0.466
 Average Recall     (AR) @[ IoU=0.50:0.95 | area=medium | maxDets=1000 ] = 0.766
 Average Recall     (AR) @[ IoU=0.50:0.95 | area= large | maxDets=1000 ] = 0.916
08/07 12:14:04 - mmengine - INFO - bbox_mAP_copypaste: 0.727 0.902 0.792 0.300 0.620 0.837
================DIOR/coco================
08/07 12:14:04 - mmengine - INFO - Epoch(val) [6][147/147]    DIOR/coco/bbox_mAP: 0.7270  DIOR/coco/bbox_mAP_50: 0.9020  DIOR/coco/bbox_mAP_75: 0.7920  DIOR/coco/bbox_mAP_s: 0.3000  DIOR/coco/bbox_mAP_m: 0.6200  DIOR/coco/bbox_mAP_l: 0.8370  data_time: 0.0021  time: 0.1007
08/07 12:15:00 - mmengine - INFO - Epoch(train)  [7][ 50/698]  base_lr: 1.0000e-04 lr: 1.0000e-04  eta: 5:29:17  time: 1.1101  data_time: 0.0150  memory: 10278  grad_norm: 43.8192  loss: 6.6752  loss_cls: 0.0792  loss_bbox: 0.0662  loss_iou: 0.3021  d0.loss_cls: 0.0948  d0.loss_bbox: 0.0726  d0.loss_iou: 0.3124  d1.loss_cls: 0.0887  d1.loss_bbox: 0.0683  d1.loss_iou: 0.3027  d2.loss_cls: 0.0835  d2.loss_bbox: 0.0666  d2.loss_iou: 0.3044  d3.loss_cls: 0.0816  d3.loss_bbox: 0.0664  d3.loss_iou: 0.3035  d4.loss_cls: 0.0797  d4.loss_bbox: 0.0662  d4.loss_iou: 0.3022  enc_loss_cls: 0.1129  enc_loss_bbox: 0.0820  enc_loss_iou: 0.3334  dn_loss_cls: 0.0049  dn_loss_bbox: 0.0671  dn_loss_iou: 0.1984  d0.dn_loss_cls: 0.0228  d0.dn_loss_bbox: 0.1120  d0.dn_loss_iou: 0.2809  d1.dn_loss_cls: 0.0083  d1.dn_loss_bbox: 0.0741  d1.dn_loss_iou: 0.2135  d2.dn_loss_cls: 0.0064  d2.dn_loss_bbox: 0.0688  d2.dn_loss_iou: 0.2011  d3.dn_loss_cls: 0.0054  d3.dn_loss_bbox: 0.0678  d3.dn_loss_iou: 0.1994  d4.dn_loss_cls: 0.0051  d4.dn_loss_bbox: 0.0672  d4.dn_loss_iou: 0.1986  contr_loss: 1.6042
08/07 12:15:54 - mmengine - INFO - Epoch(train)  [7][100/698]  base_lr: 1.0000e-04 lr: 1.0000e-04  eta: 5:28:20  time: 1.0808  data_time: 0.0092  memory: 10564  grad_norm: 46.5080  loss: 6.4425  loss_cls: 0.0799  loss_bbox: 0.0706  loss_iou: 0.3088  d0.loss_cls: 0.0907  d0.loss_bbox: 0.0739  d0.loss_iou: 0.3130  d1.loss_cls: 0.0876  d1.loss_bbox: 0.0711  d1.loss_iou: 0.3115  d2.loss_cls: 0.0830  d2.loss_bbox: 0.0724  d2.loss_iou: 0.3130  d3.loss_cls: 0.0822  d3.loss_bbox: 0.0707  d3.loss_iou: 0.3095  d4.loss_cls: 0.0777  d4.loss_bbox: 0.0713  d4.loss_iou: 0.3102  enc_loss_cls: 0.1017  enc_loss_bbox: 0.0853  enc_loss_iou: 0.3351  dn_loss_cls: 0.0071  dn_loss_bbox: 0.0880  dn_loss_iou: 0.2255  d0.dn_loss_cls: 0.0282  d0.dn_loss_bbox: 0.1415  d0.dn_loss_iou: 0.3126  d1.dn_loss_cls: 0.0105  d1.dn_loss_bbox: 0.0989  d1.dn_loss_iou: 0.2423  d2.dn_loss_cls: 0.0078  d2.dn_loss_bbox: 0.0912  d2.dn_loss_iou: 0.2289  d3.dn_loss_cls: 0.0069  d3.dn_loss_bbox: 0.0883  d3.dn_loss_iou: 0.2262  d4.dn_loss_cls: 0.0069  d4.dn_loss_bbox: 0.0882  d4.dn_loss_iou: 0.2256  contr_loss: 0.9983
08/07 12:16:48 - mmengine - INFO - Epoch(train)  [7][150/698]  base_lr: 1.0000e-04 lr: 1.0000e-04  eta: 5:27:23  time: 1.0770  data_time: 0.0086  memory: 10603  grad_norm: 46.1912  loss: 5.8552  loss_cls: 0.0738  loss_bbox: 0.0642  loss_iou: 0.2150  d0.loss_cls: 0.0898  d0.loss_bbox: 0.0715  d0.loss_iou: 0.2262  d1.loss_cls: 0.0778  d1.loss_bbox: 0.0652  d1.loss_iou: 0.2161  d2.loss_cls: 0.0779  d2.loss_bbox: 0.0643  d2.loss_iou: 0.2163  d3.loss_cls: 0.0760  d3.loss_bbox: 0.0658  d3.loss_iou: 0.2153  d4.loss_cls: 0.0752  d4.loss_bbox: 0.0643  d4.loss_iou: 0.2149  enc_loss_cls: 0.1003  enc_loss_bbox: 0.0781  enc_loss_iou: 0.2453  dn_loss_cls: 0.0066  dn_loss_bbox: 0.0768  dn_loss_iou: 0.2144  d0.dn_loss_cls: 0.0262  d0.dn_loss_bbox: 0.1248  d0.dn_loss_iou: 0.3029  d1.dn_loss_cls: 0.0089  d1.dn_loss_bbox: 0.0839  d1.dn_loss_iou: 0.2283  d2.dn_loss_cls: 0.0082  d2.dn_loss_bbox: 0.0786  d2.dn_loss_iou: 0.2180  d3.dn_loss_cls: 0.0063  d3.dn_loss_bbox: 0.0769  d3.dn_loss_iou: 0.2150  d4.dn_loss_cls: 0.0057  d4.dn_loss_bbox: 0.0768  d4.dn_loss_iou: 0.2143  contr_loss: 1.2894
08/07 12:17:43 - mmengine - INFO - Epoch(train)  [7][200/698]  base_lr: 1.0000e-04 lr: 1.0000e-04  eta: 5:26:30  time: 1.1009  data_time: 0.0090  memory: 10034  grad_norm: 48.7614  loss: 6.5322  loss_cls: 0.0816  loss_bbox: 0.0793  loss_iou: 0.3251  d0.loss_cls: 0.0955  d0.loss_bbox: 0.0819  d0.loss_iou: 0.3330  d1.loss_cls: 0.0844  d1.loss_bbox: 0.0796  d1.loss_iou: 0.3284  d2.loss_cls: 0.0827  d2.loss_bbox: 0.0787  d2.loss_iou: 0.3238  d3.loss_cls: 0.0846  d3.loss_bbox: 0.0777  d3.loss_iou: 0.3226  d4.loss_cls: 0.0819  d4.loss_bbox: 0.0792  d4.loss_iou: 0.3250  enc_loss_cls: 0.1085  enc_loss_bbox: 0.0929  enc_loss_iou: 0.3585  dn_loss_cls: 0.0029  dn_loss_bbox: 0.0749  dn_loss_iou: 0.2056  d0.dn_loss_cls: 0.0231  d0.dn_loss_bbox: 0.1241  d0.dn_loss_iou: 0.2896  d1.dn_loss_cls: 0.0073  d1.dn_loss_bbox: 0.0829  d1.dn_loss_iou: 0.2201  d2.dn_loss_cls: 0.0044  d2.dn_loss_bbox: 0.0763  d2.dn_loss_iou: 0.2081  d3.dn_loss_cls: 0.0036  d3.dn_loss_bbox: 0.0758  d3.dn_loss_iou: 0.2065  d4.dn_loss_cls: 0.0030  d4.dn_loss_bbox: 0.0749  d4.dn_loss_iou: 0.2054  contr_loss: 1.1386
08/07 12:18:37 - mmengine - INFO - Epoch(train)  [7][250/698]  base_lr: 1.0000e-04 lr: 1.0000e-04  eta: 5:25:32  time: 1.0771  data_time: 0.0090  memory: 9652  grad_norm: 52.3083  loss: 6.2084  loss_cls: 0.0797  loss_bbox: 0.0563  loss_iou: 0.2442  d0.loss_cls: 0.0969  d0.loss_bbox: 0.0638  d0.loss_iou: 0.2558  d1.loss_cls: 0.0836  d1.loss_bbox: 0.0606  d1.loss_iou: 0.2505  d2.loss_cls: 0.0810  d2.loss_bbox: 0.0581  d2.loss_iou: 0.2474  d3.loss_cls: 0.0790  d3.loss_bbox: 0.0588  d3.loss_iou: 0.2454  d4.loss_cls: 0.0804  d4.loss_bbox: 0.0563  d4.loss_iou: 0.2435  enc_loss_cls: 0.1072  enc_loss_bbox: 0.0756  enc_loss_iou: 0.2768  dn_loss_cls: 0.0030  dn_loss_bbox: 0.0784  dn_loss_iou: 0.2010  d0.dn_loss_cls: 0.0207  d0.dn_loss_bbox: 0.1187  d0.dn_loss_iou: 0.2846  d1.dn_loss_cls: 0.0057  d1.dn_loss_bbox: 0.0855  d1.dn_loss_iou: 0.2167  d2.dn_loss_cls: 0.0040  d2.dn_loss_bbox: 0.0804  d2.dn_loss_iou: 0.2045  d3.dn_loss_cls: 0.0033  d3.dn_loss_bbox: 0.0787  d3.dn_loss_iou: 0.2020  d4.dn_loss_cls: 0.0029  d4.dn_loss_bbox: 0.0782  d4.dn_loss_iou: 0.2009  contr_loss: 1.5382
08/07 12:19:32 - mmengine - INFO - Epoch(train)  [7][300/698]  base_lr: 1.0000e-04 lr: 1.0000e-04  eta: 5:24:41  time: 1.1094  data_time: 0.0090  memory: 10529  grad_norm: 44.1132  loss: 7.4581  loss_cls: 0.1016  loss_bbox: 0.0764  loss_iou: 0.3863  d0.loss_cls: 0.1191  d0.loss_bbox: 0.0818  d0.loss_iou: 0.3945  d1.loss_cls: 0.1089  d1.loss_bbox: 0.0795  d1.loss_iou: 0.3911  d2.loss_cls: 0.1003  d2.loss_bbox: 0.0782  d2.loss_iou: 0.3891  d3.loss_cls: 0.1009  d3.loss_bbox: 0.0769  d3.loss_iou: 0.3874  d4.loss_cls: 0.0993  d4.loss_bbox: 0.0768  d4.loss_iou: 0.3862  enc_loss_cls: 0.1361  enc_loss_bbox: 0.0957  enc_loss_iou: 0.4179  dn_loss_cls: 0.0114  dn_loss_bbox: 0.0697  dn_loss_iou: 0.2238  d0.dn_loss_cls: 0.0305  d0.dn_loss_bbox: 0.1119  d0.dn_loss_iou: 0.3147  d1.dn_loss_cls: 0.0173  d1.dn_loss_bbox: 0.0764  d1.dn_loss_iou: 0.2419  d2.dn_loss_cls: 0.0124  d2.dn_loss_bbox: 0.0713  d2.dn_loss_iou: 0.2273  d3.dn_loss_cls: 0.0127  d3.dn_loss_bbox: 0.0701  d3.dn_loss_iou: 0.2246  d4.dn_loss_cls: 0.0109  d4.dn_loss_bbox: 0.0697  d4.dn_loss_iou: 0.2236  contr_loss: 1.3536
08/07 12:20:27 - mmengine - INFO - Epoch(train)  [7][350/698]  base_lr: 1.0000e-04 lr: 1.0000e-04  eta: 5:23:50  time: 1.1060  data_time: 0.0089  memory: 10251  grad_norm: 52.9725  loss: 5.9652  loss_cls: 0.0664  loss_bbox: 0.0729  loss_iou: 0.2483  d0.loss_cls: 0.0736  d0.loss_bbox: 0.0810  d0.loss_iou: 0.2633  d1.loss_cls: 0.0708  d1.loss_bbox: 0.0754  d1.loss_iou: 0.2557  d2.loss_cls: 0.0661  d2.loss_bbox: 0.0753  d2.loss_iou: 0.2520  d3.loss_cls: 0.0667  d3.loss_bbox: 0.0726  d3.loss_iou: 0.2484  d4.loss_cls: 0.0653  d4.loss_bbox: 0.0728  d4.loss_iou: 0.2474  enc_loss_cls: 0.0852  enc_loss_bbox: 0.0914  enc_loss_iou: 0.2819  dn_loss_cls: 0.0043  dn_loss_bbox: 0.0999  dn_loss_iou: 0.2226  d0.dn_loss_cls: 0.0221  d0.dn_loss_bbox: 0.1451  d0.dn_loss_iou: 0.3079  d1.dn_loss_cls: 0.0056  d1.dn_loss_bbox: 0.1066  d1.dn_loss_iou: 0.2365  d2.dn_loss_cls: 0.0046  d2.dn_loss_bbox: 0.1014  d2.dn_loss_iou: 0.2250  d3.dn_loss_cls: 0.0039  d3.dn_loss_bbox: 0.1002  d3.dn_loss_iou: 0.2229  d4.dn_loss_cls: 0.0039  d4.dn_loss_bbox: 0.1000  d4.dn_loss_iou: 0.2225  contr_loss: 0.9974
08/07 12:21:21 - mmengine - INFO - Epoch(train)  [7][400/698]  base_lr: 1.0000e-04 lr: 1.0000e-04  eta: 5:22:53  time: 1.0810  data_time: 0.0089  memory: 9769  grad_norm: 47.1541  loss: 5.3859  loss_cls: 0.0595  loss_bbox: 0.0621  loss_iou: 0.2385  d0.loss_cls: 0.0686  d0.loss_bbox: 0.0731  d0.loss_iou: 0.2572  d1.loss_cls: 0.0681  d1.loss_bbox: 0.0658  d1.loss_iou: 0.2473  d2.loss_cls: 0.0668  d2.loss_bbox: 0.0625  d2.loss_iou: 0.2416  d3.loss_cls: 0.0622  d3.loss_bbox: 0.0621  d3.loss_iou: 0.2414  d4.loss_cls: 0.0601  d4.loss_bbox: 0.0617  d4.loss_iou: 0.2382  enc_loss_cls: 0.0854  enc_loss_bbox: 0.0815  enc_loss_iou: 0.2759  dn_loss_cls: 0.0030  dn_loss_bbox: 0.0754  dn_loss_iou: 0.1821  d0.dn_loss_cls: 0.0141  d0.dn_loss_bbox: 0.1185  d0.dn_loss_iou: 0.2588  d1.dn_loss_cls: 0.0038  d1.dn_loss_bbox: 0.0811  d1.dn_loss_iou: 0.1942  d2.dn_loss_cls: 0.0031  d2.dn_loss_bbox: 0.0761  d2.dn_loss_iou: 0.1848  d3.dn_loss_cls: 0.0029  d3.dn_loss_bbox: 0.0757  d3.dn_loss_iou: 0.1825  d4.dn_loss_cls: 0.0028  d4.dn_loss_bbox: 0.0755  d4.dn_loss_iou: 0.1821  contr_loss: 0.9898
08/07 12:22:16 - mmengine - INFO - Epoch(train)  [7][450/698]  base_lr: 1.0000e-04 lr: 1.0000e-04  eta: 5:21:59  time: 1.0944  data_time: 0.0087  memory: 9876  grad_norm: 57.8139  loss: 6.3970  loss_cls: 0.0896  loss_bbox: 0.0715  loss_iou: 0.2840  d0.loss_cls: 0.1124  d0.loss_bbox: 0.0784  d0.loss_iou: 0.3012  d1.loss_cls: 0.1024  d1.loss_bbox: 0.0753  d1.loss_iou: 0.2918  d2.loss_cls: 0.0990  d2.loss_bbox: 0.0732  d2.loss_iou: 0.2881  d3.loss_cls: 0.0905  d3.loss_bbox: 0.0725  d3.loss_iou: 0.2868  d4.loss_cls: 0.0907  d4.loss_bbox: 0.0716  d4.loss_iou: 0.2840  enc_loss_cls: 0.1296  enc_loss_bbox: 0.0890  enc_loss_iou: 0.3236  dn_loss_cls: 0.0045  dn_loss_bbox: 0.0867  dn_loss_iou: 0.2129  d0.dn_loss_cls: 0.0252  d0.dn_loss_bbox: 0.1315  d0.dn_loss_iou: 0.2999  d1.dn_loss_cls: 0.0066  d1.dn_loss_bbox: 0.0956  d1.dn_loss_iou: 0.2294  d2.dn_loss_cls: 0.0053  d2.dn_loss_bbox: 0.0890  d2.dn_loss_iou: 0.2164  d3.dn_loss_cls: 0.0046  d3.dn_loss_bbox: 0.0871  d3.dn_loss_iou: 0.2136  d4.dn_loss_cls: 0.0048  d4.dn_loss_bbox: 0.0867  d4.dn_loss_iou: 0.2127  contr_loss: 1.0790
08/07 12:23:11 - mmengine - INFO - Epoch(train)  [7][500/698]  base_lr: 1.0000e-04 lr: 1.0000e-04  eta: 5:21:04  time: 1.0906  data_time: 0.0090  memory: 9749  grad_norm: 48.4548  loss: 5.7759  loss_cls: 0.0866  loss_bbox: 0.0657  loss_iou: 0.2904  d0.loss_cls: 0.1054  d0.loss_bbox: 0.0758  d0.loss_iou: 0.3045  d1.loss_cls: 0.0941  d1.loss_bbox: 0.0685  d1.loss_iou: 0.2955  d2.loss_cls: 0.0932  d2.loss_bbox: 0.0668  d2.loss_iou: 0.2924  d3.loss_cls: 0.0901  d3.loss_bbox: 0.0669  d3.loss_iou: 0.2906  d4.loss_cls: 0.0873  d4.loss_bbox: 0.0659  d4.loss_iou: 0.2904  enc_loss_cls: 0.1163  enc_loss_bbox: 0.0856  enc_loss_iou: 0.3267  dn_loss_cls: 0.0040  dn_loss_bbox: 0.0776  dn_loss_iou: 0.1952  d0.dn_loss_cls: 0.0211  d0.dn_loss_bbox: 0.1339  d0.dn_loss_iou: 0.2778  d1.dn_loss_cls: 0.0069  d1.dn_loss_bbox: 0.0898  d1.dn_loss_iou: 0.2116  d2.dn_loss_cls: 0.0048  d2.dn_loss_bbox: 0.0814  d2.dn_loss_iou: 0.1993  d3.dn_loss_cls: 0.0039  d3.dn_loss_bbox: 0.0791  d3.dn_loss_iou: 0.1963  d4.dn_loss_cls: 0.0040  d4.dn_loss_bbox: 0.0777  d4.dn_loss_iou: 0.1951  contr_loss: 0.6575
08/07 12:24:05 - mmengine - INFO - Epoch(train)  [7][550/698]  base_lr: 1.0000e-04 lr: 1.0000e-04  eta: 5:20:07  time: 1.0775  data_time: 0.0090  memory: 10452  grad_norm: 48.8034  loss: 5.8849  loss_cls: 0.0724  loss_bbox: 0.0692  loss_iou: 0.3259  d0.loss_cls: 0.0882  d0.loss_bbox: 0.0758  d0.loss_iou: 0.3364  d1.loss_cls: 0.0828  d1.loss_bbox: 0.0721  d1.loss_iou: 0.3281  d2.loss_cls: 0.0777  d2.loss_bbox: 0.0702  d2.loss_iou: 0.3238  d3.loss_cls: 0.0745  d3.loss_bbox: 0.0696  d3.loss_iou: 0.3256  d4.loss_cls: 0.0719  d4.loss_bbox: 0.0697  d4.loss_iou: 0.3266  enc_loss_cls: 0.1056  enc_loss_bbox: 0.0863  enc_loss_iou: 0.3599  dn_loss_cls: 0.0029  dn_loss_bbox: 0.0664  dn_loss_iou: 0.2099  d0.dn_loss_cls: 0.0213  d0.dn_loss_bbox: 0.1081  d0.dn_loss_iou: 0.2967  d1.dn_loss_cls: 0.0053  d1.dn_loss_bbox: 0.0722  d1.dn_loss_iou: 0.2243  d2.dn_loss_cls: 0.0034  d2.dn_loss_bbox: 0.0674  d2.dn_loss_iou: 0.2121  d3.dn_loss_cls: 0.0030  d3.dn_loss_bbox: 0.0665  d3.dn_loss_iou: 0.2102  d4.dn_loss_cls: 0.0031  d4.dn_loss_bbox: 0.0664  d4.dn_loss_iou: 0.2098  contr_loss: 0.6232
08/07 12:24:58 - mmengine - INFO - Epoch(train)  [7][600/698]  base_lr: 1.0000e-04 lr: 1.0000e-04  eta: 5:19:10  time: 1.0761  data_time: 0.0091  memory: 10094  grad_norm: 48.6555  loss: 6.4482  loss_cls: 0.0792  loss_bbox: 0.0677  loss_iou: 0.3275  d0.loss_cls: 0.0883  d0.loss_bbox: 0.0738  d0.loss_iou: 0.3384  d1.loss_cls: 0.0853  d1.loss_bbox: 0.0705  d1.loss_iou: 0.3323  d2.loss_cls: 0.0833  d2.loss_bbox: 0.0685  d2.loss_iou: 0.3287  d3.loss_cls: 0.0830  d3.loss_bbox: 0.0681  d3.loss_iou: 0.3282  d4.loss_cls: 0.0820  d4.loss_bbox: 0.0676  d4.loss_iou: 0.3270  enc_loss_cls: 0.0985  enc_loss_bbox: 0.0872  enc_loss_iou: 0.3658  dn_loss_cls: 0.0027  dn_loss_bbox: 0.0731  dn_loss_iou: 0.2109  d0.dn_loss_cls: 0.0182  d0.dn_loss_bbox: 0.1145  d0.dn_loss_iou: 0.2896  d1.dn_loss_cls: 0.0046  d1.dn_loss_bbox: 0.0808  d1.dn_loss_iou: 0.2260  d2.dn_loss_cls: 0.0032  d2.dn_loss_bbox: 0.0750  d2.dn_loss_iou: 0.2136  d3.dn_loss_cls: 0.0026  d3.dn_loss_bbox: 0.0738  d3.dn_loss_iou: 0.2115  d4.dn_loss_cls: 0.0026  d4.dn_loss_bbox: 0.0731  d4.dn_loss_iou: 0.2105  contr_loss: 1.1111
08/07 12:25:52 - mmengine - INFO - Epoch(train)  [7][650/698]  base_lr: 1.0000e-04 lr: 1.0000e-04  eta: 5:18:13  time: 1.0805  data_time: 0.0087  memory: 10210  grad_norm: 59.8964  loss: 6.0102  loss_cls: 0.0834  loss_bbox: 0.0695  loss_iou: 0.2545  d0.loss_cls: 0.0973  d0.loss_bbox: 0.0725  d0.loss_iou: 0.2607  d1.loss_cls: 0.0905  d1.loss_bbox: 0.0714  d1.loss_iou: 0.2569  d2.loss_cls: 0.0850  d2.loss_bbox: 0.0709  d2.loss_iou: 0.2560  d3.loss_cls: 0.0825  d3.loss_bbox: 0.0709  d3.loss_iou: 0.2552  d4.loss_cls: 0.0817  d4.loss_bbox: 0.0699  d4.loss_iou: 0.2554  enc_loss_cls: 0.1033  enc_loss_bbox: 0.0908  enc_loss_iou: 0.2907  dn_loss_cls: 0.0075  dn_loss_bbox: 0.0767  dn_loss_iou: 0.2161  d0.dn_loss_cls: 0.0306  d0.dn_loss_bbox: 0.1323  d0.dn_loss_iou: 0.3108  d1.dn_loss_cls: 0.0108  d1.dn_loss_bbox: 0.0874  d1.dn_loss_iou: 0.2352  d2.dn_loss_cls: 0.0082  d2.dn_loss_bbox: 0.0793  d2.dn_loss_iou: 0.2198  d3.dn_loss_cls: 0.0080  d3.dn_loss_bbox: 0.0774  d3.dn_loss_iou: 0.2169  d4.dn_loss_cls: 0.0074  d4.dn_loss_bbox: 0.0768  d4.dn_loss_iou: 0.2160  contr_loss: 1.0240
08/07 12:26:43 - mmengine - INFO - Exp name: lae_dino_swin-t_finetune_DIOR_20260807_105315
08/07 12:26:43 - mmengine - INFO - Saving checkpoint at 7 epochs
08/07 12:26:55 - mmengine - INFO - Epoch(val)  [7][ 50/147]    eta: 0:00:09  time: 0.1024  data_time: 0.0024  memory: 9447  
08/07 12:27:00 - mmengine - INFO - Epoch(val)  [7][100/147]    eta: 0:00:04  time: 0.1022  data_time: 0.0021  memory: 3800  
08/07 12:27:07 - mmengine - INFO - Evaluating bbox...
Loading and preparing results...
DONE (t=0.61s)
creating index...
index created!
Running per image evaluation...
Evaluate annotation type *bbox*
DONE (t=7.52s).
Accumulating evaluation results...
DONE (t=3.30s).
 Average Precision  (AP) @[ IoU=0.50:0.95 | area=   all | maxDets=100 ] = 0.725
 Average Precision  (AP) @[ IoU=0.50      | area=   all | maxDets=1000 ] = 0.908
 Average Precision  (AP) @[ IoU=0.75      | area=   all | maxDets=1000 ] = 0.790
 Average Precision  (AP) @[ IoU=0.50:0.95 | area= small | maxDets=1000 ] = 0.241
 Average Precision  (AP) @[ IoU=0.50:0.95 | area=medium | maxDets=1000 ] = 0.636
 Average Precision  (AP) @[ IoU=0.50:0.95 | area= large | maxDets=1000 ] = 0.835
 Average Recall     (AR) @[ IoU=0.50:0.95 | area=   all | maxDets=100 ] = 0.826
 Average Recall     (AR) @[ IoU=0.50:0.95 | area=   all | maxDets=300 ] = 0.832
 Average Recall     (AR) @[ IoU=0.50:0.95 | area=   all | maxDets=1000 ] = 0.832
 Average Recall     (AR) @[ IoU=0.50:0.95 | area= small | maxDets=1000 ] = 0.431
 Average Recall     (AR) @[ IoU=0.50:0.95 | area=medium | maxDets=1000 ] = 0.774
 Average Recall     (AR) @[ IoU=0.50:0.95 | area= large | maxDets=1000 ] = 0.916
08/07 12:27:20 - mmengine - INFO - bbox_mAP_copypaste: 0.725 0.908 0.790 0.241 0.636 0.835
================DIOR/coco================
08/07 12:27:20 - mmengine - INFO - Epoch(val) [7][147/147]    DIOR/coco/bbox_mAP: 0.7250  DIOR/coco/bbox_mAP_50: 0.9080  DIOR/coco/bbox_mAP_75: 0.7900  DIOR/coco/bbox_mAP_s: 0.2410  DIOR/coco/bbox_mAP_m: 0.6360  DIOR/coco/bbox_mAP_l: 0.8350  data_time: 0.0022  time: 0.1013
08/07 12:28:15 - mmengine - INFO - Epoch(train)  [8][ 50/698]  base_lr: 1.0000e-04 lr: 1.0000e-04  eta: 5:16:21  time: 1.1008  data_time: 0.0148  memory: 10003  grad_norm: 43.6014  loss: 5.7859  loss_cls: 0.0850  loss_bbox: 0.0632  loss_iou: 0.2758  d0.loss_cls: 0.0963  d0.loss_bbox: 0.0687  d0.loss_iou: 0.2884  d1.loss_cls: 0.0926  d1.loss_bbox: 0.0648  d1.loss_iou: 0.2793  d2.loss_cls: 0.0894  d2.loss_bbox: 0.0632  d2.loss_iou: 0.2761  d3.loss_cls: 0.0878  d3.loss_bbox: 0.0641  d3.loss_iou: 0.2776  d4.loss_cls: 0.0870  d4.loss_bbox: 0.0631  d4.loss_iou: 0.2755  enc_loss_cls: 0.1140  enc_loss_bbox: 0.0797  enc_loss_iou: 0.3131  dn_loss_cls: 0.0034  dn_loss_bbox: 0.0809  dn_loss_iou: 0.2063  d0.dn_loss_cls: 0.0197  d0.dn_loss_bbox: 0.1217  d0.dn_loss_iou: 0.2942  d1.dn_loss_cls: 0.0055  d1.dn_loss_bbox: 0.0869  d1.dn_loss_iou: 0.2197  d2.dn_loss_cls: 0.0043  d2.dn_loss_bbox: 0.0821  d2.dn_loss_iou: 0.2088  d3.dn_loss_cls: 0.0039  d3.dn_loss_bbox: 0.0807  d3.dn_loss_iou: 0.2064  d4.dn_loss_cls: 0.0035  d4.dn_loss_bbox: 0.0809  d4.dn_loss_iou: 0.2062  contr_loss: 0.7662
08/07 12:29:08 - mmengine - INFO - Epoch(train)  [8][100/698]  base_lr: 1.0000e-04 lr: 1.0000e-04  eta: 5:15:22  time: 1.0693  data_time: 0.0089  memory: 9819  grad_norm: 51.7552  loss: 6.7143  loss_cls: 0.0769  loss_bbox: 0.0728  loss_iou: 0.3634  d0.loss_cls: 0.0937  d0.loss_bbox: 0.0770  d0.loss_iou: 0.3766  d1.loss_cls: 0.0857  d1.loss_bbox: 0.0742  d1.loss_iou: 0.3665  d2.loss_cls: 0.0832  d2.loss_bbox: 0.0724  d2.loss_iou: 0.3615  d3.loss_cls: 0.0789  d3.loss_bbox: 0.0729  d3.loss_iou: 0.3626  d4.loss_cls: 0.0768  d4.loss_bbox: 0.0726  d4.loss_iou: 0.3625  enc_loss_cls: 0.1062  enc_loss_bbox: 0.0903  enc_loss_iou: 0.3978  dn_loss_cls: 0.0047  dn_loss_bbox: 0.0706  dn_loss_iou: 0.2024  d0.dn_loss_cls: 0.0223  d0.dn_loss_bbox: 0.1104  d0.dn_loss_iou: 0.2800  d1.dn_loss_cls: 0.0063  d1.dn_loss_bbox: 0.0775  d1.dn_loss_iou: 0.2165  d2.dn_loss_cls: 0.0043  d2.dn_loss_bbox: 0.0721  d2.dn_loss_iou: 0.2047  d3.dn_loss_cls: 0.0041  d3.dn_loss_bbox: 0.0711  d3.dn_loss_iou: 0.2029  d4.dn_loss_cls: 0.0043  d4.dn_loss_bbox: 0.0707  d4.dn_loss_iou: 0.2021  contr_loss: 1.1629
08/07 12:29:23 - mmengine - INFO - Exp name: lae_dino_swin-t_finetune_DIOR_20260807_105315
08/07 12:30:02 - mmengine - INFO - Epoch(train)  [8][150/698]  base_lr: 1.0000e-04 lr: 1.0000e-04  eta: 5:14:25  time: 1.0715  data_time: 0.0092  memory: 9998  grad_norm: 46.9555  loss: 6.0687  loss_cls: 0.0705  loss_bbox: 0.0712  loss_iou: 0.2963  d0.loss_cls: 0.0846  d0.loss_bbox: 0.0777  d0.loss_iou: 0.3079  d1.loss_cls: 0.0790  d1.loss_bbox: 0.0765  d1.loss_iou: 0.3060  d2.loss_cls: 0.0746  d2.loss_bbox: 0.0742  d2.loss_iou: 0.2990  d3.loss_cls: 0.0704  d3.loss_bbox: 0.0733  d3.loss_iou: 0.2978  d4.loss_cls: 0.0708  d4.loss_bbox: 0.0711  d4.loss_iou: 0.2965  enc_loss_cls: 0.1016  enc_loss_bbox: 0.0884  enc_loss_iou: 0.3292  dn_loss_cls: 0.0028  dn_loss_bbox: 0.0707  dn_loss_iou: 0.2064  d0.dn_loss_cls: 0.0163  d0.dn_loss_bbox: 0.1069  d0.dn_loss_iou: 0.2826  d1.dn_loss_cls: 0.0049  d1.dn_loss_bbox: 0.0774  d1.dn_loss_iou: 0.2213  d2.dn_loss_cls: 0.0034  d2.dn_loss_bbox: 0.0724  d2.dn_loss_iou: 0.2093  d3.dn_loss_cls: 0.0028  d3.dn_loss_bbox: 0.0709  d3.dn_loss_iou: 0.2071  d4.dn_loss_cls: 0.0028  d4.dn_loss_bbox: 0.0707  d4.dn_loss_iou: 0.2064  contr_loss: 1.0171
08/07 12:30:56 - mmengine - INFO - Epoch(train)  [8][200/698]  base_lr: 1.0000e-04 lr: 1.0000e-04  eta: 5:13:30  time: 1.0887  data_time: 0.0086  memory: 10298  grad_norm: 48.7126  loss: 6.2160  loss_cls: 0.0659  loss_bbox: 0.0601  loss_iou: 0.2341  d0.loss_cls: 0.0704  d0.loss_bbox: 0.0667  d0.loss_iou: 0.2433  d1.loss_cls: 0.0703  d1.loss_bbox: 0.0612  d1.loss_iou: 0.2346  d2.loss_cls: 0.0671  d2.loss_bbox: 0.0598  d2.loss_iou: 0.2339  d3.loss_cls: 0.0650  d3.loss_bbox: 0.0599  d3.loss_iou: 0.2335  d4.loss_cls: 0.0660  d4.loss_bbox: 0.0599  d4.loss_iou: 0.2333  enc_loss_cls: 0.0990  enc_loss_bbox: 0.0772  enc_loss_iou: 0.2607  dn_loss_cls: 0.0047  dn_loss_bbox: 0.0690  dn_loss_iou: 0.1961  d0.dn_loss_cls: 0.0205  d0.dn_loss_bbox: 0.1147  d0.dn_loss_iou: 0.2782  d1.dn_loss_cls: 0.0066  d1.dn_loss_bbox: 0.0769  d1.dn_loss_iou: 0.2095  d2.dn_loss_cls: 0.0050  d2.dn_loss_bbox: 0.0703  d2.dn_loss_iou: 0.1993  d3.dn_loss_cls: 0.0045  d3.dn_loss_bbox: 0.0697  d3.dn_loss_iou: 0.1970  d4.dn_loss_cls: 0.0047  d4.dn_loss_bbox: 0.0690  d4.dn_loss_iou: 0.1960  contr_loss: 1.8022
08/07 12:31:50 - mmengine - INFO - Epoch(train)  [8][250/698]  base_lr: 1.0000e-04 lr: 1.0000e-04  eta: 5:12:34  time: 1.0833  data_time: 0.0087  memory: 10093  grad_norm: 48.4985  loss: 6.4727  loss_cls: 0.0780  loss_bbox: 0.0681  loss_iou: 0.3162  d0.loss_cls: 0.0966  d0.loss_bbox: 0.0735  d0.loss_iou: 0.3297  d1.loss_cls: 0.0826  d1.loss_bbox: 0.0699  d1.loss_iou: 0.3214  d2.loss_cls: 0.0815  d2.loss_bbox: 0.0681  d2.loss_iou: 0.3168  d3.loss_cls: 0.0777  d3.loss_bbox: 0.0680  d3.loss_iou: 0.3162  d4.loss_cls: 0.0772  d4.loss_bbox: 0.0680  d4.loss_iou: 0.3159  enc_loss_cls: 0.1140  enc_loss_bbox: 0.0871  enc_loss_iou: 0.3571  dn_loss_cls: 0.0037  dn_loss_bbox: 0.0727  dn_loss_iou: 0.2205  d0.dn_loss_cls: 0.0220  d0.dn_loss_bbox: 0.1206  d0.dn_loss_iou: 0.3105  d1.dn_loss_cls: 0.0065  d1.dn_loss_bbox: 0.0809  d1.dn_loss_iou: 0.2365  d2.dn_loss_cls: 0.0044  d2.dn_loss_bbox: 0.0754  d2.dn_loss_iou: 0.2240  d3.dn_loss_cls: 0.0037  d3.dn_loss_bbox: 0.0733  d3.dn_loss_iou: 0.2213  d4.dn_loss_cls: 0.0036  d4.dn_loss_bbox: 0.0726  d4.dn_loss_iou: 0.2204  contr_loss: 1.1163
08/07 12:32:45 - mmengine - INFO - Epoch(train)  [8][300/698]  base_lr: 1.0000e-04 lr: 1.0000e-04  eta: 5:11:40  time: 1.0959  data_time: 0.0090  memory: 9542  grad_norm: 56.2272  loss: 6.0322  loss_cls: 0.0665  loss_bbox: 0.0650  loss_iou: 0.2576  d0.loss_cls: 0.0806  d0.loss_bbox: 0.0686  d0.loss_iou: 0.2627  d1.loss_cls: 0.0760  d1.loss_bbox: 0.0647  d1.loss_iou: 0.2584  d2.loss_cls: 0.0719  d2.loss_bbox: 0.0648  d2.loss_iou: 0.2553  d3.loss_cls: 0.0662  d3.loss_bbox: 0.0652  d3.loss_iou: 0.2570  d4.loss_cls: 0.0674  d4.loss_bbox: 0.0651  d4.loss_iou: 0.2571  enc_loss_cls: 0.0925  enc_loss_bbox: 0.0751  enc_loss_iou: 0.2769  dn_loss_cls: 0.0041  dn_loss_bbox: 0.0844  dn_loss_iou: 0.1952  d0.dn_loss_cls: 0.0228  d0.dn_loss_bbox: 0.1362  d0.dn_loss_iou: 0.2838  d1.dn_loss_cls: 0.0074  d1.dn_loss_bbox: 0.0936  d1.dn_loss_iou: 0.2117  d2.dn_loss_cls: 0.0052  d2.dn_loss_bbox: 0.0855  d2.dn_loss_iou: 0.1984  d3.dn_loss_cls: 0.0044  d3.dn_loss_bbox: 0.0850  d3.dn_loss_iou: 0.1967  d4.dn_loss_cls: 0.0040  d4.dn_loss_bbox: 0.0843  d4.dn_loss_iou: 0.1952  contr_loss: 1.3196
08/07 12:33:39 - mmengine - INFO - Epoch(train)  [8][350/698]  base_lr: 1.0000e-04 lr: 1.0000e-04  eta: 5:10:43  time: 1.0696  data_time: 0.0087  memory: 10036  grad_norm: 48.2169  loss: 6.0372  loss_cls: 0.0864  loss_bbox: 0.0641  loss_iou: 0.2899  d0.loss_cls: 0.1070  d0.loss_bbox: 0.0653  d0.loss_iou: 0.2964  d1.loss_cls: 0.0961  d1.loss_bbox: 0.0634  d1.loss_iou: 0.2898  d2.loss_cls: 0.0959  d2.loss_bbox: 0.0630  d2.loss_iou: 0.2855  d3.loss_cls: 0.0946  d3.loss_bbox: 0.0612  d3.loss_iou: 0.2864  d4.loss_cls: 0.0885  d4.loss_bbox: 0.0638  d4.loss_iou: 0.2877  enc_loss_cls: 0.1183  enc_loss_bbox: 0.0776  enc_loss_iou: 0.3184  dn_loss_cls: 0.0067  dn_loss_bbox: 0.0739  dn_loss_iou: 0.2087  d0.dn_loss_cls: 0.0239  d0.dn_loss_bbox: 0.1196  d0.dn_loss_iou: 0.2873  d1.dn_loss_cls: 0.0094  d1.dn_loss_bbox: 0.0794  d1.dn_loss_iou: 0.2217  d2.dn_loss_cls: 0.0073  d2.dn_loss_bbox: 0.0743  d2.dn_loss_iou: 0.2110  d3.dn_loss_cls: 0.0066  d3.dn_loss_bbox: 0.0742  d3.dn_loss_iou: 0.2093  d4.dn_loss_cls: 0.0065  d4.dn_loss_bbox: 0.0739  d4.dn_loss_iou: 0.2088  contr_loss: 0.9352
08/07 12:34:33 - mmengine - INFO - Epoch(train)  [8][400/698]  base_lr: 1.0000e-04 lr: 1.0000e-04  eta: 5:09:49  time: 1.0957  data_time: 0.0089  memory: 10247  grad_norm: 48.3274  loss: 5.3141  loss_cls: 0.0573  loss_bbox: 0.0609  loss_iou: 0.2858  d0.loss_cls: 0.0771  d0.loss_bbox: 0.0665  d0.loss_iou: 0.2979  d1.loss_cls: 0.0676  d1.loss_bbox: 0.0620  d1.loss_iou: 0.2893  d2.loss_cls: 0.0621  d2.loss_bbox: 0.0619  d2.loss_iou: 0.2876  d3.loss_cls: 0.0592  d3.loss_bbox: 0.0614  d3.loss_iou: 0.2867  d4.loss_cls: 0.0575  d4.loss_bbox: 0.0611  d4.loss_iou: 0.2860  enc_loss_cls: 0.0888  enc_loss_bbox: 0.0749  enc_loss_iou: 0.3191  dn_loss_cls: 0.0016  dn_loss_bbox: 0.0558  dn_loss_iou: 0.1867  d0.dn_loss_cls: 0.0157  d0.dn_loss_bbox: 0.0910  d0.dn_loss_iou: 0.2620  d1.dn_loss_cls: 0.0032  d1.dn_loss_bbox: 0.0616  d1.dn_loss_iou: 0.1987  d2.dn_loss_cls: 0.0021  d2.dn_loss_bbox: 0.0567  d2.dn_loss_iou: 0.1886  d3.dn_loss_cls: 0.0019  d3.dn_loss_bbox: 0.0560  d3.dn_loss_iou: 0.1871  d4.dn_loss_cls: 0.0016  d4.dn_loss_bbox: 0.0557  d4.dn_loss_iou: 0.1865  contr_loss: 0.7308
08/07 12:35:28 - mmengine - INFO - Epoch(train)  [8][450/698]  base_lr: 1.0000e-04 lr: 1.0000e-04  eta: 5:08:53  time: 1.0815  data_time: 0.0102  memory: 10102  grad_norm: 50.7727  loss: 5.9220  loss_cls: 0.0583  loss_bbox: 0.0684  loss_iou: 0.2371  d0.loss_cls: 0.0734  d0.loss_bbox: 0.0720  d0.loss_iou: 0.2465  d1.loss_cls: 0.0659  d1.loss_bbox: 0.0698  d1.loss_iou: 0.2420  d2.loss_cls: 0.0650  d2.loss_bbox: 0.0671  d2.loss_iou: 0.2385  d3.loss_cls: 0.0590  d3.loss_bbox: 0.0689  d3.loss_iou: 0.2390  d4.loss_cls: 0.0596  d4.loss_bbox: 0.0671  d4.loss_iou: 0.2378  enc_loss_cls: 0.0868  enc_loss_bbox: 0.0802  enc_loss_iou: 0.2676  dn_loss_cls: 0.0047  dn_loss_bbox: 0.0923  dn_loss_iou: 0.2165  d0.dn_loss_cls: 0.0224  d0.dn_loss_bbox: 0.1347  d0.dn_loss_iou: 0.2989  d1.dn_loss_cls: 0.0070  d1.dn_loss_bbox: 0.0980  d1.dn_loss_iou: 0.2312  d2.dn_loss_cls: 0.0053  d2.dn_loss_bbox: 0.0924  d2.dn_loss_iou: 0.2184  d3.dn_loss_cls: 0.0049  d3.dn_loss_bbox: 0.0924  d3.dn_loss_iou: 0.2166  d4.dn_loss_cls: 0.0047  d4.dn_loss_bbox: 0.0922  d4.dn_loss_iou: 0.2162  contr_loss: 1.2031
08/07 12:36:22 - mmengine - INFO - Epoch(train)  [8][500/698]  base_lr: 1.0000e-04 lr: 1.0000e-04  eta: 5:08:00  time: 1.0967  data_time: 0.0092  memory: 10404  grad_norm: 51.6348  loss: 5.9093  loss_cls: 0.0849  loss_bbox: 0.0737  loss_iou: 0.2905  d0.loss_cls: 0.1070  d0.loss_bbox: 0.0777  d0.loss_iou: 0.3011  d1.loss_cls: 0.0948  d1.loss_bbox: 0.0812  d1.loss_iou: 0.3007  d2.loss_cls: 0.0948  d2.loss_bbox: 0.0731  d2.loss_iou: 0.2936  d3.loss_cls: 0.0864  d3.loss_bbox: 0.0734  d3.loss_iou: 0.2920  d4.loss_cls: 0.0865  d4.loss_bbox: 0.0736  d4.loss_iou: 0.2901  enc_loss_cls: 0.1108  enc_loss_bbox: 0.0967  enc_loss_iou: 0.3323  dn_loss_cls: 0.0054  dn_loss_bbox: 0.0745  dn_loss_iou: 0.1975  d0.dn_loss_cls: 0.0249  d0.dn_loss_bbox: 0.1126  d0.dn_loss_iou: 0.2783  d1.dn_loss_cls: 0.0084  d1.dn_loss_bbox: 0.0796  d1.dn_loss_iou: 0.2117  d2.dn_loss_cls: 0.0078  d2.dn_loss_bbox: 0.0750  d2.dn_loss_iou: 0.1998  d3.dn_loss_cls: 0.0060  d3.dn_loss_bbox: 0.0744  d3.dn_loss_iou: 0.1976  d4.dn_loss_cls: 0.0054  d4.dn_loss_bbox: 0.0745  d4.dn_loss_iou: 0.1976  contr_loss: 0.7636
08/07 12:37:16 - mmengine - INFO - Epoch(train)  [8][550/698]  base_lr: 1.0000e-04 lr: 1.0000e-04  eta: 5:07:04  time: 1.0814  data_time: 0.0096  memory: 9755  grad_norm: 61.2632  loss: 6.6412  loss_cls: 0.0919  loss_bbox: 0.0812  loss_iou: 0.3470  d0.loss_cls: 0.1155  d0.loss_bbox: 0.0859  d0.loss_iou: 0.3536  d1.loss_cls: 0.1034  d1.loss_bbox: 0.0831  d1.loss_iou: 0.3527  d2.loss_cls: 0.1011  d2.loss_bbox: 0.0805  d2.loss_iou: 0.3484  d3.loss_cls: 0.0963  d3.loss_bbox: 0.0809  d3.loss_iou: 0.3475  d4.loss_cls: 0.0905  d4.loss_bbox: 0.0807  d4.loss_iou: 0.3468  enc_loss_cls: 0.1333  enc_loss_bbox: 0.0940  enc_loss_iou: 0.3752  dn_loss_cls: 0.0056  dn_loss_bbox: 0.0807  dn_loss_iou: 0.2141  d0.dn_loss_cls: 0.0196  d0.dn_loss_bbox: 0.1309  d0.dn_loss_iou: 0.3054  d1.dn_loss_cls: 0.0078  d1.dn_loss_bbox: 0.0883  d1.dn_loss_iou: 0.2289  d2.dn_loss_cls: 0.0069  d2.dn_loss_bbox: 0.0830  d2.dn_loss_iou: 0.2185  d3.dn_loss_cls: 0.0063  d3.dn_loss_bbox: 0.0813  d3.dn_loss_iou: 0.2152  d4.dn_loss_cls: 0.0055  d4.dn_loss_bbox: 0.0806  d4.dn_loss_iou: 0.2139  contr_loss: 0.8596
08/07 12:38:10 - mmengine - INFO - Epoch(train)  [8][600/698]  base_lr: 1.0000e-04 lr: 1.0000e-04  eta: 5:06:08  time: 1.0798  data_time: 0.0090  memory: 10132  grad_norm: 43.3159  loss: 6.0784  loss_cls: 0.0766  loss_bbox: 0.0656  loss_iou: 0.2682  d0.loss_cls: 0.0922  d0.loss_bbox: 0.0689  d0.loss_iou: 0.2771  d1.loss_cls: 0.0863  d1.loss_bbox: 0.0667  d1.loss_iou: 0.2733  d2.loss_cls: 0.0833  d2.loss_bbox: 0.0663  d2.loss_iou: 0.2690  d3.loss_cls: 0.0790  d3.loss_bbox: 0.0661  d3.loss_iou: 0.2696  d4.loss_cls: 0.0775  d4.loss_bbox: 0.0657  d4.loss_iou: 0.2689  enc_loss_cls: 0.1085  enc_loss_bbox: 0.0805  enc_loss_iou: 0.3022  dn_loss_cls: 0.0037  dn_loss_bbox: 0.0688  dn_loss_iou: 0.2028  d0.dn_loss_cls: 0.0215  d0.dn_loss_bbox: 0.1090  d0.dn_loss_iou: 0.2902  d1.dn_loss_cls: 0.0072  d1.dn_loss_bbox: 0.0743  d1.dn_loss_iou: 0.2163  d2.dn_loss_cls: 0.0051  d2.dn_loss_bbox: 0.0704  d2.dn_loss_iou: 0.2051  d3.dn_loss_cls: 0.0040  d3.dn_loss_bbox: 0.0692  d3.dn_loss_iou: 0.2027  d4.dn_loss_cls: 0.0036  d4.dn_loss_bbox: 0.0689  d4.dn_loss_iou: 0.2027  contr_loss: 1.2416
08/07 12:39:05 - mmengine - INFO - Epoch(train)  [8][650/698]  base_lr: 1.0000e-04 lr: 1.0000e-04  eta: 5:05:15  time: 1.1005  data_time: 0.0092  memory: 10434  grad_norm: 41.2079  loss: 5.6624  loss_cls: 0.0519  loss_bbox: 0.0698  loss_iou: 0.2547  d0.loss_cls: 0.0560  d0.loss_bbox: 0.0754  d0.loss_iou: 0.2609  d1.loss_cls: 0.0566  d1.loss_bbox: 0.0703  d1.loss_iou: 0.2573  d2.loss_cls: 0.0529  d2.loss_bbox: 0.0703  d2.loss_iou: 0.2560  d3.loss_cls: 0.0532  d3.loss_bbox: 0.0701  d3.loss_iou: 0.2553  d4.loss_cls: 0.0520  d4.loss_bbox: 0.0696  d4.loss_iou: 0.2545  enc_loss_cls: 0.0732  enc_loss_bbox: 0.0839  enc_loss_iou: 0.2804  dn_loss_cls: 0.0038  dn_loss_bbox: 0.0763  dn_loss_iou: 0.1912  d0.dn_loss_cls: 0.0232  d0.dn_loss_bbox: 0.1264  d0.dn_loss_iou: 0.2738  d1.dn_loss_cls: 0.0089  d1.dn_loss_bbox: 0.0842  d1.dn_loss_iou: 0.2075  d2.dn_loss_cls: 0.0062  d2.dn_loss_bbox: 0.0788  d2.dn_loss_iou: 0.1955  d3.dn_loss_cls: 0.0041  d3.dn_loss_bbox: 0.0769  d3.dn_loss_iou: 0.1925  d4.dn_loss_cls: 0.0040  d4.dn_loss_bbox: 0.0766  d4.dn_loss_iou: 0.1913  contr_loss: 1.1171
08/07 12:39:58 - mmengine - INFO - Exp name: lae_dino_swin-t_finetune_DIOR_20260807_105315
08/07 12:39:58 - mmengine - INFO - Saving checkpoint at 8 epochs
08/07 12:40:09 - mmengine - INFO - Epoch(val)  [8][ 50/147]    eta: 0:00:10  time: 0.1048  data_time: 0.0024  memory: 9695  
08/07 12:40:14 - mmengine - INFO - Epoch(val)  [8][100/147]    eta: 0:00:04  time: 0.1001  data_time: 0.0019  memory: 3800  
08/07 12:40:22 - mmengine - INFO - Evaluating bbox...
Loading and preparing results...
DONE (t=0.41s)
creating index...
index created!
Running per image evaluation...
Evaluate annotation type *bbox*
DONE (t=8.29s).
Accumulating evaluation results...
DONE (t=3.26s).
 Average Precision  (AP) @[ IoU=0.50:0.95 | area=   all | maxDets=100 ] = 0.720
 Average Precision  (AP) @[ IoU=0.50      | area=   all | maxDets=1000 ] = 0.896
 Average Precision  (AP) @[ IoU=0.75      | area=   all | maxDets=1000 ] = 0.793
 Average Precision  (AP) @[ IoU=0.50:0.95 | area= small | maxDets=1000 ] = 0.258
 Average Precision  (AP) @[ IoU=0.50:0.95 | area=medium | maxDets=1000 ] = 0.590
 Average Precision  (AP) @[ IoU=0.50:0.95 | area= large | maxDets=1000 ] = 0.831
 Average Recall     (AR) @[ IoU=0.50:0.95 | area=   all | maxDets=100 ] = 0.823
 Average Recall     (AR) @[ IoU=0.50:0.95 | area=   all | maxDets=300 ] = 0.828
 Average Recall     (AR) @[ IoU=0.50:0.95 | area=   all | maxDets=1000 ] = 0.828
 Average Recall     (AR) @[ IoU=0.50:0.95 | area= small | maxDets=1000 ] = 0.401
 Average Recall     (AR) @[ IoU=0.50:0.95 | area=medium | maxDets=1000 ] = 0.741
 Average Recall     (AR) @[ IoU=0.50:0.95 | area= large | maxDets=1000 ] = 0.911
08/07 12:40:35 - mmengine - INFO - bbox_mAP_copypaste: 0.720 0.896 0.793 0.258 0.590 0.831
================DIOR/coco================
08/07 12:40:35 - mmengine - INFO - Epoch(val) [8][147/147]    DIOR/coco/bbox_mAP: 0.7200  DIOR/coco/bbox_mAP_50: 0.8960  DIOR/coco/bbox_mAP_75: 0.7930  DIOR/coco/bbox_mAP_s: 0.2580  DIOR/coco/bbox_mAP_m: 0.5900  DIOR/coco/bbox_mAP_l: 0.8310  data_time: 0.0021  time: 0.1016
08/07 12:41:29 - mmengine - INFO - Epoch(train)  [9][ 50/698]  base_lr: 1.0000e-04 lr: 1.0000e-04  eta: 5:03:27  time: 1.0871  data_time: 0.0142  memory: 10147  grad_norm: 45.5251  loss: 6.5724  loss_cls: 0.0696  loss_bbox: 0.0755  loss_iou: 0.3250  d0.loss_cls: 0.0853  d0.loss_bbox: 0.0803  d0.loss_iou: 0.3334  d1.loss_cls: 0.0804  d1.loss_bbox: 0.0769  d1.loss_iou: 0.3275  d2.loss_cls: 0.0787  d2.loss_bbox: 0.0755  d2.loss_iou: 0.3236  d3.loss_cls: 0.0734  d3.loss_bbox: 0.0750  d3.loss_iou: 0.3235  d4.loss_cls: 0.0717  d4.loss_bbox: 0.0746  d4.loss_iou: 0.3240  enc_loss_cls: 0.1045  enc_loss_bbox: 0.0919  enc_loss_iou: 0.3566  dn_loss_cls: 0.0034  dn_loss_bbox: 0.0880  dn_loss_iou: 0.2025  d0.dn_loss_cls: 0.0194  d0.dn_loss_bbox: 0.1347  d0.dn_loss_iou: 0.2835  d1.dn_loss_cls: 0.0067  d1.dn_loss_bbox: 0.0939  d1.dn_loss_iou: 0.2166  d2.dn_loss_cls: 0.0051  d2.dn_loss_bbox: 0.0880  d2.dn_loss_iou: 0.2050  d3.dn_loss_cls: 0.0039  d3.dn_loss_bbox: 0.0874  d3.dn_loss_iou: 0.2029  d4.dn_loss_cls: 0.0036  d4.dn_loss_bbox: 0.0879  d4.dn_loss_iou: 0.2023  contr_loss: 1.2103
08/07 12:42:23 - mmengine - INFO - Epoch(train)  [9][100/698]  base_lr: 1.0000e-04 lr: 1.0000e-04  eta: 5:02:31  time: 1.0812  data_time: 0.0088  memory: 9810  grad_norm: 48.0942  loss: 5.5213  loss_cls: 0.0626  loss_bbox: 0.0629  loss_iou: 0.2396  d0.loss_cls: 0.0720  d0.loss_bbox: 0.0700  d0.loss_iou: 0.2529  d1.loss_cls: 0.0664  d1.loss_bbox: 0.0669  d1.loss_iou: 0.2444  d2.loss_cls: 0.0633  d2.loss_bbox: 0.0657  d2.loss_iou: 0.2436  d3.loss_cls: 0.0637  d3.loss_bbox: 0.0635  d3.loss_iou: 0.2413  d4.loss_cls: 0.0624  d4.loss_bbox: 0.0629  d4.loss_iou: 0.2402  enc_loss_cls: 0.0845  enc_loss_bbox: 0.0806  enc_loss_iou: 0.2730  dn_loss_cls: 0.0021  dn_loss_bbox: 0.0861  dn_loss_iou: 0.2091  d0.dn_loss_cls: 0.0171  d0.dn_loss_bbox: 0.1292  d0.dn_loss_iou: 0.2861  d1.dn_loss_cls: 0.0038  d1.dn_loss_bbox: 0.0928  d1.dn_loss_iou: 0.2217  d2.dn_loss_cls: 0.0028  d2.dn_loss_bbox: 0.0876  d2.dn_loss_iou: 0.2113  d3.dn_loss_cls: 0.0023  d3.dn_loss_bbox: 0.0861  d3.dn_loss_iou: 0.2096  d4.dn_loss_cls: 0.0022  d4.dn_loss_bbox: 0.0860  d4.dn_loss_iou: 0.2088  contr_loss: 0.8945
08/07 12:43:18 - mmengine - INFO - Epoch(train)  [9][150/698]  base_lr: 1.0000e-04 lr: 1.0000e-04  eta: 5:01:35  time: 1.0846  data_time: 0.0091  memory: 9661  grad_norm: 51.6055  loss: 5.5185  loss_cls: 0.0639  loss_bbox: 0.0637  loss_iou: 0.2660  d0.loss_cls: 0.0776  d0.loss_bbox: 0.0683  d0.loss_iou: 0.2757  d1.loss_cls: 0.0697  d1.loss_bbox: 0.0660  d1.loss_iou: 0.2730  d2.loss_cls: 0.0658  d2.loss_bbox: 0.0649  d2.loss_iou: 0.2689  d3.loss_cls: 0.0626  d3.loss_bbox: 0.0647  d3.loss_iou: 0.2671  d4.loss_cls: 0.0628  d4.loss_bbox: 0.0638  d4.loss_iou: 0.2665  enc_loss_cls: 0.0891  enc_loss_bbox: 0.0762  enc_loss_iou: 0.2965  dn_loss_cls: 0.0023  dn_loss_bbox: 0.0684  dn_loss_iou: 0.2113  d0.dn_loss_cls: 0.0174  d0.dn_loss_bbox: 0.1013  d0.dn_loss_iou: 0.2827  d1.dn_loss_cls: 0.0048  d1.dn_loss_bbox: 0.0743  d1.dn_loss_iou: 0.2237  d2.dn_loss_cls: 0.0032  d2.dn_loss_bbox: 0.0699  d2.dn_loss_iou: 0.2143  d3.dn_loss_cls: 0.0024  d3.dn_loss_bbox: 0.0693  d3.dn_loss_iou: 0.2121  d4.dn_loss_cls: 0.0024  d4.dn_loss_bbox: 0.0684  d4.dn_loss_iou: 0.2111  contr_loss: 0.8067
08/07 12:44:12 - mmengine - INFO - Epoch(train)  [9][200/698]  base_lr: 1.0000e-04 lr: 1.0000e-04  eta: 5:00:41  time: 1.0905  data_time: 0.0089  memory: 10021  grad_norm: 50.0820  loss: 6.0485  loss_cls: 0.0775  loss_bbox: 0.0675  loss_iou: 0.2864  d0.loss_cls: 0.0929  d0.loss_bbox: 0.0734  d0.loss_iou: 0.2957  d1.loss_cls: 0.0863  d1.loss_bbox: 0.0699  d1.loss_iou: 0.2925  d2.loss_cls: 0.0829  d2.loss_bbox: 0.0682  d2.loss_iou: 0.2905  d3.loss_cls: 0.0818  d3.loss_bbox: 0.0673  d3.loss_iou: 0.2866  d4.loss_cls: 0.0797  d4.loss_bbox: 0.0675  d4.loss_iou: 0.2858  enc_loss_cls: 0.1169  enc_loss_bbox: 0.0837  enc_loss_iou: 0.3169  dn_loss_cls: 0.0048  dn_loss_bbox: 0.0937  dn_loss_iou: 0.2206  d0.dn_loss_cls: 0.0245  d0.dn_loss_bbox: 0.1365  d0.dn_loss_iou: 0.3003  d1.dn_loss_cls: 0.0078  d1.dn_loss_bbox: 0.1011  d1.dn_loss_iou: 0.2357  d2.dn_loss_cls: 0.0061  d2.dn_loss_bbox: 0.0953  d2.dn_loss_iou: 0.2239  d3.dn_loss_cls: 0.0053  d3.dn_loss_bbox: 0.0947  d3.dn_loss_iou: 0.2217  d4.dn_loss_cls: 0.0047  d4.dn_loss_bbox: 0.0937  d4.dn_loss_iou: 0.2205  contr_loss: 0.7878
08/07 12:45:07 - mmengine - INFO - Epoch(train)  [9][250/698]  base_lr: 1.0000e-04 lr: 1.0000e-04  eta: 4:59:48  time: 1.0997  data_time: 0.0089  memory: 10171  grad_norm: 46.1611  loss: 5.3580  loss_cls: 0.0589  loss_bbox: 0.0692  loss_iou: 0.2437  d0.loss_cls: 0.0709  d0.loss_bbox: 0.0756  d0.loss_iou: 0.2504  d1.loss_cls: 0.0649  d1.loss_bbox: 0.0720  d1.loss_iou: 0.2471  d2.loss_cls: 0.0655  d2.loss_bbox: 0.0687  d2.loss_iou: 0.2434  d3.loss_cls: 0.0604  d3.loss_bbox: 0.0704  d3.loss_iou: 0.2450  d4.loss_cls: 0.0581  d4.loss_bbox: 0.0702  d4.loss_iou: 0.2443  enc_loss_cls: 0.0893  enc_loss_bbox: 0.0871  enc_loss_iou: 0.2767  dn_loss_cls: 0.0032  dn_loss_bbox: 0.0722  dn_loss_iou: 0.1846  d0.dn_loss_cls: 0.0159  d0.dn_loss_bbox: 0.1180  d0.dn_loss_iou: 0.2628  d1.dn_loss_cls: 0.0044  d1.dn_loss_bbox: 0.0797  d1.dn_loss_iou: 0.1965  d2.dn_loss_cls: 0.0031  d2.dn_loss_bbox: 0.0731  d2.dn_loss_iou: 0.1860  d3.dn_loss_cls: 0.0029  d3.dn_loss_bbox: 0.0724  d3.dn_loss_iou: 0.1852  d4.dn_loss_cls: 0.0029  d4.dn_loss_bbox: 0.0721  d4.dn_loss_iou: 0.1845  contr_loss: 0.9066
08/07 12:46:02 - mmengine - INFO - Epoch(train)  [9][300/698]  base_lr: 1.0000e-04 lr: 1.0000e-04  eta: 4:58:54  time: 1.0961  data_time: 0.0090  memory: 10153  grad_norm: 44.4176  loss: 5.7172  loss_cls: 0.1000  loss_bbox: 0.0640  loss_iou: 0.2573  d0.loss_cls: 0.1020  d0.loss_bbox: 0.0674  d0.loss_iou: 0.2655  d1.loss_cls: 0.1006  d1.loss_bbox: 0.0650  d1.loss_iou: 0.2595  d2.loss_cls: 0.0968  d2.loss_bbox: 0.0636  d2.loss_iou: 0.2581  d3.loss_cls: 0.1031  d3.loss_bbox: 0.0642  d3.loss_iou: 0.2577  d4.loss_cls: 0.1090  d4.loss_bbox: 0.0640  d4.loss_iou: 0.2572  enc_loss_cls: 0.1116  enc_loss_bbox: 0.0768  enc_loss_iou: 0.2843  dn_loss_cls: 0.0029  dn_loss_bbox: 0.0799  dn_loss_iou: 0.2194  d0.dn_loss_cls: 0.0213  d0.dn_loss_bbox: 0.1193  d0.dn_loss_iou: 0.3023  d1.dn_loss_cls: 0.0055  d1.dn_loss_bbox: 0.0860  d1.dn_loss_iou: 0.2331  d2.dn_loss_cls: 0.0035  d2.dn_loss_bbox: 0.0820  d2.dn_loss_iou: 0.2223  d3.dn_loss_cls: 0.0026  d3.dn_loss_bbox: 0.0808  d3.dn_loss_iou: 0.2200  d4.dn_loss_cls: 0.0027  d4.dn_loss_bbox: 0.0800  d4.dn_loss_iou: 0.2193  contr_loss: 0.7069
08/07 12:46:56 - mmengine - INFO - Epoch(train)  [9][350/698]  base_lr: 1.0000e-04 lr: 1.0000e-04  eta: 4:57:59  time: 1.0815  data_time: 0.0100  memory: 9903  grad_norm: 46.9426  loss: 5.8512  loss_cls: 0.0638  loss_bbox: 0.0759  loss_iou: 0.2864  d0.loss_cls: 0.0686  d0.loss_bbox: 0.0832  d0.loss_iou: 0.3005  d1.loss_cls: 0.0672  d1.loss_bbox: 0.0775  d1.loss_iou: 0.2902  d2.loss_cls: 0.0639  d2.loss_bbox: 0.0757  d2.loss_iou: 0.2869  d3.loss_cls: 0.0630  d3.loss_bbox: 0.0759  d3.loss_iou: 0.2875  d4.loss_cls: 0.0640  d4.loss_bbox: 0.0761  d4.loss_iou: 0.2867  enc_loss_cls: 0.0905  enc_loss_bbox: 0.0886  enc_loss_iou: 0.3183  dn_loss_cls: 0.0022  dn_loss_bbox: 0.0717  dn_loss_iou: 0.2044  d0.dn_loss_cls: 0.0168  d0.dn_loss_bbox: 0.1094  d0.dn_loss_iou: 0.2869  d1.dn_loss_cls: 0.0037  d1.dn_loss_bbox: 0.0763  d1.dn_loss_iou: 0.2188  d2.dn_loss_cls: 0.0029  d2.dn_loss_bbox: 0.0722  d2.dn_loss_iou: 0.2069  d3.dn_loss_cls: 0.0026  d3.dn_loss_bbox: 0.0718  d3.dn_loss_iou: 0.2049  d4.dn_loss_cls: 0.0023  d4.dn_loss_bbox: 0.0716  d4.dn_loss_iou: 0.2042  contr_loss: 0.9312
08/07 12:47:51 - mmengine - INFO - Epoch(train)  [9][400/698]  base_lr: 1.0000e-04 lr: 1.0000e-04  eta: 4:57:05  time: 1.0959  data_time: 0.0088  memory: 9690  grad_norm: 49.6512  loss: 7.3070  loss_cls: 0.1313  loss_bbox: 0.0729  loss_iou: 0.3561  d0.loss_cls: 0.1507  d0.loss_bbox: 0.0798  d0.loss_iou: 0.3699  d1.loss_cls: 0.1427  d1.loss_bbox: 0.0748  d1.loss_iou: 0.3609  d2.loss_cls: 0.1434  d2.loss_bbox: 0.0755  d2.loss_iou: 0.3595  d3.loss_cls: 0.1389  d3.loss_bbox: 0.0729  d3.loss_iou: 0.3573  d4.loss_cls: 0.1325  d4.loss_bbox: 0.0732  d4.loss_iou: 0.3571  enc_loss_cls: 0.1750  enc_loss_bbox: 0.0878  enc_loss_iou: 0.3913  dn_loss_cls: 0.0043  dn_loss_bbox: 0.0758  dn_loss_iou: 0.2278  d0.dn_loss_cls: 0.0247  d0.dn_loss_bbox: 0.1189  d0.dn_loss_iou: 0.3168  d1.dn_loss_cls: 0.0083  d1.dn_loss_bbox: 0.0813  d1.dn_loss_iou: 0.2417  d2.dn_loss_cls: 0.0062  d2.dn_loss_bbox: 0.0764  d2.dn_loss_iou: 0.2305  d3.dn_loss_cls: 0.0052  d3.dn_loss_bbox: 0.0759  d3.dn_loss_iou: 0.2282  d4.dn_loss_cls: 0.0046  d4.dn_loss_bbox: 0.0759  d4.dn_loss_iou: 0.2278  contr_loss: 1.1730
08/07 12:48:08 - mmengine - INFO - Exp name: lae_dino_swin-t_finetune_DIOR_20260807_105315
08/07 12:48:45 - mmengine - INFO - Epoch(train)  [9][450/698]  base_lr: 1.0000e-04 lr: 1.0000e-04  eta: 4:56:09  time: 1.0808  data_time: 0.0087  memory: 10323  grad_norm: 51.2751  loss: 6.3509  loss_cls: 0.0725  loss_bbox: 0.0712  loss_iou: 0.3260  d0.loss_cls: 0.0885  d0.loss_bbox: 0.0765  d0.loss_iou: 0.3404  d1.loss_cls: 0.0775  d1.loss_bbox: 0.0741  d1.loss_iou: 0.3322  d2.loss_cls: 0.0753  d2.loss_bbox: 0.0733  d2.loss_iou: 0.3289  d3.loss_cls: 0.0735  d3.loss_bbox: 0.0723  d3.loss_iou: 0.3262  d4.loss_cls: 0.0743  d4.loss_bbox: 0.0706  d4.loss_iou: 0.3239  enc_loss_cls: 0.0964  enc_loss_bbox: 0.0878  enc_loss_iou: 0.3618  dn_loss_cls: 0.0043  dn_loss_bbox: 0.0605  dn_loss_iou: 0.1987  d0.dn_loss_cls: 0.0194  d0.dn_loss_bbox: 0.0906  d0.dn_loss_iou: 0.2669  d1.dn_loss_cls: 0.0058  d1.dn_loss_bbox: 0.0646  d1.dn_loss_iou: 0.2110  d2.dn_loss_cls: 0.0051  d2.dn_loss_bbox: 0.0612  d2.dn_loss_iou: 0.2009  d3.dn_loss_cls: 0.0045  d3.dn_loss_bbox: 0.0609  d3.dn_loss_iou: 0.1990  d4.dn_loss_cls: 0.0044  d4.dn_loss_bbox: 0.0605  d4.dn_loss_iou: 0.1985  contr_loss: 1.2110
08/07 12:49:40 - mmengine - INFO - Epoch(train)  [9][500/698]  base_lr: 1.0000e-04 lr: 1.0000e-04  eta: 4:55:16  time: 1.0982  data_time: 0.0094  memory: 10147  grad_norm: 46.6113  loss: 6.6391  loss_cls: 0.1153  loss_bbox: 0.0661  loss_iou: 0.3575  d0.loss_cls: 0.1424  d0.loss_bbox: 0.0706  d0.loss_iou: 0.3704  d1.loss_cls: 0.1266  d1.loss_bbox: 0.0679  d1.loss_iou: 0.3644  d2.loss_cls: 0.1210  d2.loss_bbox: 0.0668  d2.loss_iou: 0.3597  d3.loss_cls: 0.1175  d3.loss_bbox: 0.0664  d3.loss_iou: 0.3577  d4.loss_cls: 0.1147  d4.loss_bbox: 0.0663  d4.loss_iou: 0.3577  enc_loss_cls: 0.1450  enc_loss_bbox: 0.0857  enc_loss_iou: 0.3971  dn_loss_cls: 0.0069  dn_loss_bbox: 0.0619  dn_loss_iou: 0.2022  d0.dn_loss_cls: 0.0175  d0.dn_loss_bbox: 0.0984  d0.dn_loss_iou: 0.2812  d1.dn_loss_cls: 0.0081  d1.dn_loss_bbox: 0.0687  d1.dn_loss_iou: 0.2170  d2.dn_loss_cls: 0.0084  d2.dn_loss_bbox: 0.0633  d2.dn_loss_iou: 0.2049  d3.dn_loss_cls: 0.0094  d3.dn_loss_bbox: 0.0622  d3.dn_loss_iou: 0.2031  d4.dn_loss_cls: 0.0072  d4.dn_loss_bbox: 0.0618  d4.dn_loss_iou: 0.2022  contr_loss: 0.9179
08/07 12:50:34 - mmengine - INFO - Epoch(train)  [9][550/698]  base_lr: 1.0000e-04 lr: 1.0000e-04  eta: 4:54:20  time: 1.0812  data_time: 0.0086  memory: 9962  grad_norm: 47.4374  loss: 5.9278  loss_cls: 0.0595  loss_bbox: 0.0715  loss_iou: 0.2649  d0.loss_cls: 0.0773  d0.loss_bbox: 0.0763  d0.loss_iou: 0.2723  d1.loss_cls: 0.0708  d1.loss_bbox: 0.0756  d1.loss_iou: 0.2678  d2.loss_cls: 0.0665  d2.loss_bbox: 0.0727  d2.loss_iou: 0.2657  d3.loss_cls: 0.0633  d3.loss_bbox: 0.0706  d3.loss_iou: 0.2644  d4.loss_cls: 0.0599  d4.loss_bbox: 0.0715  d4.loss_iou: 0.2651  enc_loss_cls: 0.1032  enc_loss_bbox: 0.0894  enc_loss_iou: 0.2942  dn_loss_cls: 0.0022  dn_loss_bbox: 0.0766  dn_loss_iou: 0.1977  d0.dn_loss_cls: 0.0167  d0.dn_loss_bbox: 0.1245  d0.dn_loss_iou: 0.2753  d1.dn_loss_cls: 0.0038  d1.dn_loss_bbox: 0.0851  d1.dn_loss_iou: 0.2103  d2.dn_loss_cls: 0.0022  d2.dn_loss_bbox: 0.0792  d2.dn_loss_iou: 0.2007  d3.dn_loss_cls: 0.0022  d3.dn_loss_bbox: 0.0772  d3.dn_loss_iou: 0.1985  d4.dn_loss_cls: 0.0022  d4.dn_loss_bbox: 0.0766  d4.dn_loss_iou: 0.1976  contr_loss: 1.1770
08/07 12:51:28 - mmengine - INFO - Epoch(train)  [9][600/698]  base_lr: 1.0000e-04 lr: 1.0000e-04  eta: 4:53:24  time: 1.0759  data_time: 0.0086  memory: 9646  grad_norm: 45.9143  loss: 5.5881  loss_cls: 0.0684  loss_bbox: 0.0667  loss_iou: 0.2747  d0.loss_cls: 0.0859  d0.loss_bbox: 0.0719  d0.loss_iou: 0.2834  d1.loss_cls: 0.0749  d1.loss_bbox: 0.0689  d1.loss_iou: 0.2795  d2.loss_cls: 0.0752  d2.loss_bbox: 0.0676  d2.loss_iou: 0.2764  d3.loss_cls: 0.0699  d3.loss_bbox: 0.0672  d3.loss_iou: 0.2752  d4.loss_cls: 0.0696  d4.loss_bbox: 0.0666  d4.loss_iou: 0.2748  enc_loss_cls: 0.0989  enc_loss_bbox: 0.0869  enc_loss_iou: 0.3053  dn_loss_cls: 0.0030  dn_loss_bbox: 0.0745  dn_loss_iou: 0.1914  d0.dn_loss_cls: 0.0196  d0.dn_loss_bbox: 0.1280  d0.dn_loss_iou: 0.2757  d1.dn_loss_cls: 0.0049  d1.dn_loss_bbox: 0.0860  d1.dn_loss_iou: 0.2081  d2.dn_loss_cls: 0.0036  d2.dn_loss_bbox: 0.0783  d2.dn_loss_iou: 0.1951  d3.dn_loss_cls: 0.0029  d3.dn_loss_bbox: 0.0755  d3.dn_loss_iou: 0.1923  d4.dn_loss_cls: 0.0029  d4.dn_loss_bbox: 0.0745  d4.dn_loss_iou: 0.1914  contr_loss: 0.7723
08/07 12:52:22 - mmengine - INFO - Epoch(train)  [9][650/698]  base_lr: 1.0000e-04 lr: 1.0000e-04  eta: 4:52:29  time: 1.0893  data_time: 0.0090  memory: 10182  grad_norm: 45.0525  loss: 5.8527  loss_cls: 0.0684  loss_bbox: 0.0695  loss_iou: 0.2950  d0.loss_cls: 0.0829  d0.loss_bbox: 0.0729  d0.loss_iou: 0.3093  d1.loss_cls: 0.0755  d1.loss_bbox: 0.0699  d1.loss_iou: 0.3004  d2.loss_cls: 0.0707  d2.loss_bbox: 0.0685  d2.loss_iou: 0.2972  d3.loss_cls: 0.0694  d3.loss_bbox: 0.0693  d3.loss_iou: 0.2954  d4.loss_cls: 0.0675  d4.loss_bbox: 0.0693  d4.loss_iou: 0.2949  enc_loss_cls: 0.0964  enc_loss_bbox: 0.0883  enc_loss_iou: 0.3298  dn_loss_cls: 0.0043  dn_loss_bbox: 0.0728  dn_loss_iou: 0.2025  d0.dn_loss_cls: 0.0179  d0.dn_loss_bbox: 0.1098  d0.dn_loss_iou: 0.2825  d1.dn_loss_cls: 0.0061  d1.dn_loss_bbox: 0.0785  d1.dn_loss_iou: 0.2156  d2.dn_loss_cls: 0.0045  d2.dn_loss_bbox: 0.0736  d2.dn_loss_iou: 0.2045  d3.dn_loss_cls: 0.0037  d3.dn_loss_bbox: 0.0732  d3.dn_loss_iou: 0.2031  d4.dn_loss_cls: 0.0042  d4.dn_loss_bbox: 0.0728  d4.dn_loss_iou: 0.2024  contr_loss: 0.8602
08/07 12:53:13 - mmengine - INFO - Exp name: lae_dino_swin-t_finetune_DIOR_20260807_105315
08/07 12:53:13 - mmengine - INFO - Saving checkpoint at 9 epochs
08/07 12:53:25 - mmengine - INFO - Epoch(val)  [9][ 50/147]    eta: 0:00:09  time: 0.1030  data_time: 0.0024  memory: 9676  
08/07 12:53:30 - mmengine - INFO - Epoch(val)  [9][100/147]    eta: 0:00:04  time: 0.1009  data_time: 0.0020  memory: 3800  
08/07 12:53:38 - mmengine - INFO - Evaluating bbox...
Loading and preparing results...
DONE (t=0.40s)
creating index...
index created!
Running per image evaluation...
Evaluate annotation type *bbox*
DONE (t=8.85s).
Accumulating evaluation results...
DONE (t=3.27s).
 Average Precision  (AP) @[ IoU=0.50:0.95 | area=   all | maxDets=100 ] = 0.731
 Average Precision  (AP) @[ IoU=0.50      | area=   all | maxDets=1000 ] = 0.906
 Average Precision  (AP) @[ IoU=0.75      | area=   all | maxDets=1000 ] = 0.791
 Average Precision  (AP) @[ IoU=0.50:0.95 | area= small | maxDets=1000 ] = 0.240
 Average Precision  (AP) @[ IoU=0.50:0.95 | area=medium | maxDets=1000 ] = 0.642
 Average Precision  (AP) @[ IoU=0.50:0.95 | area= large | maxDets=1000 ] = 0.849
 Average Recall     (AR) @[ IoU=0.50:0.95 | area=   all | maxDets=100 ] = 0.827
 Average Recall     (AR) @[ IoU=0.50:0.95 | area=   all | maxDets=300 ] = 0.833
 Average Recall     (AR) @[ IoU=0.50:0.95 | area=   all | maxDets=1000 ] = 0.833
 Average Recall     (AR) @[ IoU=0.50:0.95 | area= small | maxDets=1000 ] = 0.395
 Average Recall     (AR) @[ IoU=0.50:0.95 | area=medium | maxDets=1000 ] = 0.768
 Average Recall     (AR) @[ IoU=0.50:0.95 | area= large | maxDets=1000 ] = 0.920
08/07 12:53:51 - mmengine - INFO - bbox_mAP_copypaste: 0.731 0.906 0.791 0.240 0.642 0.849
================DIOR/coco================
08/07 12:53:52 - mmengine - INFO - Epoch(val) [9][147/147]    DIOR/coco/bbox_mAP: 0.7310  DIOR/coco/bbox_mAP_50: 0.9060  DIOR/coco/bbox_mAP_75: 0.7910  DIOR/coco/bbox_mAP_s: 0.2400  DIOR/coco/bbox_mAP_m: 0.6420  DIOR/coco/bbox_mAP_l: 0.8490  data_time: 0.0022  time: 0.1013
08/07 12:54:46 - mmengine - INFO - Epoch(train) [10][ 50/698]  base_lr: 1.0000e-04 lr: 1.0000e-04  eta: 4:50:39  time: 1.0873  data_time: 0.0131  memory: 10254  grad_norm: 41.4960  loss: 5.2006  loss_cls: 0.0531  loss_bbox: 0.0619  loss_iou: 0.2504  d0.loss_cls: 0.0690  d0.loss_bbox: 0.0659  d0.loss_iou: 0.2620  d1.loss_cls: 0.0612  d1.loss_bbox: 0.0640  d1.loss_iou: 0.2571  d2.loss_cls: 0.0605  d2.loss_bbox: 0.0619  d2.loss_iou: 0.2516  d3.loss_cls: 0.0560  d3.loss_bbox: 0.0618  d3.loss_iou: 0.2512  d4.loss_cls: 0.0533  d4.loss_bbox: 0.0618  d4.loss_iou: 0.2502  enc_loss_cls: 0.0831  enc_loss_bbox: 0.0743  enc_loss_iou: 0.2845  dn_loss_cls: 0.0025  dn_loss_bbox: 0.0682  dn_loss_iou: 0.1841  d0.dn_loss_cls: 0.0148  d0.dn_loss_bbox: 0.1067  d0.dn_loss_iou: 0.2581  d1.dn_loss_cls: 0.0053  d1.dn_loss_bbox: 0.0745  d1.dn_loss_iou: 0.1982  d2.dn_loss_cls: 0.0039  d2.dn_loss_bbox: 0.0702  d2.dn_loss_iou: 0.1871  d3.dn_loss_cls: 0.0029  d3.dn_loss_bbox: 0.0689  d3.dn_loss_iou: 0.1850  d4.dn_loss_cls: 0.0028  d4.dn_loss_bbox: 0.0681  d4.dn_loss_iou: 0.1839  contr_loss: 0.8207
08/07 12:55:41 - mmengine - INFO - Epoch(train) [10][100/698]  base_lr: 1.0000e-04 lr: 1.0000e-04  eta: 4:49:45  time: 1.0922  data_time: 0.0089  memory: 10096  grad_norm: 44.7882  loss: 4.8044  loss_cls: 0.0455  loss_bbox: 0.0494  loss_iou: 0.2048  d0.loss_cls: 0.0552  d0.loss_bbox: 0.0532  d0.loss_iou: 0.2106  d1.loss_cls: 0.0465  d1.loss_bbox: 0.0521  d1.loss_iou: 0.2112  d2.loss_cls: 0.0460  d2.loss_bbox: 0.0497  d2.loss_iou: 0.2078  d3.loss_cls: 0.0462  d3.loss_bbox: 0.0490  d3.loss_iou: 0.2063  d4.loss_cls: 0.0451  d4.loss_bbox: 0.0498  d4.loss_iou: 0.2052  enc_loss_cls: 0.0688  enc_loss_bbox: 0.0615  enc_loss_iou: 0.2304  dn_loss_cls: 0.0023  dn_loss_bbox: 0.0712  dn_loss_iou: 0.2035  d0.dn_loss_cls: 0.0160  d0.dn_loss_bbox: 0.1134  d0.dn_loss_iou: 0.2797  d1.dn_loss_cls: 0.0042  d1.dn_loss_bbox: 0.0768  d1.dn_loss_iou: 0.2144  d2.dn_loss_cls: 0.0029  d2.dn_loss_bbox: 0.0718  d2.dn_loss_iou: 0.2047  d3.dn_loss_cls: 0.0027  d3.dn_loss_bbox: 0.0716  d3.dn_loss_iou: 0.2040  d4.dn_loss_cls: 0.0024  d4.dn_loss_bbox: 0.0712  d4.dn_loss_iou: 0.2034  contr_loss: 0.7941
08/07 12:56:35 - mmengine - INFO - Epoch(train) [10][150/698]  base_lr: 1.0000e-04 lr: 1.0000e-04  eta: 4:48:51  time: 1.0954  data_time: 0.0094  memory: 10944  grad_norm: 51.0095  loss: 5.4718  loss_cls: 0.0500  loss_bbox: 0.0641  loss_iou: 0.2650  d0.loss_cls: 0.0595  d0.loss_bbox: 0.0712  d0.loss_iou: 0.2773  d1.loss_cls: 0.0555  d1.loss_bbox: 0.0670  d1.loss_iou: 0.2705  d2.loss_cls: 0.0550  d2.loss_bbox: 0.0653  d2.loss_iou: 0.2688  d3.loss_cls: 0.0509  d3.loss_bbox: 0.0647  d3.loss_iou: 0.2672  d4.loss_cls: 0.0512  d4.loss_bbox: 0.0639  d4.loss_iou: 0.2644  enc_loss_cls: 0.0760  enc_loss_bbox: 0.0844  enc_loss_iou: 0.2990  dn_loss_cls: 0.0065  dn_loss_bbox: 0.0659  dn_loss_iou: 0.2134  d0.dn_loss_cls: 0.0174  d0.dn_loss_bbox: 0.1013  d0.dn_loss_iou: 0.2932  d1.dn_loss_cls: 0.0068  d1.dn_loss_bbox: 0.0705  d1.dn_loss_iou: 0.2247  d2.dn_loss_cls: 0.0052  d2.dn_loss_bbox: 0.0672  d2.dn_loss_iou: 0.2162  d3.dn_loss_cls: 0.0054  d3.dn_loss_bbox: 0.0664  d3.dn_loss_iou: 0.2137  d4.dn_loss_cls: 0.0065  d4.dn_loss_bbox: 0.0658  d4.dn_loss_iou: 0.2130  contr_loss: 0.8220
08/07 12:57:31 - mmengine - INFO - Epoch(train) [10][200/698]  base_lr: 1.0000e-04 lr: 1.0000e-04  eta: 4:47:59  time: 1.1071  data_time: 0.0092  memory: 10074  grad_norm: 45.9734  loss: 6.1264  loss_cls: 0.0677  loss_bbox: 0.0655  loss_iou: 0.2951  d0.loss_cls: 0.0873  d0.loss_bbox: 0.0696  d0.loss_iou: 0.3109  d1.loss_cls: 0.0761  d1.loss_bbox: 0.0668  d1.loss_iou: 0.3050  d2.loss_cls: 0.0723  d2.loss_bbox: 0.0637  d2.loss_iou: 0.2964  d3.loss_cls: 0.0665  d3.loss_bbox: 0.0655  d3.loss_iou: 0.2979  d4.loss_cls: 0.0674  d4.loss_bbox: 0.0641  d4.loss_iou: 0.2952  enc_loss_cls: 0.0940  enc_loss_bbox: 0.0797  enc_loss_iou: 0.3286  dn_loss_cls: 0.0033  dn_loss_bbox: 0.0679  dn_loss_iou: 0.1945  d0.dn_loss_cls: 0.0202  d0.dn_loss_bbox: 0.1139  d0.dn_loss_iou: 0.2787  d1.dn_loss_cls: 0.0064  d1.dn_loss_bbox: 0.0750  d1.dn_loss_iou: 0.2100  d2.dn_loss_cls: 0.0046  d2.dn_loss_bbox: 0.0693  d2.dn_loss_iou: 0.1979  d3.dn_loss_cls: 0.0039  d3.dn_loss_bbox: 0.0683  d3.dn_loss_iou: 0.1952  d4.dn_loss_cls: 0.0034  d4.dn_loss_bbox: 0.0680  d4.dn_loss_iou: 0.1946  contr_loss: 1.2160
08/07 12:58:26 - mmengine - INFO - Epoch(train) [10][250/698]  base_lr: 1.0000e-04 lr: 1.0000e-04  eta: 4:47:06  time: 1.1004  data_time: 0.0090  memory: 9958  grad_norm: 57.1982  loss: 6.6423  loss_cls: 0.1541  loss_bbox: 0.0696  loss_iou: 0.2891  d0.loss_cls: 0.1519  d0.loss_bbox: 0.0757  d0.loss_iou: 0.2995  d1.loss_cls: 0.1497  d1.loss_bbox: 0.0722  d1.loss_iou: 0.2934  d2.loss_cls: 0.1544  d2.loss_bbox: 0.0701  d2.loss_iou: 0.2920  d3.loss_cls: 0.1459  d3.loss_bbox: 0.0705  d3.loss_iou: 0.2901  d4.loss_cls: 0.1398  d4.loss_bbox: 0.0701  d4.loss_iou: 0.2895  enc_loss_cls: 0.1739  enc_loss_bbox: 0.0849  enc_loss_iou: 0.3230  dn_loss_cls: 0.0047  dn_loss_bbox: 0.0773  dn_loss_iou: 0.1980  d0.dn_loss_cls: 0.0173  d0.dn_loss_bbox: 0.1244  d0.dn_loss_iou: 0.2777  d1.dn_loss_cls: 0.0051  d1.dn_loss_bbox: 0.0839  d1.dn_loss_iou: 0.2113  d2.dn_loss_cls: 0.0042  d2.dn_loss_bbox: 0.0783  d2.dn_loss_iou: 0.2013  d3.dn_loss_cls: 0.0039  d3.dn_loss_bbox: 0.0776  d3.dn_loss_iou: 0.1982  d4.dn_loss_cls: 0.0047  d4.dn_loss_bbox: 0.0774  d4.dn_loss_iou: 0.1980  contr_loss: 1.1396
08/07 12:59:19 - mmengine - INFO - Epoch(train) [10][300/698]  base_lr: 1.0000e-04 lr: 1.0000e-04  eta: 4:46:09  time: 1.0755  data_time: 0.0087  memory: 9915  grad_norm: 40.1437  loss: 5.5488  loss_cls: 0.0562  loss_bbox: 0.0635  loss_iou: 0.2512  d0.loss_cls: 0.0743  d0.loss_bbox: 0.0668  d0.loss_iou: 0.2584  d1.loss_cls: 0.0709  d1.loss_bbox: 0.0660  d1.loss_iou: 0.2581  d2.loss_cls: 0.0687  d2.loss_bbox: 0.0642  d2.loss_iou: 0.2506  d3.loss_cls: 0.0607  d3.loss_bbox: 0.0637  d3.loss_iou: 0.2510  d4.loss_cls: 0.0572  d4.loss_bbox: 0.0635  d4.loss_iou: 0.2510  enc_loss_cls: 0.0861  enc_loss_bbox: 0.0764  enc_loss_iou: 0.2785  dn_loss_cls: 0.0018  dn_loss_bbox: 0.0689  dn_loss_iou: 0.1994  d0.dn_loss_cls: 0.0159  d0.dn_loss_bbox: 0.1143  d0.dn_loss_iou: 0.2832  d1.dn_loss_cls: 0.0038  d1.dn_loss_bbox: 0.0780  d1.dn_loss_iou: 0.2102  d2.dn_loss_cls: 0.0028  d2.dn_loss_bbox: 0.0711  d2.dn_loss_iou: 0.2004  d3.dn_loss_cls: 0.0024  d3.dn_loss_bbox: 0.0696  d3.dn_loss_iou: 0.1999  d4.dn_loss_cls: 0.0019  d4.dn_loss_bbox: 0.0688  d4.dn_loss_iou: 0.1993  contr_loss: 1.0204
08/07 13:00:13 - mmengine - INFO - Epoch(train) [10][350/698]  base_lr: 1.0000e-04 lr: 1.0000e-04  eta: 4:45:12  time: 1.0681  data_time: 0.0090  memory: 10052  grad_norm: 49.7066  loss: 7.2891  loss_cls: 0.0700  loss_bbox: 0.0727  loss_iou: 0.3368  d0.loss_cls: 0.0858  d0.loss_bbox: 0.0770  d0.loss_iou: 0.3457  d1.loss_cls: 0.0775  d1.loss_bbox: 0.0752  d1.loss_iou: 0.3417  d2.loss_cls: 0.0758  d2.loss_bbox: 0.0728  d2.loss_iou: 0.3365  d3.loss_cls: 0.0706  d3.loss_bbox: 0.0729  d3.loss_iou: 0.3371  d4.loss_cls: 0.0717  d4.loss_bbox: 0.0727  d4.loss_iou: 0.3357  enc_loss_cls: 0.1022  enc_loss_bbox: 0.0827  enc_loss_iou: 0.3594  dn_loss_cls: 0.0045  dn_loss_bbox: 0.0657  dn_loss_iou: 0.2237  d0.dn_loss_cls: 0.0193  d0.dn_loss_bbox: 0.1053  d0.dn_loss_iou: 0.3121  d1.dn_loss_cls: 0.0054  d1.dn_loss_bbox: 0.0733  d1.dn_loss_iou: 0.2412  d2.dn_loss_cls: 0.0048  d2.dn_loss_bbox: 0.0675  d2.dn_loss_iou: 0.2270  d3.dn_loss_cls: 0.0048  d3.dn_loss_bbox: 0.0663  d3.dn_loss_iou: 0.2243  d4.dn_loss_cls: 0.0046  d4.dn_loss_bbox: 0.0658  d4.dn_loss_iou: 0.2236  contr_loss: 1.8773
08/07 13:01:08 - mmengine - INFO - Epoch(train) [10][400/698]  base_lr: 1.0000e-04 lr: 1.0000e-04  eta: 4:44:19  time: 1.0985  data_time: 0.0092  memory: 9744  grad_norm: 46.2262  loss: 6.8442  loss_cls: 0.1165  loss_bbox: 0.0638  loss_iou: 0.2853  d0.loss_cls: 0.1368  d0.loss_bbox: 0.0704  d0.loss_iou: 0.2948  d1.loss_cls: 0.1296  d1.loss_bbox: 0.0649  d1.loss_iou: 0.2863  d2.loss_cls: 0.1253  d2.loss_bbox: 0.0648  d2.loss_iou: 0.2870  d3.loss_cls: 0.1211  d3.loss_bbox: 0.0635  d3.loss_iou: 0.2857  d4.loss_cls: 0.1172  d4.loss_bbox: 0.0639  d4.loss_iou: 0.2851  enc_loss_cls: 0.1461  enc_loss_bbox: 0.0805  enc_loss_iou: 0.3165  dn_loss_cls: 0.0037  dn_loss_bbox: 0.0614  dn_loss_iou: 0.1980  d0.dn_loss_cls: 0.0259  d0.dn_loss_bbox: 0.1049  d0.dn_loss_iou: 0.2795  d1.dn_loss_cls: 0.0084  d1.dn_loss_bbox: 0.0679  d1.dn_loss_iou: 0.2121  d2.dn_loss_cls: 0.0060  d2.dn_loss_bbox: 0.0626  d2.dn_loss_iou: 0.2006  d3.dn_loss_cls: 0.0046  d3.dn_loss_bbox: 0.0615  d3.dn_loss_iou: 0.1979  d4.dn_loss_cls: 0.0038  d4.dn_loss_bbox: 0.0614  d4.dn_loss_iou: 0.1977  contr_loss: 1.6810
08/07 13:02:03 - mmengine - INFO - Epoch(train) [10][450/698]  base_lr: 1.0000e-04 lr: 1.0000e-04  eta: 4:43:26  time: 1.1063  data_time: 0.0090  memory: 9999  grad_norm: 53.4166  loss: 6.3304  loss_cls: 0.0807  loss_bbox: 0.0687  loss_iou: 0.2836  d0.loss_cls: 0.0932  d0.loss_bbox: 0.0751  d0.loss_iou: 0.2933  d1.loss_cls: 0.0871  d1.loss_bbox: 0.0711  d1.loss_iou: 0.2889  d2.loss_cls: 0.0817  d2.loss_bbox: 0.0697  d2.loss_iou: 0.2851  d3.loss_cls: 0.0816  d3.loss_bbox: 0.0697  d3.loss_iou: 0.2844  d4.loss_cls: 0.0815  d4.loss_bbox: 0.0687  d4.loss_iou: 0.2834  enc_loss_cls: 0.1126  enc_loss_bbox: 0.0845  enc_loss_iou: 0.3161  dn_loss_cls: 0.0030  dn_loss_bbox: 0.0733  dn_loss_iou: 0.1926  d0.dn_loss_cls: 0.0196  d0.dn_loss_bbox: 0.1181  d0.dn_loss_iou: 0.2765  d1.dn_loss_cls: 0.0060  d1.dn_loss_bbox: 0.0814  d1.dn_loss_iou: 0.2108  d2.dn_loss_cls: 0.0039  d2.dn_loss_bbox: 0.0750  d2.dn_loss_iou: 0.1961  d3.dn_loss_cls: 0.0031  d3.dn_loss_bbox: 0.0740  d3.dn_loss_iou: 0.1937  d4.dn_loss_cls: 0.0029  d4.dn_loss_bbox: 0.0733  d4.dn_loss_iou: 0.1925  contr_loss: 1.3739
08/07 13:02:58 - mmengine - INFO - Epoch(train) [10][500/698]  base_lr: 1.0000e-04 lr: 1.0000e-04  eta: 4:42:32  time: 1.0892  data_time: 0.0092  memory: 9825  grad_norm: 52.8996  loss: 6.5453  loss_cls: 0.0678  loss_bbox: 0.0731  loss_iou: 0.2907  d0.loss_cls: 0.0800  d0.loss_bbox: 0.0796  d0.loss_iou: 0.3018  d1.loss_cls: 0.0720  d1.loss_bbox: 0.0745  d1.loss_iou: 0.2964  d2.loss_cls: 0.0694  d2.loss_bbox: 0.0734  d2.loss_iou: 0.2926  d3.loss_cls: 0.0690  d3.loss_bbox: 0.0736  d3.loss_iou: 0.2920  d4.loss_cls: 0.0680  d4.loss_bbox: 0.0730  d4.loss_iou: 0.2906  enc_loss_cls: 0.1037  enc_loss_bbox: 0.0937  enc_loss_iou: 0.3257  dn_loss_cls: 0.0028  dn_loss_bbox: 0.0707  dn_loss_iou: 0.1866  d0.dn_loss_cls: 0.0188  d0.dn_loss_bbox: 0.1142  d0.dn_loss_iou: 0.2596  d1.dn_loss_cls: 0.0044  d1.dn_loss_bbox: 0.0779  d1.dn_loss_iou: 0.1984  d2.dn_loss_cls: 0.0034  d2.dn_loss_bbox: 0.0722  d2.dn_loss_iou: 0.1889  d3.dn_loss_cls: 0.0030  d3.dn_loss_bbox: 0.0711  d3.dn_loss_iou: 0.1873  d4.dn_loss_cls: 0.0031  d4.dn_loss_bbox: 0.0705  d4.dn_loss_iou: 0.1862  contr_loss: 1.6654
08/07 13:03:53 - mmengine - INFO - Epoch(train) [10][550/698]  base_lr: 1.0000e-04 lr: 1.0000e-04  eta: 4:41:39  time: 1.1069  data_time: 0.0085  memory: 10326  grad_norm: 44.4209  loss: 6.4316  loss_cls: 0.0805  loss_bbox: 0.0765  loss_iou: 0.3768  d0.loss_cls: 0.1006  d0.loss_bbox: 0.0813  d0.loss_iou: 0.3835  d1.loss_cls: 0.0907  d1.loss_bbox: 0.0786  d1.loss_iou: 0.3785  d2.loss_cls: 0.0876  d2.loss_bbox: 0.0776  d2.loss_iou: 0.3767  d3.loss_cls: 0.0824  d3.loss_bbox: 0.0770  d3.loss_iou: 0.3764  d4.loss_cls: 0.0826  d4.loss_bbox: 0.0764  d4.loss_iou: 0.3767  enc_loss_cls: 0.1123  enc_loss_bbox: 0.0927  enc_loss_iou: 0.4098  dn_loss_cls: 0.0053  dn_loss_bbox: 0.0661  dn_loss_iou: 0.1955  d0.dn_loss_cls: 0.0182  d0.dn_loss_bbox: 0.1124  d0.dn_loss_iou: 0.2736  d1.dn_loss_cls: 0.0073  d1.dn_loss_bbox: 0.0736  d1.dn_loss_iou: 0.2100  d2.dn_loss_cls: 0.0059  d2.dn_loss_bbox: 0.0674  d2.dn_loss_iou: 0.1982  d3.dn_loss_cls: 0.0056  d3.dn_loss_bbox: 0.0660  d3.dn_loss_iou: 0.1959  d4.dn_loss_cls: 0.0057  d4.dn_loss_bbox: 0.0661  d4.dn_loss_iou: 0.1953  contr_loss: 0.7879
08/07 13:04:47 - mmengine - INFO - Epoch(train) [10][600/698]  base_lr: 1.0000e-04 lr: 1.0000e-04  eta: 4:40:44  time: 1.0798  data_time: 0.0093  memory: 9898  grad_norm: 42.0825  loss: 5.2853  loss_cls: 0.0497  loss_bbox: 0.0625  loss_iou: 0.2287  d0.loss_cls: 0.0573  d0.loss_bbox: 0.0649  d0.loss_iou: 0.2364  d1.loss_cls: 0.0522  d1.loss_bbox: 0.0635  d1.loss_iou: 0.2320  d2.loss_cls: 0.0532  d2.loss_bbox: 0.0620  d2.loss_iou: 0.2290  d3.loss_cls: 0.0498  d3.loss_bbox: 0.0627  d3.loss_iou: 0.2288  d4.loss_cls: 0.0494  d4.loss_bbox: 0.0624  d4.loss_iou: 0.2286  enc_loss_cls: 0.0857  enc_loss_bbox: 0.0762  enc_loss_iou: 0.2572  dn_loss_cls: 0.0025  dn_loss_bbox: 0.0670  dn_loss_iou: 0.1989  d0.dn_loss_cls: 0.0189  d0.dn_loss_bbox: 0.1048  d0.dn_loss_iou: 0.2730  d1.dn_loss_cls: 0.0049  d1.dn_loss_bbox: 0.0728  d1.dn_loss_iou: 0.2125  d2.dn_loss_cls: 0.0032  d2.dn_loss_bbox: 0.0687  d2.dn_loss_iou: 0.2027  d3.dn_loss_cls: 0.0027  d3.dn_loss_bbox: 0.0672  d3.dn_loss_iou: 0.1996  d4.dn_loss_cls: 0.0026  d4.dn_loss_bbox: 0.0670  d4.dn_loss_iou: 0.1989  contr_loss: 1.0253
08/07 13:05:42 - mmengine - INFO - Epoch(train) [10][650/698]  base_lr: 1.0000e-04 lr: 1.0000e-04  eta: 4:39:51  time: 1.1068  data_time: 0.0088  memory: 9999  grad_norm: 47.9510  loss: 6.1107  loss_cls: 0.0669  loss_bbox: 0.0622  loss_iou: 0.3048  d0.loss_cls: 0.0775  d0.loss_bbox: 0.0691  d0.loss_iou: 0.3125  d1.loss_cls: 0.0684  d1.loss_bbox: 0.0659  d1.loss_iou: 0.3109  d2.loss_cls: 0.0679  d2.loss_bbox: 0.0645  d2.loss_iou: 0.3038  d3.loss_cls: 0.0687  d3.loss_bbox: 0.0620  d3.loss_iou: 0.3045  d4.loss_cls: 0.0678  d4.loss_bbox: 0.0613  d4.loss_iou: 0.3037  enc_loss_cls: 0.0883  enc_loss_bbox: 0.0762  enc_loss_iou: 0.3324  dn_loss_cls: 0.0030  dn_loss_bbox: 0.0667  dn_loss_iou: 0.2000  d0.dn_loss_cls: 0.0169  d0.dn_loss_bbox: 0.1010  d0.dn_loss_iou: 0.2743  d1.dn_loss_cls: 0.0049  d1.dn_loss_bbox: 0.0721  d1.dn_loss_iou: 0.2137  d2.dn_loss_cls: 0.0037  d2.dn_loss_bbox: 0.0674  d2.dn_loss_iou: 0.2025  d3.dn_loss_cls: 0.0031  d3.dn_loss_bbox: 0.0663  d3.dn_loss_iou: 0.2001  d4.dn_loss_cls: 0.0031  d4.dn_loss_bbox: 0.0667  d4.dn_loss_iou: 0.1998  contr_loss: 1.2064
08/07 13:06:34 - mmengine - INFO - Exp name: lae_dino_swin-t_finetune_DIOR_20260807_105315
08/07 13:06:34 - mmengine - INFO - Saving checkpoint at 10 epochs
08/07 13:06:45 - mmengine - INFO - Epoch(val) [10][ 50/147]    eta: 0:00:09  time: 0.1024  data_time: 0.0023  memory: 9837  
08/07 13:06:51 - mmengine - INFO - Epoch(val) [10][100/147]    eta: 0:00:04  time: 0.1015  data_time: 0.0019  memory: 3800  
08/07 13:06:58 - mmengine - INFO - Evaluating bbox...
Loading and preparing results...
DONE (t=0.58s)
creating index...
index created!
Running per image evaluation...
Evaluate annotation type *bbox*
DONE (t=8.42s).
Accumulating evaluation results...
DONE (t=3.25s).
 Average Precision  (AP) @[ IoU=0.50:0.95 | area=   all | maxDets=100 ] = 0.726
 Average Precision  (AP) @[ IoU=0.50      | area=   all | maxDets=1000 ] = 0.899
 Average Precision  (AP) @[ IoU=0.75      | area=   all | maxDets=1000 ] = 0.788
 Average Precision  (AP) @[ IoU=0.50:0.95 | area= small | maxDets=1000 ] = 0.248
 Average Precision  (AP) @[ IoU=0.50:0.95 | area=medium | maxDets=1000 ] = 0.642
 Average Precision  (AP) @[ IoU=0.50:0.95 | area= large | maxDets=1000 ] = 0.834
 Average Recall     (AR) @[ IoU=0.50:0.95 | area=   all | maxDets=100 ] = 0.830
 Average Recall     (AR) @[ IoU=0.50:0.95 | area=   all | maxDets=300 ] = 0.836
 Average Recall     (AR) @[ IoU=0.50:0.95 | area=   all | maxDets=1000 ] = 0.836
 Average Recall     (AR) @[ IoU=0.50:0.95 | area= small | maxDets=1000 ] = 0.403
 Average Recall     (AR) @[ IoU=0.50:0.95 | area=medium | maxDets=1000 ] = 0.762
 Average Recall     (AR) @[ IoU=0.50:0.95 | area= large | maxDets=1000 ] = 0.921
08/07 13:07:11 - mmengine - INFO - bbox_mAP_copypaste: 0.726 0.899 0.788 0.248 0.642 0.834
================DIOR/coco================
08/07 13:07:11 - mmengine - INFO - Epoch(val) [10][147/147]    DIOR/coco/bbox_mAP: 0.7260  DIOR/coco/bbox_mAP_50: 0.8990  DIOR/coco/bbox_mAP_75: 0.7880  DIOR/coco/bbox_mAP_s: 0.2480  DIOR/coco/bbox_mAP_m: 0.6420  DIOR/coco/bbox_mAP_l: 0.8340  data_time: 0.0021  time: 0.1011
08/07 13:07:33 - mmengine - INFO - Exp name: lae_dino_swin-t_finetune_DIOR_20260807_105315
08/07 13:08:06 - mmengine - INFO - Epoch(train) [11][ 50/698]  base_lr: 1.0000e-04 lr: 1.0000e-04  eta: 4:38:03  time: 1.0992  data_time: 0.0129  memory: 9918  grad_norm: 42.4852  loss: 5.3484  loss_cls: 0.0703  loss_bbox: 0.0648  loss_iou: 0.2478  d0.loss_cls: 0.0901  d0.loss_bbox: 0.0695  d0.loss_iou: 0.2500  d1.loss_cls: 0.0824  d1.loss_bbox: 0.0658  d1.loss_iou: 0.2495  d2.loss_cls: 0.0769  d2.loss_bbox: 0.0625  d2.loss_iou: 0.2443  d3.loss_cls: 0.0724  d3.loss_bbox: 0.0645  d3.loss_iou: 0.2499  d4.loss_cls: 0.0718  d4.loss_bbox: 0.0648  d4.loss_iou: 0.2469  enc_loss_cls: 0.1073  enc_loss_bbox: 0.0767  enc_loss_iou: 0.2698  dn_loss_cls: 0.0035  dn_loss_bbox: 0.0641  dn_loss_iou: 0.1907  d0.dn_loss_cls: 0.0186  d0.dn_loss_bbox: 0.1070  d0.dn_loss_iou: 0.2680  d1.dn_loss_cls: 0.0061  d1.dn_loss_bbox: 0.0713  d1.dn_loss_iou: 0.2050  d2.dn_loss_cls: 0.0041  d2.dn_loss_bbox: 0.0661  d2.dn_loss_iou: 0.1937  d3.dn_loss_cls: 0.0036  d3.dn_loss_bbox: 0.0642  d3.dn_loss_iou: 0.1916  d4.dn_loss_cls: 0.0038  d4.dn_loss_bbox: 0.0641  d4.dn_loss_iou: 0.1907  contr_loss: 0.8344
08/07 13:09:00 - mmengine - INFO - Epoch(train) [11][100/698]  base_lr: 1.0000e-04 lr: 1.0000e-04  eta: 4:37:08  time: 1.0833  data_time: 0.0094  memory: 9810  grad_norm: 61.2843  loss: 5.8012  loss_cls: 0.0553  loss_bbox: 0.0722  loss_iou: 0.2867  d0.loss_cls: 0.0635  d0.loss_bbox: 0.0758  d0.loss_iou: 0.2869  d1.loss_cls: 0.0610  d1.loss_bbox: 0.0734  d1.loss_iou: 0.2835  d2.loss_cls: 0.0566  d2.loss_bbox: 0.0709  d2.loss_iou: 0.2822  d3.loss_cls: 0.0532  d3.loss_bbox: 0.0725  d3.loss_iou: 0.2881  d4.loss_cls: 0.0536  d4.loss_bbox: 0.0723  d4.loss_iou: 0.2866  enc_loss_cls: 0.0807  enc_loss_bbox: 0.0873  enc_loss_iou: 0.3115  dn_loss_cls: 0.0029  dn_loss_bbox: 0.0804  dn_loss_iou: 0.1967  d0.dn_loss_cls: 0.0185  d0.dn_loss_bbox: 0.1359  d0.dn_loss_iou: 0.2772  d1.dn_loss_cls: 0.0053  d1.dn_loss_bbox: 0.0910  d1.dn_loss_iou: 0.2116  d2.dn_loss_cls: 0.0036  d2.dn_loss_bbox: 0.0853  d2.dn_loss_iou: 0.2010  d3.dn_loss_cls: 0.0033  d3.dn_loss_bbox: 0.0821  d3.dn_loss_iou: 0.1986  d4.dn_loss_cls: 0.0029  d4.dn_loss_bbox: 0.0806  d4.dn_loss_iou: 0.1965  contr_loss: 0.9540
08/07 13:09:54 - mmengine - INFO - Epoch(train) [11][150/698]  base_lr: 1.0000e-04 lr: 1.0000e-04  eta: 4:36:12  time: 1.0722  data_time: 0.0091  memory: 10147  grad_norm: 53.5936  loss: 5.3440  loss_cls: 0.0714  loss_bbox: 0.0546  loss_iou: 0.2543  d0.loss_cls: 0.0828  d0.loss_bbox: 0.0602  d0.loss_iou: 0.2594  d1.loss_cls: 0.0797  d1.loss_bbox: 0.0567  d1.loss_iou: 0.2549  d2.loss_cls: 0.0756  d2.loss_bbox: 0.0548  d2.loss_iou: 0.2519  d3.loss_cls: 0.0748  d3.loss_bbox: 0.0551  d3.loss_iou: 0.2545  d4.loss_cls: 0.0722  d4.loss_bbox: 0.0548  d4.loss_iou: 0.2547  enc_loss_cls: 0.0957  enc_loss_bbox: 0.0702  enc_loss_iou: 0.2813  dn_loss_cls: 0.0091  dn_loss_bbox: 0.0641  dn_loss_iou: 0.1778  d0.dn_loss_cls: 0.0180  d0.dn_loss_bbox: 0.1118  d0.dn_loss_iou: 0.2563  d1.dn_loss_cls: 0.0090  d1.dn_loss_bbox: 0.0705  d1.dn_loss_iou: 0.1874  d2.dn_loss_cls: 0.0084  d2.dn_loss_bbox: 0.0647  d2.dn_loss_iou: 0.1782  d3.dn_loss_cls: 0.0082  d3.dn_loss_bbox: 0.0637  d3.dn_loss_iou: 0.1767  d4.dn_loss_cls: 0.0088  d4.dn_loss_bbox: 0.0641  d4.dn_loss_iou: 0.1774  contr_loss: 0.9203
08/07 13:10:48 - mmengine - INFO - Epoch(train) [11][200/698]  base_lr: 1.0000e-04 lr: 1.0000e-04  eta: 4:35:16  time: 1.0809  data_time: 0.0088  memory: 9925  grad_norm: 47.6370  loss: 6.1838  loss_cls: 0.0546  loss_bbox: 0.0690  loss_iou: 0.2995  d0.loss_cls: 0.0686  d0.loss_bbox: 0.0745  d0.loss_iou: 0.3114  d1.loss_cls: 0.0630  d1.loss_bbox: 0.0707  d1.loss_iou: 0.3069  d2.loss_cls: 0.0586  d2.loss_bbox: 0.0697  d2.loss_iou: 0.3007  d3.loss_cls: 0.0577  d3.loss_bbox: 0.0693  d3.loss_iou: 0.3009  d4.loss_cls: 0.0556  d4.loss_bbox: 0.0688  d4.loss_iou: 0.2989  enc_loss_cls: 0.0860  enc_loss_bbox: 0.0841  enc_loss_iou: 0.3327  dn_loss_cls: 0.0016  dn_loss_bbox: 0.0828  dn_loss_iou: 0.1946  d0.dn_loss_cls: 0.0149  d0.dn_loss_bbox: 0.1254  d0.dn_loss_iou: 0.2698  d1.dn_loss_cls: 0.0041  d1.dn_loss_bbox: 0.0878  d1.dn_loss_iou: 0.2058  d2.dn_loss_cls: 0.0026  d2.dn_loss_bbox: 0.0849  d2.dn_loss_iou: 0.1974  d3.dn_loss_cls: 0.0019  d3.dn_loss_bbox: 0.0830  d3.dn_loss_iou: 0.1954  d4.dn_loss_cls: 0.0015  d4.dn_loss_bbox: 0.0828  d4.dn_loss_iou: 0.1947  contr_loss: 1.2515
08/07 13:11:43 - mmengine - INFO - Epoch(train) [11][250/698]  base_lr: 1.0000e-04 lr: 1.0000e-04  eta: 4:34:22  time: 1.0961  data_time: 0.0098  memory: 10112  grad_norm: 47.1765  loss: 5.1401  loss_cls: 0.0610  loss_bbox: 0.0523  loss_iou: 0.2079  d0.loss_cls: 0.0732  d0.loss_bbox: 0.0556  d0.loss_iou: 0.2172  d1.loss_cls: 0.0663  d1.loss_bbox: 0.0533  d1.loss_iou: 0.2124  d2.loss_cls: 0.0642  d2.loss_bbox: 0.0525  d2.loss_iou: 0.2104  d3.loss_cls: 0.0629  d3.loss_bbox: 0.0524  d3.loss_iou: 0.2098  d4.loss_cls: 0.0616  d4.loss_bbox: 0.0523  d4.loss_iou: 0.2081  enc_loss_cls: 0.0937  enc_loss_bbox: 0.0632  enc_loss_iou: 0.2368  dn_loss_cls: 0.0041  dn_loss_bbox: 0.0641  dn_loss_iou: 0.1993  d0.dn_loss_cls: 0.0224  d0.dn_loss_bbox: 0.0940  d0.dn_loss_iou: 0.2719  d1.dn_loss_cls: 0.0070  d1.dn_loss_bbox: 0.0679  d1.dn_loss_iou: 0.2122  d2.dn_loss_cls: 0.0050  d2.dn_loss_bbox: 0.0653  d2.dn_loss_iou: 0.2016  d3.dn_loss_cls: 0.0043  d3.dn_loss_bbox: 0.0645  d3.dn_loss_iou: 0.1998  d4.dn_loss_cls: 0.0042  d4.dn_loss_bbox: 0.0641  d4.dn_loss_iou: 0.1995  contr_loss: 1.0217
08/07 13:12:38 - mmengine - INFO - Epoch(train) [11][300/698]  base_lr: 1.0000e-04 lr: 1.0000e-04  eta: 4:33:28  time: 1.0955  data_time: 0.0097  memory: 10278  grad_norm: 45.8141  loss: 6.2280  loss_cls: 0.0696  loss_bbox: 0.0670  loss_iou: 0.3040  d0.loss_cls: 0.0855  d0.loss_bbox: 0.0736  d0.loss_iou: 0.3166  d1.loss_cls: 0.0758  d1.loss_bbox: 0.0717  d1.loss_iou: 0.3106  d2.loss_cls: 0.0715  d2.loss_bbox: 0.0698  d2.loss_iou: 0.3078  d3.loss_cls: 0.0725  d3.loss_bbox: 0.0678  d3.loss_iou: 0.3045  d4.loss_cls: 0.0669  d4.loss_bbox: 0.0670  d4.loss_iou: 0.3055  enc_loss_cls: 0.0919  enc_loss_bbox: 0.0830  enc_loss_iou: 0.3411  dn_loss_cls: 0.0035  dn_loss_bbox: 0.0645  dn_loss_iou: 0.1874  d0.dn_loss_cls: 0.0164  d0.dn_loss_bbox: 0.1065  d0.dn_loss_iou: 0.2601  d1.dn_loss_cls: 0.0054  d1.dn_loss_bbox: 0.0728  d1.dn_loss_iou: 0.1992  d2.dn_loss_cls: 0.0044  d2.dn_loss_bbox: 0.0665  d2.dn_loss_iou: 0.1893  d3.dn_loss_cls: 0.0034  d3.dn_loss_bbox: 0.0649  d3.dn_loss_iou: 0.1871  d4.dn_loss_cls: 0.0032  d4.dn_loss_bbox: 0.0644  d4.dn_loss_iou: 0.1874  contr_loss: 1.3179
08/07 13:13:32 - mmengine - INFO - Epoch(train) [11][350/698]  base_lr: 1.0000e-04 lr: 1.0000e-04  eta: 4:32:33  time: 1.0818  data_time: 0.0087  memory: 10041  grad_norm: 56.9150  loss: 5.6675  loss_cls: 0.0678  loss_bbox: 0.0594  loss_iou: 0.2709  d0.loss_cls: 0.0717  d0.loss_bbox: 0.0672  d0.loss_iou: 0.2838  d1.loss_cls: 0.0694  d1.loss_bbox: 0.0636  d1.loss_iou: 0.2754  d2.loss_cls: 0.0679  d2.loss_bbox: 0.0620  d2.loss_iou: 0.2744  d3.loss_cls: 0.0702  d3.loss_bbox: 0.0597  d3.loss_iou: 0.2718  d4.loss_cls: 0.0686  d4.loss_bbox: 0.0594  d4.loss_iou: 0.2706  enc_loss_cls: 0.0832  enc_loss_bbox: 0.0759  enc_loss_iou: 0.3013  dn_loss_cls: 0.0041  dn_loss_bbox: 0.0661  dn_loss_iou: 0.1910  d0.dn_loss_cls: 0.0195  d0.dn_loss_bbox: 0.1099  d0.dn_loss_iou: 0.2704  d1.dn_loss_cls: 0.0062  d1.dn_loss_bbox: 0.0735  d1.dn_loss_iou: 0.2050  d2.dn_loss_cls: 0.0050  d2.dn_loss_bbox: 0.0677  d2.dn_loss_iou: 0.1937  d3.dn_loss_cls: 0.0044  d3.dn_loss_bbox: 0.0666  d3.dn_loss_iou: 0.1918  d4.dn_loss_cls: 0.0043  d4.dn_loss_bbox: 0.0660  d4.dn_loss_iou: 0.1907  contr_loss: 1.0368
08/07 13:14:26 - mmengine - INFO - Epoch(train) [11][400/698]  base_lr: 1.0000e-04 lr: 1.0000e-04  eta: 4:31:39  time: 1.0952  data_time: 0.0087  memory: 10099  grad_norm: 46.9576  loss: 5.1890  loss_cls: 0.0537  loss_bbox: 0.0666  loss_iou: 0.2582  d0.loss_cls: 0.0649  d0.loss_bbox: 0.0744  d0.loss_iou: 0.2702  d1.loss_cls: 0.0569  d1.loss_bbox: 0.0714  d1.loss_iou: 0.2646  d2.loss_cls: 0.0550  d2.loss_bbox: 0.0694  d2.loss_iou: 0.2613  d3.loss_cls: 0.0534  d3.loss_bbox: 0.0688  d3.loss_iou: 0.2594  d4.loss_cls: 0.0542  d4.loss_bbox: 0.0665  d4.loss_iou: 0.2581  enc_loss_cls: 0.0798  enc_loss_bbox: 0.0823  enc_loss_iou: 0.2826  dn_loss_cls: 0.0011  dn_loss_bbox: 0.0726  dn_loss_iou: 0.1833  d0.dn_loss_cls: 0.0126  d0.dn_loss_bbox: 0.1078  d0.dn_loss_iou: 0.2477  d1.dn_loss_cls: 0.0031  d1.dn_loss_bbox: 0.0786  d1.dn_loss_iou: 0.1952  d2.dn_loss_cls: 0.0019  d2.dn_loss_bbox: 0.0747  d2.dn_loss_iou: 0.1867  d3.dn_loss_cls: 0.0015  d3.dn_loss_bbox: 0.0730  d3.dn_loss_iou: 0.1841  d4.dn_loss_cls: 0.0012  d4.dn_loss_bbox: 0.0725  d4.dn_loss_iou: 0.1833  contr_loss: 0.7364
08/07 13:15:20 - mmengine - INFO - Epoch(train) [11][450/698]  base_lr: 1.0000e-04 lr: 1.0000e-04  eta: 4:30:43  time: 1.0728  data_time: 0.0093  memory: 9887  grad_norm: 53.4638  loss: 4.5705  loss_cls: 0.0336  loss_bbox: 0.0453  loss_iou: 0.1825  d0.loss_cls: 0.0410  d0.loss_bbox: 0.0492  d0.loss_iou: 0.1892  d1.loss_cls: 0.0356  d1.loss_bbox: 0.0467  d1.loss_iou: 0.1848  d2.loss_cls: 0.0355  d2.loss_bbox: 0.0453  d2.loss_iou: 0.1833  d3.loss_cls: 0.0338  d3.loss_bbox: 0.0454  d3.loss_iou: 0.1825  d4.loss_cls: 0.0340  d4.loss_bbox: 0.0453  d4.loss_iou: 0.1824  enc_loss_cls: 0.0557  enc_loss_bbox: 0.0577  enc_loss_iou: 0.2014  dn_loss_cls: 0.0023  dn_loss_bbox: 0.0637  dn_loss_iou: 0.1872  d0.dn_loss_cls: 0.0141  d0.dn_loss_bbox: 0.1038  d0.dn_loss_iou: 0.2602  d1.dn_loss_cls: 0.0038  d1.dn_loss_bbox: 0.0694  d1.dn_loss_iou: 0.1973  d2.dn_loss_cls: 0.0032  d2.dn_loss_bbox: 0.0652  d2.dn_loss_iou: 0.1893  d3.dn_loss_cls: 0.0024  d3.dn_loss_bbox: 0.0644  d3.dn_loss_iou: 0.1886  d4.dn_loss_cls: 0.0020  d4.dn_loss_bbox: 0.0637  d4.dn_loss_iou: 0.1881  contr_loss: 0.9915
08/07 13:16:15 - mmengine - INFO - Epoch(train) [11][500/698]  base_lr: 1.0000e-04 lr: 1.0000e-04  eta: 4:29:49  time: 1.0993  data_time: 0.0088  memory: 9919  grad_norm: 51.2385  loss: 7.3535  loss_cls: 0.0696  loss_bbox: 0.0798  loss_iou: 0.3138  d0.loss_cls: 0.0884  d0.loss_bbox: 0.0850  d0.loss_iou: 0.3257  d1.loss_cls: 0.0783  d1.loss_bbox: 0.0815  d1.loss_iou: 0.3196  d2.loss_cls: 0.0751  d2.loss_bbox: 0.0816  d2.loss_iou: 0.3153  d3.loss_cls: 0.0748  d3.loss_bbox: 0.0799  d3.loss_iou: 0.3132  d4.loss_cls: 0.0708  d4.loss_bbox: 0.0799  d4.loss_iou: 0.3139  enc_loss_cls: 0.1057  enc_loss_bbox: 0.0979  enc_loss_iou: 0.3537  dn_loss_cls: 0.0032  dn_loss_bbox: 0.0783  dn_loss_iou: 0.2050  d0.dn_loss_cls: 0.0177  d0.dn_loss_bbox: 0.1200  d0.dn_loss_iou: 0.2906  d1.dn_loss_cls: 0.0051  d1.dn_loss_bbox: 0.0858  d1.dn_loss_iou: 0.2213  d2.dn_loss_cls: 0.0041  d2.dn_loss_bbox: 0.0801  d2.dn_loss_iou: 0.2084  d3.dn_loss_cls: 0.0036  d3.dn_loss_bbox: 0.0789  d3.dn_loss_iou: 0.2060  d4.dn_loss_cls: 0.0034  d4.dn_loss_bbox: 0.0783  d4.dn_loss_iou: 0.2048  contr_loss: 2.0553
08/07 13:17:10 - mmengine - INFO - Epoch(train) [11][550/698]  base_lr: 1.0000e-04 lr: 1.0000e-04  eta: 4:28:55  time: 1.0894  data_time: 0.0086  memory: 9945  grad_norm: 46.9920  loss: 6.3637  loss_cls: 0.0663  loss_bbox: 0.0714  loss_iou: 0.3628  d0.loss_cls: 0.0760  d0.loss_bbox: 0.0769  d0.loss_iou: 0.3771  d1.loss_cls: 0.0687  d1.loss_bbox: 0.0736  d1.loss_iou: 0.3721  d2.loss_cls: 0.0689  d2.loss_bbox: 0.0712  d2.loss_iou: 0.3656  d3.loss_cls: 0.0680  d3.loss_bbox: 0.0711  d3.loss_iou: 0.3624  d4.loss_cls: 0.0653  d4.loss_bbox: 0.0715  d4.loss_iou: 0.3632  enc_loss_cls: 0.0890  enc_loss_bbox: 0.0843  enc_loss_iou: 0.3992  dn_loss_cls: 0.0021  dn_loss_bbox: 0.0605  dn_loss_iou: 0.1990  d0.dn_loss_cls: 0.0131  d0.dn_loss_bbox: 0.0928  d0.dn_loss_iou: 0.2707  d1.dn_loss_cls: 0.0038  d1.dn_loss_bbox: 0.0660  d1.dn_loss_iou: 0.2119  d2.dn_loss_cls: 0.0026  d2.dn_loss_bbox: 0.0610  d2.dn_loss_iou: 0.2013  d3.dn_loss_cls: 0.0021  d3.dn_loss_bbox: 0.0605  d3.dn_loss_iou: 0.1993  d4.dn_loss_cls: 0.0021  d4.dn_loss_bbox: 0.0604  d4.dn_loss_iou: 0.1989  contr_loss: 1.0310
08/07 13:18:03 - mmengine - INFO - Epoch(train) [11][600/698]  base_lr: 1.0000e-04 lr: 1.0000e-04  eta: 4:27:59  time: 1.0725  data_time: 0.0090  memory: 9973  grad_norm: 52.1849  loss: 5.4873  loss_cls: 0.0500  loss_bbox: 0.0625  loss_iou: 0.2262  d0.loss_cls: 0.0595  d0.loss_bbox: 0.0689  d0.loss_iou: 0.2394  d1.loss_cls: 0.0518  d1.loss_bbox: 0.0662  d1.loss_iou: 0.2346  d2.loss_cls: 0.0522  d2.loss_bbox: 0.0637  d2.loss_iou: 0.2288  d3.loss_cls: 0.0517  d3.loss_bbox: 0.0626  d3.loss_iou: 0.2269  d4.loss_cls: 0.0502  d4.loss_bbox: 0.0628  d4.loss_iou: 0.2266  enc_loss_cls: 0.0731  enc_loss_bbox: 0.0818  enc_loss_iou: 0.2600  dn_loss_cls: 0.0019  dn_loss_bbox: 0.0739  dn_loss_iou: 0.1817  d0.dn_loss_cls: 0.0173  d0.dn_loss_bbox: 0.1229  d0.dn_loss_iou: 0.2619  d1.dn_loss_cls: 0.0044  d1.dn_loss_bbox: 0.0804  d1.dn_loss_iou: 0.1943  d2.dn_loss_cls: 0.0030  d2.dn_loss_bbox: 0.0757  d2.dn_loss_iou: 0.1842  d3.dn_loss_cls: 0.0022  d3.dn_loss_bbox: 0.0739  d3.dn_loss_iou: 0.1822  d4.dn_loss_cls: 0.0019  d4.dn_loss_bbox: 0.0737  d4.dn_loss_iou: 0.1814  contr_loss: 1.2708
08/07 13:18:57 - mmengine - INFO - Epoch(train) [11][650/698]  base_lr: 1.0000e-04 lr: 1.0000e-04  eta: 4:27:04  time: 1.0851  data_time: 0.0092  memory: 9672  grad_norm: 54.2227  loss: 6.2730  loss_cls: 0.0905  loss_bbox: 0.0723  loss_iou: 0.2888  d0.loss_cls: 0.1104  d0.loss_bbox: 0.0778  d0.loss_iou: 0.2967  d1.loss_cls: 0.0913  d1.loss_bbox: 0.0740  d1.loss_iou: 0.2913  d2.loss_cls: 0.0916  d2.loss_bbox: 0.0733  d2.loss_iou: 0.2901  d3.loss_cls: 0.0920  d3.loss_bbox: 0.0721  d3.loss_iou: 0.2887  d4.loss_cls: 0.0903  d4.loss_bbox: 0.0723  d4.loss_iou: 0.2888  enc_loss_cls: 0.1092  enc_loss_bbox: 0.0892  enc_loss_iou: 0.3242  dn_loss_cls: 0.0024  dn_loss_bbox: 0.0759  dn_loss_iou: 0.1942  d0.dn_loss_cls: 0.0217  d0.dn_loss_bbox: 0.1206  d0.dn_loss_iou: 0.2723  d1.dn_loss_cls: 0.0051  d1.dn_loss_bbox: 0.0819  d1.dn_loss_iou: 0.2054  d2.dn_loss_cls: 0.0026  d2.dn_loss_bbox: 0.0769  d2.dn_loss_iou: 0.1966  d3.dn_loss_cls: 0.0025  d3.dn_loss_bbox: 0.0758  d3.dn_loss_iou: 0.1943  d4.dn_loss_cls: 0.0022  d4.dn_loss_bbox: 0.0759  d4.dn_loss_iou: 0.1941  contr_loss: 1.1977
08/07 13:19:49 - mmengine - INFO - Exp name: lae_dino_swin-t_finetune_DIOR_20260807_105315
08/07 13:19:49 - mmengine - INFO - Saving checkpoint at 11 epochs
08/07 13:20:00 - mmengine - INFO - Epoch(val) [11][ 50/147]    eta: 0:00:09  time: 0.1030  data_time: 0.0026  memory: 10060  
08/07 13:20:05 - mmengine - INFO - Epoch(val) [11][100/147]    eta: 0:00:04  time: 0.1018  data_time: 0.0021  memory: 3800  
08/07 13:20:13 - mmengine - INFO - Evaluating bbox...
Loading and preparing results...
DONE (t=0.62s)
creating index...
index created!
Running per image evaluation...
Evaluate annotation type *bbox*
DONE (t=7.74s).
Accumulating evaluation results...
DONE (t=3.20s).
 Average Precision  (AP) @[ IoU=0.50:0.95 | area=   all | maxDets=100 ] = 0.721
 Average Precision  (AP) @[ IoU=0.50      | area=   all | maxDets=1000 ] = 0.899
 Average Precision  (AP) @[ IoU=0.75      | area=   all | maxDets=1000 ] = 0.791
 Average Precision  (AP) @[ IoU=0.50:0.95 | area= small | maxDets=1000 ] = 0.275
 Average Precision  (AP) @[ IoU=0.50:0.95 | area=medium | maxDets=1000 ] = 0.629
 Average Precision  (AP) @[ IoU=0.50:0.95 | area= large | maxDets=1000 ] = 0.830
 Average Recall     (AR) @[ IoU=0.50:0.95 | area=   all | maxDets=100 ] = 0.831
 Average Recall     (AR) @[ IoU=0.50:0.95 | area=   all | maxDets=300 ] = 0.837
 Average Recall     (AR) @[ IoU=0.50:0.95 | area=   all | maxDets=1000 ] = 0.837
 Average Recall     (AR) @[ IoU=0.50:0.95 | area= small | maxDets=1000 ] = 0.431
 Average Recall     (AR) @[ IoU=0.50:0.95 | area=medium | maxDets=1000 ] = 0.762
 Average Recall     (AR) @[ IoU=0.50:0.95 | area= large | maxDets=1000 ] = 0.918
08/07 13:20:26 - mmengine - INFO - bbox_mAP_copypaste: 0.721 0.899 0.791 0.275 0.629 0.830
================DIOR/coco================
08/07 13:20:26 - mmengine - INFO - Epoch(val) [11][147/147]    DIOR/coco/bbox_mAP: 0.7210  DIOR/coco/bbox_mAP_50: 0.8990  DIOR/coco/bbox_mAP_75: 0.7910  DIOR/coco/bbox_mAP_s: 0.2750  DIOR/coco/bbox_mAP_m: 0.6290  DIOR/coco/bbox_mAP_l: 0.8300  data_time: 0.0022  time: 0.1012
08/07 13:21:20 - mmengine - INFO - Epoch(train) [12][ 50/698]  base_lr: 1.0000e-05 lr: 1.0000e-05  eta: 4:25:16  time: 1.0914  data_time: 0.0138  memory: 9956  grad_norm: 41.5260  loss: 5.2965  loss_cls: 0.0572  loss_bbox: 0.0601  loss_iou: 0.2540  d0.loss_cls: 0.0663  d0.loss_bbox: 0.0659  d0.loss_iou: 0.2664  d1.loss_cls: 0.0600  d1.loss_bbox: 0.0639  d1.loss_iou: 0.2607  d2.loss_cls: 0.0627  d2.loss_bbox: 0.0618  d2.loss_iou: 0.2576  d3.loss_cls: 0.0585  d3.loss_bbox: 0.0620  d3.loss_iou: 0.2566  d4.loss_cls: 0.0557  d4.loss_bbox: 0.0608  d4.loss_iou: 0.2549  enc_loss_cls: 0.0793  enc_loss_bbox: 0.0714  enc_loss_iou: 0.2819  dn_loss_cls: 0.0035  dn_loss_bbox: 0.0728  dn_loss_iou: 0.2000  d0.dn_loss_cls: 0.0219  d0.dn_loss_bbox: 0.1111  d0.dn_loss_iou: 0.2738  d1.dn_loss_cls: 0.0062  d1.dn_loss_bbox: 0.0809  d1.dn_loss_iou: 0.2145  d2.dn_loss_cls: 0.0043  d2.dn_loss_bbox: 0.0753  d2.dn_loss_iou: 0.2029  d3.dn_loss_cls: 0.0043  d3.dn_loss_bbox: 0.0737  d3.dn_loss_iou: 0.2007  d4.dn_loss_cls: 0.0033  d4.dn_loss_bbox: 0.0729  d4.dn_loss_iou: 0.2005  contr_loss: 0.7562
08/07 13:22:15 - mmengine - INFO - Epoch(train) [12][100/698]  base_lr: 1.0000e-05 lr: 1.0000e-05  eta: 4:24:21  time: 1.0856  data_time: 0.0092  memory: 10035  grad_norm: 44.7402  loss: 6.2434  loss_cls: 0.0777  loss_bbox: 0.0620  loss_iou: 0.3189  d0.loss_cls: 0.0884  d0.loss_bbox: 0.0677  d0.loss_iou: 0.3326  d1.loss_cls: 0.0836  d1.loss_bbox: 0.0639  d1.loss_iou: 0.3234  d2.loss_cls: 0.0832  d2.loss_bbox: 0.0610  d2.loss_iou: 0.3191  d3.loss_cls: 0.0804  d3.loss_bbox: 0.0624  d3.loss_iou: 0.3200  d4.loss_cls: 0.0793  d4.loss_bbox: 0.0619  d4.loss_iou: 0.3182  enc_loss_cls: 0.1008  enc_loss_bbox: 0.0781  enc_loss_iou: 0.3473  dn_loss_cls: 0.0028  dn_loss_bbox: 0.0578  dn_loss_iou: 0.1846  d0.dn_loss_cls: 0.0178  d0.dn_loss_bbox: 0.0967  d0.dn_loss_iou: 0.2575  d1.dn_loss_cls: 0.0053  d1.dn_loss_bbox: 0.0645  d1.dn_loss_iou: 0.2004  d2.dn_loss_cls: 0.0035  d2.dn_loss_bbox: 0.0594  d2.dn_loss_iou: 0.1882  d3.dn_loss_cls: 0.0031  d3.dn_loss_bbox: 0.0585  d3.dn_loss_iou: 0.1854  d4.dn_loss_cls: 0.0029  d4.dn_loss_bbox: 0.0578  d4.dn_loss_iou: 0.1844  contr_loss: 1.2830
08/07 13:23:09 - mmengine - INFO - Epoch(train) [12][150/698]  base_lr: 1.0000e-05 lr: 1.0000e-05  eta: 4:23:26  time: 1.0871  data_time: 0.0090  memory: 9880  grad_norm: 46.8632  loss: 5.4780  loss_cls: 0.0552  loss_bbox: 0.0647  loss_iou: 0.2748  d0.loss_cls: 0.0686  d0.loss_bbox: 0.0709  d0.loss_iou: 0.2890  d1.loss_cls: 0.0621  d1.loss_bbox: 0.0679  d1.loss_iou: 0.2823  d2.loss_cls: 0.0570  d2.loss_bbox: 0.0654  d2.loss_iou: 0.2767  d3.loss_cls: 0.0558  d3.loss_bbox: 0.0652  d3.loss_iou: 0.2747  d4.loss_cls: 0.0561  d4.loss_bbox: 0.0647  d4.loss_iou: 0.2749  enc_loss_cls: 0.0862  enc_loss_bbox: 0.0772  enc_loss_iou: 0.3006  dn_loss_cls: 0.0027  dn_loss_bbox: 0.0670  dn_loss_iou: 0.1759  d0.dn_loss_cls: 0.0204  d0.dn_loss_bbox: 0.1006  d0.dn_loss_iou: 0.2375  d1.dn_loss_cls: 0.0041  d1.dn_loss_bbox: 0.0725  d1.dn_loss_iou: 0.1889  d2.dn_loss_cls: 0.0034  d2.dn_loss_bbox: 0.0684  d2.dn_loss_iou: 0.1791  d3.dn_loss_cls: 0.0031  d3.dn_loss_bbox: 0.0678  d3.dn_loss_iou: 0.1768  d4.dn_loss_cls: 0.0028  d4.dn_loss_bbox: 0.0668  d4.dn_loss_iou: 0.1758  contr_loss: 0.9745
08/07 13:24:03 - mmengine - INFO - Epoch(train) [12][200/698]  base_lr: 1.0000e-05 lr: 1.0000e-05  eta: 4:22:31  time: 1.0802  data_time: 0.0095  memory: 10276  grad_norm: 42.7836  loss: 5.2999  loss_cls: 0.0489  loss_bbox: 0.0493  loss_iou: 0.2209  d0.loss_cls: 0.0613  d0.loss_bbox: 0.0544  d0.loss_iou: 0.2269  d1.loss_cls: 0.0557  d1.loss_bbox: 0.0509  d1.loss_iou: 0.2233  d2.loss_cls: 0.0520  d2.loss_bbox: 0.0497  d2.loss_iou: 0.2201  d3.loss_cls: 0.0498  d3.loss_bbox: 0.0495  d3.loss_iou: 0.2208  d4.loss_cls: 0.0492  d4.loss_bbox: 0.0494  d4.loss_iou: 0.2212  enc_loss_cls: 0.0751  enc_loss_bbox: 0.0616  enc_loss_iou: 0.2415  dn_loss_cls: 0.0037  dn_loss_bbox: 0.0692  dn_loss_iou: 0.1970  d0.dn_loss_cls: 0.0181  d0.dn_loss_bbox: 0.1013  d0.dn_loss_iou: 0.2657  d1.dn_loss_cls: 0.0064  d1.dn_loss_bbox: 0.0737  d1.dn_loss_iou: 0.2110  d2.dn_loss_cls: 0.0058  d2.dn_loss_bbox: 0.0702  d2.dn_loss_iou: 0.2000  d3.dn_loss_cls: 0.0043  d3.dn_loss_bbox: 0.0697  d3.dn_loss_iou: 0.1982  d4.dn_loss_cls: 0.0037  d4.dn_loss_bbox: 0.0693  d4.dn_loss_iou: 0.1971  contr_loss: 1.2040
08/07 13:24:57 - mmengine - INFO - Epoch(train) [12][250/698]  base_lr: 1.0000e-05 lr: 1.0000e-05  eta: 4:21:35  time: 1.0757  data_time: 0.0086  memory: 10097  grad_norm: 45.1675  loss: 5.6675  loss_cls: 0.0684  loss_bbox: 0.0600  loss_iou: 0.2917  d0.loss_cls: 0.0804  d0.loss_bbox: 0.0648  d0.loss_iou: 0.3027  d1.loss_cls: 0.0760  d1.loss_bbox: 0.0612  d1.loss_iou: 0.2961  d2.loss_cls: 0.0689  d2.loss_bbox: 0.0607  d2.loss_iou: 0.2950  d3.loss_cls: 0.0711  d3.loss_bbox: 0.0600  d3.loss_iou: 0.2916  d4.loss_cls: 0.0684  d4.loss_bbox: 0.0600  d4.loss_iou: 0.2915  enc_loss_cls: 0.0916  enc_loss_bbox: 0.0692  enc_loss_iou: 0.3172  dn_loss_cls: 0.0057  dn_loss_bbox: 0.0621  dn_loss_iou: 0.1887  d0.dn_loss_cls: 0.0183  d0.dn_loss_bbox: 0.0918  d0.dn_loss_iou: 0.2489  d1.dn_loss_cls: 0.0073  d1.dn_loss_bbox: 0.0668  d1.dn_loss_iou: 0.1998  d2.dn_loss_cls: 0.0062  d2.dn_loss_bbox: 0.0635  d2.dn_loss_iou: 0.1920  d3.dn_loss_cls: 0.0055  d3.dn_loss_bbox: 0.0623  d3.dn_loss_iou: 0.1898  d4.dn_loss_cls: 0.0056  d4.dn_loss_bbox: 0.0621  d4.dn_loss_iou: 0.1887  contr_loss: 0.9559
08/07 13:25:52 - mmengine - INFO - Epoch(train) [12][300/698]  base_lr: 1.0000e-05 lr: 1.0000e-05  eta: 4:20:42  time: 1.0970  data_time: 0.0090  memory: 9893  grad_norm: 41.9970  loss: 5.1071  loss_cls: 0.0509  loss_bbox: 0.0677  loss_iou: 0.2766  d0.loss_cls: 0.0616  d0.loss_bbox: 0.0708  d0.loss_iou: 0.2811  d1.loss_cls: 0.0580  d1.loss_bbox: 0.0683  d1.loss_iou: 0.2789  d2.loss_cls: 0.0556  d2.loss_bbox: 0.0664  d2.loss_iou: 0.2763  d3.loss_cls: 0.0527  d3.loss_bbox: 0.0671  d3.loss_iou: 0.2766  d4.loss_cls: 0.0504  d4.loss_bbox: 0.0677  d4.loss_iou: 0.2765  enc_loss_cls: 0.0748  enc_loss_bbox: 0.0788  enc_loss_iou: 0.2957  dn_loss_cls: 0.0014  dn_loss_bbox: 0.0805  dn_loss_iou: 0.1827  d0.dn_loss_cls: 0.0154  d0.dn_loss_bbox: 0.1142  d0.dn_loss_iou: 0.2421  d1.dn_loss_cls: 0.0033  d1.dn_loss_bbox: 0.0869  d1.dn_loss_iou: 0.1946  d2.dn_loss_cls: 0.0020  d2.dn_loss_bbox: 0.0826  d2.dn_loss_iou: 0.1864  d3.dn_loss_cls: 0.0014  d3.dn_loss_bbox: 0.0806  d3.dn_loss_iou: 0.1836  d4.dn_loss_cls: 0.0014  d4.dn_loss_bbox: 0.0805  d4.dn_loss_iou: 0.1827  contr_loss: 0.5322
08/07 13:26:15 - mmengine - INFO - Exp name: lae_dino_swin-t_finetune_DIOR_20260807_105315
08/07 13:26:46 - mmengine - INFO - Epoch(train) [12][350/698]  base_lr: 1.0000e-05 lr: 1.0000e-05  eta: 4:19:46  time: 1.0814  data_time: 0.0091  memory: 9843  grad_norm: 43.7620  loss: 6.3518  loss_cls: 0.0789  loss_bbox: 0.0649  loss_iou: 0.3259  d0.loss_cls: 0.0984  d0.loss_bbox: 0.0688  d0.loss_iou: 0.3353  d1.loss_cls: 0.0884  d1.loss_bbox: 0.0657  d1.loss_iou: 0.3312  d2.loss_cls: 0.0864  d2.loss_bbox: 0.0643  d2.loss_iou: 0.3263  d3.loss_cls: 0.0822  d3.loss_bbox: 0.0649  d3.loss_iou: 0.3263  d4.loss_cls: 0.0792  d4.loss_bbox: 0.0649  d4.loss_iou: 0.3258  enc_loss_cls: 0.1054  enc_loss_bbox: 0.0797  enc_loss_iou: 0.3552  dn_loss_cls: 0.0039  dn_loss_bbox: 0.0568  dn_loss_iou: 0.1878  d0.dn_loss_cls: 0.0185  d0.dn_loss_bbox: 0.0833  d0.dn_loss_iou: 0.2517  d1.dn_loss_cls: 0.0071  d1.dn_loss_bbox: 0.0615  d1.dn_loss_iou: 0.2008  d2.dn_loss_cls: 0.0051  d2.dn_loss_bbox: 0.0576  d2.dn_loss_iou: 0.1906  d3.dn_loss_cls: 0.0043  d3.dn_loss_bbox: 0.0572  d3.dn_loss_iou: 0.1885  d4.dn_loss_cls: 0.0040  d4.dn_loss_bbox: 0.0569  d4.dn_loss_iou: 0.1878  contr_loss: 1.3103
08/07 13:27:40 - mmengine - INFO - Epoch(train) [12][400/698]  base_lr: 1.0000e-05 lr: 1.0000e-05  eta: 4:18:52  time: 1.0937  data_time: 0.0086  memory: 10730  grad_norm: 40.4916  loss: 5.6920  loss_cls: 0.0591  loss_bbox: 0.0646  loss_iou: 0.2979  d0.loss_cls: 0.0756  d0.loss_bbox: 0.0699  d0.loss_iou: 0.3057  d1.loss_cls: 0.0669  d1.loss_bbox: 0.0674  d1.loss_iou: 0.3023  d2.loss_cls: 0.0642  d2.loss_bbox: 0.0646  d2.loss_iou: 0.2985  d3.loss_cls: 0.0613  d3.loss_bbox: 0.0643  d3.loss_iou: 0.2980  d4.loss_cls: 0.0612  d4.loss_bbox: 0.0644  d4.loss_iou: 0.2978  enc_loss_cls: 0.0803  enc_loss_bbox: 0.0777  enc_loss_iou: 0.3216  dn_loss_cls: 0.0027  dn_loss_bbox: 0.0653  dn_loss_iou: 0.1895  d0.dn_loss_cls: 0.0150  d0.dn_loss_bbox: 0.0944  d0.dn_loss_iou: 0.2478  d1.dn_loss_cls: 0.0047  d1.dn_loss_bbox: 0.0695  d1.dn_loss_iou: 0.2002  d2.dn_loss_cls: 0.0036  d2.dn_loss_bbox: 0.0664  d2.dn_loss_iou: 0.1923  d3.dn_loss_cls: 0.0029  d3.dn_loss_bbox: 0.0653  d3.dn_loss_iou: 0.1899  d4.dn_loss_cls: 0.0030  d4.dn_loss_bbox: 0.0653  d4.dn_loss_iou: 0.1895  contr_loss: 0.9612
08/07 13:28:35 - mmengine - INFO - Epoch(train) [12][450/698]  base_lr: 1.0000e-05 lr: 1.0000e-05  eta: 4:17:59  time: 1.0989  data_time: 0.0097  memory: 9902  grad_norm: 38.4921  loss: 5.6849  loss_cls: 0.0459  loss_bbox: 0.0633  loss_iou: 0.2562  d0.loss_cls: 0.0557  d0.loss_bbox: 0.0665  d0.loss_iou: 0.2589  d1.loss_cls: 0.0488  d1.loss_bbox: 0.0635  d1.loss_iou: 0.2580  d2.loss_cls: 0.0490  d2.loss_bbox: 0.0632  d2.loss_iou: 0.2547  d3.loss_cls: 0.0481  d3.loss_bbox: 0.0628  d3.loss_iou: 0.2560  d4.loss_cls: 0.0467  d4.loss_bbox: 0.0632  d4.loss_iou: 0.2560  enc_loss_cls: 0.0681  enc_loss_bbox: 0.0734  enc_loss_iou: 0.2731  dn_loss_cls: 0.0011  dn_loss_bbox: 0.0632  dn_loss_iou: 0.1890  d0.dn_loss_cls: 0.0143  d0.dn_loss_bbox: 0.0911  d0.dn_loss_iou: 0.2496  d1.dn_loss_cls: 0.0030  d1.dn_loss_bbox: 0.0676  d1.dn_loss_iou: 0.1981  d2.dn_loss_cls: 0.0019  d2.dn_loss_bbox: 0.0636  d2.dn_loss_iou: 0.1909  d3.dn_loss_cls: 0.0014  d3.dn_loss_bbox: 0.0633  d3.dn_loss_iou: 0.1895  d4.dn_loss_cls: 0.0012  d4.dn_loss_bbox: 0.0632  d4.dn_loss_iou: 0.1892  contr_loss: 1.4128
08/07 13:29:30 - mmengine - INFO - Epoch(train) [12][500/698]  base_lr: 1.0000e-05 lr: 1.0000e-05  eta: 4:17:04  time: 1.0885  data_time: 0.0089  memory: 9819  grad_norm: 35.8150  loss: 5.5093  loss_cls: 0.0466  loss_bbox: 0.0657  loss_iou: 0.3060  d0.loss_cls: 0.0556  d0.loss_bbox: 0.0734  d0.loss_iou: 0.3156  d1.loss_cls: 0.0512  d1.loss_bbox: 0.0692  d1.loss_iou: 0.3098  d2.loss_cls: 0.0509  d2.loss_bbox: 0.0667  d2.loss_iou: 0.3072  d3.loss_cls: 0.0476  d3.loss_bbox: 0.0662  d3.loss_iou: 0.3062  d4.loss_cls: 0.0461  d4.loss_bbox: 0.0657  d4.loss_iou: 0.3057  enc_loss_cls: 0.0698  enc_loss_bbox: 0.0816  enc_loss_iou: 0.3288  dn_loss_cls: 0.0013  dn_loss_bbox: 0.0570  dn_loss_iou: 0.1796  d0.dn_loss_cls: 0.0122  d0.dn_loss_bbox: 0.0874  d0.dn_loss_iou: 0.2420  d1.dn_loss_cls: 0.0027  d1.dn_loss_bbox: 0.0621  d1.dn_loss_iou: 0.1909  d2.dn_loss_cls: 0.0018  d2.dn_loss_bbox: 0.0585  d2.dn_loss_iou: 0.1820  d3.dn_loss_cls: 0.0015  d3.dn_loss_bbox: 0.0575  d3.dn_loss_iou: 0.1802  d4.dn_loss_cls: 0.0013  d4.dn_loss_bbox: 0.0569  d4.dn_loss_iou: 0.1796  contr_loss: 0.9194
08/07 13:30:24 - mmengine - INFO - Epoch(train) [12][550/698]  base_lr: 1.0000e-05 lr: 1.0000e-05  eta: 4:16:09  time: 1.0830  data_time: 0.0097  memory: 9834  grad_norm: 36.8361  loss: 5.2584  loss_cls: 0.0446  loss_bbox: 0.0660  loss_iou: 0.2257  d0.loss_cls: 0.0560  d0.loss_bbox: 0.0709  d0.loss_iou: 0.2347  d1.loss_cls: 0.0499  d1.loss_bbox: 0.0681  d1.loss_iou: 0.2299  d2.loss_cls: 0.0487  d2.loss_bbox: 0.0665  d2.loss_iou: 0.2269  d3.loss_cls: 0.0456  d3.loss_bbox: 0.0665  d3.loss_iou: 0.2267  d4.loss_cls: 0.0453  d4.loss_bbox: 0.0660  d4.loss_iou: 0.2257  enc_loss_cls: 0.0678  enc_loss_bbox: 0.0794  enc_loss_iou: 0.2505  dn_loss_cls: 0.0008  dn_loss_bbox: 0.0794  dn_loss_iou: 0.1680  d0.dn_loss_cls: 0.0119  d0.dn_loss_bbox: 0.1122  d0.dn_loss_iou: 0.2220  d1.dn_loss_cls: 0.0020  d1.dn_loss_bbox: 0.0826  d1.dn_loss_iou: 0.1764  d2.dn_loss_cls: 0.0012  d2.dn_loss_bbox: 0.0793  d2.dn_loss_iou: 0.1699  d3.dn_loss_cls: 0.0010  d3.dn_loss_bbox: 0.0796  d3.dn_loss_iou: 0.1685  d4.dn_loss_cls: 0.0008  d4.dn_loss_bbox: 0.0794  d4.dn_loss_iou: 0.1680  contr_loss: 1.1939
08/07 13:31:18 - mmengine - INFO - Epoch(train) [12][600/698]  base_lr: 1.0000e-05 lr: 1.0000e-05  eta: 4:15:14  time: 1.0796  data_time: 0.0087  memory: 10668  grad_norm: 40.9867  loss: 6.1127  loss_cls: 0.0533  loss_bbox: 0.0612  loss_iou: 0.2764  d0.loss_cls: 0.0640  d0.loss_bbox: 0.0648  d0.loss_iou: 0.2806  d1.loss_cls: 0.0599  d1.loss_bbox: 0.0623  d1.loss_iou: 0.2782  d2.loss_cls: 0.0578  d2.loss_bbox: 0.0620  d2.loss_iou: 0.2771  d3.loss_cls: 0.0573  d3.loss_bbox: 0.0608  d3.loss_iou: 0.2756  d4.loss_cls: 0.0545  d4.loss_bbox: 0.0605  d4.loss_iou: 0.2758  enc_loss_cls: 0.0782  enc_loss_bbox: 0.0716  enc_loss_iou: 0.2920  dn_loss_cls: 0.0014  dn_loss_bbox: 0.0666  dn_loss_iou: 0.1907  d0.dn_loss_cls: 0.0140  d0.dn_loss_bbox: 0.0979  d0.dn_loss_iou: 0.2578  d1.dn_loss_cls: 0.0032  d1.dn_loss_bbox: 0.0706  d1.dn_loss_iou: 0.2016  d2.dn_loss_cls: 0.0022  d2.dn_loss_bbox: 0.0678  d2.dn_loss_iou: 0.1940  d3.dn_loss_cls: 0.0017  d3.dn_loss_bbox: 0.0671  d3.dn_loss_iou: 0.1919  d4.dn_loss_cls: 0.0015  d4.dn_loss_bbox: 0.0667  d4.dn_loss_iou: 0.1907  contr_loss: 1.6013
08/07 13:32:13 - mmengine - INFO - Epoch(train) [12][650/698]  base_lr: 1.0000e-05 lr: 1.0000e-05  eta: 4:14:20  time: 1.0963  data_time: 0.0089  memory: 10401  grad_norm: 39.0701  loss: 5.2759  loss_cls: 0.0713  loss_bbox: 0.0617  loss_iou: 0.2832  d0.loss_cls: 0.0841  d0.loss_bbox: 0.0664  d0.loss_iou: 0.2873  d1.loss_cls: 0.0755  d1.loss_bbox: 0.0654  d1.loss_iou: 0.2859  d2.loss_cls: 0.0727  d2.loss_bbox: 0.0624  d2.loss_iou: 0.2839  d3.loss_cls: 0.0711  d3.loss_bbox: 0.0623  d3.loss_iou: 0.2838  d4.loss_cls: 0.0725  d4.loss_bbox: 0.0617  d4.loss_iou: 0.2832  enc_loss_cls: 0.0968  enc_loss_bbox: 0.0738  enc_loss_iou: 0.2997  dn_loss_cls: 0.0022  dn_loss_bbox: 0.0595  dn_loss_iou: 0.1892  d0.dn_loss_cls: 0.0167  d0.dn_loss_bbox: 0.0862  d0.dn_loss_iou: 0.2491  d1.dn_loss_cls: 0.0039  d1.dn_loss_bbox: 0.0650  d1.dn_loss_iou: 0.2020  d2.dn_loss_cls: 0.0030  d2.dn_loss_bbox: 0.0609  d2.dn_loss_iou: 0.1920  d3.dn_loss_cls: 0.0024  d3.dn_loss_bbox: 0.0601  d3.dn_loss_iou: 0.1903  d4.dn_loss_cls: 0.0022  d4.dn_loss_bbox: 0.0596  d4.dn_loss_iou: 0.1893  contr_loss: 0.6377
08/07 13:33:05 - mmengine - INFO - Exp name: lae_dino_swin-t_finetune_DIOR_20260807_105315
08/07 13:33:05 - mmengine - INFO - Saving checkpoint at 12 epochs
08/07 13:33:17 - mmengine - INFO - Epoch(val) [12][ 50/147]    eta: 0:00:09  time: 0.1016  data_time: 0.0024  memory: 9809  
08/07 13:33:22 - mmengine - INFO - Epoch(val) [12][100/147]    eta: 0:00:04  time: 0.1012  data_time: 0.0020  memory: 3800  
08/07 13:33:29 - mmengine - INFO - Evaluating bbox...
Loading and preparing results...
DONE (t=0.59s)
creating index...
index created!
Running per image evaluation...
Evaluate annotation type *bbox*
DONE (t=8.20s).
Accumulating evaluation results...
DONE (t=3.18s).
 Average Precision  (AP) @[ IoU=0.50:0.95 | area=   all | maxDets=100 ] = 0.733
 Average Precision  (AP) @[ IoU=0.50      | area=   all | maxDets=1000 ] = 0.912
 Average Precision  (AP) @[ IoU=0.75      | area=   all | maxDets=1000 ] = 0.802
 Average Precision  (AP) @[ IoU=0.50:0.95 | area= small | maxDets=1000 ] = 0.295
 Average Precision  (AP) @[ IoU=0.50:0.95 | area=medium | maxDets=1000 ] = 0.618
 Average Precision  (AP) @[ IoU=0.50:0.95 | area= large | maxDets=1000 ] = 0.843
 Average Recall     (AR) @[ IoU=0.50:0.95 | area=   all | maxDets=100 ] = 0.834
 Average Recall     (AR) @[ IoU=0.50:0.95 | area=   all | maxDets=300 ] = 0.839
 Average Recall     (AR) @[ IoU=0.50:0.95 | area=   all | maxDets=1000 ] = 0.839
 Average Recall     (AR) @[ IoU=0.50:0.95 | area= small | maxDets=1000 ] = 0.423
 Average Recall     (AR) @[ IoU=0.50:0.95 | area=medium | maxDets=1000 ] = 0.765
 Average Recall     (AR) @[ IoU=0.50:0.95 | area= large | maxDets=1000 ] = 0.921
08/07 13:33:42 - mmengine - INFO - bbox_mAP_copypaste: 0.733 0.912 0.802 0.295 0.618 0.843
================DIOR/coco================
08/07 13:33:42 - mmengine - INFO - Epoch(val) [12][147/147]    DIOR/coco/bbox_mAP: 0.7330  DIOR/coco/bbox_mAP_50: 0.9120  DIOR/coco/bbox_mAP_75: 0.8020  DIOR/coco/bbox_mAP_s: 0.2950  DIOR/coco/bbox_mAP_m: 0.6180  DIOR/coco/bbox_mAP_l: 0.8430  data_time: 0.0021  time: 0.1011
08/07 13:34:37 - mmengine - INFO - Epoch(train) [13][ 50/698]  base_lr: 1.0000e-05 lr: 1.0000e-05  eta: 4:12:33  time: 1.0902  data_time: 0.0135  memory: 9634  grad_norm: 39.6375  loss: 5.5489  loss_cls: 0.0738  loss_bbox: 0.0528  loss_iou: 0.2461  d0.loss_cls: 0.1030  d0.loss_bbox: 0.0575  d0.loss_iou: 0.2563  d1.loss_cls: 0.0977  d1.loss_bbox: 0.0539  d1.loss_iou: 0.2497  d2.loss_cls: 0.0922  d2.loss_bbox: 0.0517  d2.loss_iou: 0.2465  d3.loss_cls: 0.0895  d3.loss_bbox: 0.0533  d3.loss_iou: 0.2483  d4.loss_cls: 0.0740  d4.loss_bbox: 0.0526  d4.loss_iou: 0.2459  enc_loss_cls: 0.1093  enc_loss_bbox: 0.0667  enc_loss_iou: 0.2726  dn_loss_cls: 0.0020  dn_loss_bbox: 0.0590  dn_loss_iou: 0.1757  d0.dn_loss_cls: 0.0160  d0.dn_loss_bbox: 0.0902  d0.dn_loss_iou: 0.2346  d1.dn_loss_cls: 0.0046  d1.dn_loss_bbox: 0.0643  d1.dn_loss_iou: 0.1873  d2.dn_loss_cls: 0.0031  d2.dn_loss_bbox: 0.0612  d2.dn_loss_iou: 0.1783  d3.dn_loss_cls: 0.0026  d3.dn_loss_bbox: 0.0594  d3.dn_loss_iou: 0.1761  d4.dn_loss_cls: 0.0020  d4.dn_loss_bbox: 0.0590  d4.dn_loss_iou: 0.1755  contr_loss: 1.2047
08/07 13:35:32 - mmengine - INFO - Epoch(train) [13][100/698]  base_lr: 1.0000e-05 lr: 1.0000e-05  eta: 4:11:40  time: 1.1078  data_time: 0.0090  memory: 10029  grad_norm: 36.5228  loss: 5.2572  loss_cls: 0.0346  loss_bbox: 0.0589  loss_iou: 0.2154  d0.loss_cls: 0.0429  d0.loss_bbox: 0.0624  d0.loss_iou: 0.2184  d1.loss_cls: 0.0399  d1.loss_bbox: 0.0604  d1.loss_iou: 0.2180  d2.loss_cls: 0.0375  d2.loss_bbox: 0.0594  d2.loss_iou: 0.2151  d3.loss_cls: 0.0364  d3.loss_bbox: 0.0590  d3.loss_iou: 0.2161  d4.loss_cls: 0.0362  d4.loss_bbox: 0.0589  d4.loss_iou: 0.2153  enc_loss_cls: 0.0582  enc_loss_bbox: 0.0694  enc_loss_iou: 0.2304  dn_loss_cls: 0.0012  dn_loss_bbox: 0.0724  dn_loss_iou: 0.1918  d0.dn_loss_cls: 0.0136  d0.dn_loss_bbox: 0.1072  d0.dn_loss_iou: 0.2559  d1.dn_loss_cls: 0.0025  d1.dn_loss_bbox: 0.0777  d1.dn_loss_iou: 0.2029  d2.dn_loss_cls: 0.0017  d2.dn_loss_bbox: 0.0738  d2.dn_loss_iou: 0.1939  d3.dn_loss_cls: 0.0016  d3.dn_loss_bbox: 0.0730  d3.dn_loss_iou: 0.1930  d4.dn_loss_cls: 0.0013  d4.dn_loss_bbox: 0.0725  d4.dn_loss_iou: 0.1918  contr_loss: 1.2868
08/07 13:36:26 - mmengine - INFO - Epoch(train) [13][150/698]  base_lr: 1.0000e-05 lr: 1.0000e-05  eta: 4:10:45  time: 1.0849  data_time: 0.0092  memory: 9960  grad_norm: 35.7456  loss: 4.9194  loss_cls: 0.0454  loss_bbox: 0.0628  loss_iou: 0.2474  d0.loss_cls: 0.0570  d0.loss_bbox: 0.0666  d0.loss_iou: 0.2576  d1.loss_cls: 0.0554  d1.loss_bbox: 0.0621  d1.loss_iou: 0.2523  d2.loss_cls: 0.0498  d2.loss_bbox: 0.0631  d2.loss_iou: 0.2483  d3.loss_cls: 0.0469  d3.loss_bbox: 0.0632  d3.loss_iou: 0.2478  d4.loss_cls: 0.0450  d4.loss_bbox: 0.0628  d4.loss_iou: 0.2474  enc_loss_cls: 0.0713  enc_loss_bbox: 0.0748  enc_loss_iou: 0.2710  dn_loss_cls: 0.0032  dn_loss_bbox: 0.0703  dn_loss_iou: 0.2031  d0.dn_loss_cls: 0.0180  d0.dn_loss_bbox: 0.1067  d0.dn_loss_iou: 0.2770  d1.dn_loss_cls: 0.0047  d1.dn_loss_bbox: 0.0769  d1.dn_loss_iou: 0.2188  d2.dn_loss_cls: 0.0032  d2.dn_loss_bbox: 0.0719  d2.dn_loss_iou: 0.2070  d3.dn_loss_cls: 0.0031  d3.dn_loss_bbox: 0.0708  d3.dn_loss_iou: 0.2042  d4.dn_loss_cls: 0.0029  d4.dn_loss_bbox: 0.0704  d4.dn_loss_iou: 0.2032  contr_loss: 0.5059
08/07 13:37:20 - mmengine - INFO - Epoch(train) [13][200/698]  base_lr: 1.0000e-05 lr: 1.0000e-05  eta: 4:09:50  time: 1.0803  data_time: 0.0089  memory: 9788  grad_norm: 34.6312  loss: 5.4856  loss_cls: 0.0629  loss_bbox: 0.0568  loss_iou: 0.2741  d0.loss_cls: 0.0766  d0.loss_bbox: 0.0612  d0.loss_iou: 0.2816  d1.loss_cls: 0.0715  d1.loss_bbox: 0.0588  d1.loss_iou: 0.2777  d2.loss_cls: 0.0703  d2.loss_bbox: 0.0569  d2.loss_iou: 0.2757  d3.loss_cls: 0.0653  d3.loss_bbox: 0.0566  d3.loss_iou: 0.2745  d4.loss_cls: 0.0635  d4.loss_bbox: 0.0569  d4.loss_iou: 0.2744  enc_loss_cls: 0.0806  enc_loss_bbox: 0.0677  enc_loss_iou: 0.2957  dn_loss_cls: 0.0059  dn_loss_bbox: 0.0550  dn_loss_iou: 0.1803  d0.dn_loss_cls: 0.0235  d0.dn_loss_bbox: 0.0800  d0.dn_loss_iou: 0.2362  d1.dn_loss_cls: 0.0095  d1.dn_loss_bbox: 0.0589  d1.dn_loss_iou: 0.1908  d2.dn_loss_cls: 0.0077  d2.dn_loss_bbox: 0.0561  d2.dn_loss_iou: 0.1823  d3.dn_loss_cls: 0.0054  d3.dn_loss_bbox: 0.0553  d3.dn_loss_iou: 0.1806  d4.dn_loss_cls: 0.0053  d4.dn_loss_bbox: 0.0550  d4.dn_loss_iou: 0.1803  contr_loss: 1.0581
08/07 13:38:14 - mmengine - INFO - Epoch(train) [13][250/698]  base_lr: 1.0000e-05 lr: 1.0000e-05  eta: 4:08:54  time: 1.0781  data_time: 0.0087  memory: 9949  grad_norm: 37.9429  loss: 5.9485  loss_cls: 0.0627  loss_bbox: 0.0635  loss_iou: 0.3054  d0.loss_cls: 0.0728  d0.loss_bbox: 0.0703  d0.loss_iou: 0.3173  d1.loss_cls: 0.0707  d1.loss_bbox: 0.0654  d1.loss_iou: 0.3099  d2.loss_cls: 0.0644  d2.loss_bbox: 0.0645  d2.loss_iou: 0.3081  d3.loss_cls: 0.0628  d3.loss_bbox: 0.0644  d3.loss_iou: 0.3068  d4.loss_cls: 0.0634  d4.loss_bbox: 0.0635  d4.loss_iou: 0.3054  enc_loss_cls: 0.0921  enc_loss_bbox: 0.0760  enc_loss_iou: 0.3327  dn_loss_cls: 0.0037  dn_loss_bbox: 0.0693  dn_loss_iou: 0.2120  d0.dn_loss_cls: 0.0197  d0.dn_loss_bbox: 0.1020  d0.dn_loss_iou: 0.2843  d1.dn_loss_cls: 0.0065  d1.dn_loss_bbox: 0.0756  d1.dn_loss_iou: 0.2263  d2.dn_loss_cls: 0.0048  d2.dn_loss_bbox: 0.0716  d2.dn_loss_iou: 0.2162  d3.dn_loss_cls: 0.0040  d3.dn_loss_bbox: 0.0700  d3.dn_loss_iou: 0.2134  d4.dn_loss_cls: 0.0037  d4.dn_loss_bbox: 0.0693  d4.dn_loss_iou: 0.2121  contr_loss: 0.9417
08/07 13:39:10 - mmengine - INFO - Epoch(train) [13][300/698]  base_lr: 1.0000e-05 lr: 1.0000e-05  eta: 4:08:01  time: 1.1051  data_time: 0.0089  memory: 10145  grad_norm: 40.9964  loss: 5.3464  loss_cls: 0.0731  loss_bbox: 0.0561  loss_iou: 0.2637  d0.loss_cls: 0.0779  d0.loss_bbox: 0.0612  d0.loss_iou: 0.2677  d1.loss_cls: 0.0742  d1.loss_bbox: 0.0578  d1.loss_iou: 0.2643  d2.loss_cls: 0.0741  d2.loss_bbox: 0.0570  d2.loss_iou: 0.2643  d3.loss_cls: 0.0711  d3.loss_bbox: 0.0564  d3.loss_iou: 0.2640  d4.loss_cls: 0.0725  d4.loss_bbox: 0.0562  d4.loss_iou: 0.2638  enc_loss_cls: 0.0975  enc_loss_bbox: 0.0665  enc_loss_iou: 0.2765  dn_loss_cls: 0.0011  dn_loss_bbox: 0.0709  dn_loss_iou: 0.1967  d0.dn_loss_cls: 0.0121  d0.dn_loss_bbox: 0.1053  d0.dn_loss_iou: 0.2586  d1.dn_loss_cls: 0.0028  d1.dn_loss_bbox: 0.0772  d1.dn_loss_iou: 0.2068  d2.dn_loss_cls: 0.0016  d2.dn_loss_bbox: 0.0730  d2.dn_loss_iou: 0.1994  d3.dn_loss_cls: 0.0012  d3.dn_loss_bbox: 0.0709  d3.dn_loss_iou: 0.1971  d4.dn_loss_cls: 0.0011  d4.dn_loss_bbox: 0.0709  d4.dn_loss_iou: 0.1967  contr_loss: 0.7874
08/07 13:40:05 - mmengine - INFO - Epoch(train) [13][350/698]  base_lr: 1.0000e-05 lr: 1.0000e-05  eta: 4:07:08  time: 1.1030  data_time: 0.0086  memory: 9860  grad_norm: 42.2256  loss: 6.0406  loss_cls: 0.0713  loss_bbox: 0.0636  loss_iou: 0.3001  d0.loss_cls: 0.0791  d0.loss_bbox: 0.0663  d0.loss_iou: 0.3078  d1.loss_cls: 0.0768  d1.loss_bbox: 0.0646  d1.loss_iou: 0.3035  d2.loss_cls: 0.0764  d2.loss_bbox: 0.0645  d2.loss_iou: 0.3024  d3.loss_cls: 0.0746  d3.loss_bbox: 0.0639  d3.loss_iou: 0.3016  d4.loss_cls: 0.0714  d4.loss_bbox: 0.0637  d4.loss_iou: 0.3010  enc_loss_cls: 0.0933  enc_loss_bbox: 0.0727  enc_loss_iou: 0.3225  dn_loss_cls: 0.0015  dn_loss_bbox: 0.0612  dn_loss_iou: 0.1923  d0.dn_loss_cls: 0.0128  d0.dn_loss_bbox: 0.0904  d0.dn_loss_iou: 0.2571  d1.dn_loss_cls: 0.0035  d1.dn_loss_bbox: 0.0658  d1.dn_loss_iou: 0.2058  d2.dn_loss_cls: 0.0023  d2.dn_loss_bbox: 0.0620  d2.dn_loss_iou: 0.1955  d3.dn_loss_cls: 0.0019  d3.dn_loss_bbox: 0.0616  d3.dn_loss_iou: 0.1936  d4.dn_loss_cls: 0.0016  d4.dn_loss_bbox: 0.0612  d4.dn_loss_iou: 0.1924  contr_loss: 1.2370
08/07 13:41:00 - mmengine - INFO - Epoch(train) [13][400/698]  base_lr: 1.0000e-05 lr: 1.0000e-05  eta: 4:06:15  time: 1.1080  data_time: 0.0088  memory: 10066  grad_norm: 38.6090  loss: 5.3688  loss_cls: 0.0517  loss_bbox: 0.0592  loss_iou: 0.2371  d0.loss_cls: 0.0608  d0.loss_bbox: 0.0650  d0.loss_iou: 0.2446  d1.loss_cls: 0.0589  d1.loss_bbox: 0.0611  d1.loss_iou: 0.2403  d2.loss_cls: 0.0576  d2.loss_bbox: 0.0592  d2.loss_iou: 0.2379  d3.loss_cls: 0.0534  d3.loss_bbox: 0.0596  d3.loss_iou: 0.2388  d4.loss_cls: 0.0517  d4.loss_bbox: 0.0592  d4.loss_iou: 0.2371  enc_loss_cls: 0.0770  enc_loss_bbox: 0.0714  enc_loss_iou: 0.2531  dn_loss_cls: 0.0012  dn_loss_bbox: 0.0630  dn_loss_iou: 0.1905  d0.dn_loss_cls: 0.0128  d0.dn_loss_bbox: 0.0962  d0.dn_loss_iou: 0.2561  d1.dn_loss_cls: 0.0024  d1.dn_loss_bbox: 0.0677  d1.dn_loss_iou: 0.2025  d2.dn_loss_cls: 0.0017  d2.dn_loss_bbox: 0.0637  d2.dn_loss_iou: 0.1932  d3.dn_loss_cls: 0.0014  d3.dn_loss_bbox: 0.0630  d3.dn_loss_iou: 0.1912  d4.dn_loss_cls: 0.0013  d4.dn_loss_bbox: 0.0630  d4.dn_loss_iou: 0.1905  contr_loss: 1.1728
08/07 13:41:54 - mmengine - INFO - Epoch(train) [13][450/698]  base_lr: 1.0000e-05 lr: 1.0000e-05  eta: 4:05:19  time: 1.0776  data_time: 0.0088  memory: 9515  grad_norm: 35.9696  loss: 5.5848  loss_cls: 0.0688  loss_bbox: 0.0665  loss_iou: 0.2533  d0.loss_cls: 0.0772  d0.loss_bbox: 0.0691  d0.loss_iou: 0.2626  d1.loss_cls: 0.0721  d1.loss_bbox: 0.0708  d1.loss_iou: 0.2617  d2.loss_cls: 0.0737  d2.loss_bbox: 0.0673  d2.loss_iou: 0.2544  d3.loss_cls: 0.0717  d3.loss_bbox: 0.0673  d3.loss_iou: 0.2533  d4.loss_cls: 0.0716  d4.loss_bbox: 0.0659  d4.loss_iou: 0.2515  enc_loss_cls: 0.0896  enc_loss_bbox: 0.0764  enc_loss_iou: 0.2777  dn_loss_cls: 0.0016  dn_loss_bbox: 0.0684  dn_loss_iou: 0.1772  d0.dn_loss_cls: 0.0119  d0.dn_loss_bbox: 0.0904  d0.dn_loss_iou: 0.2275  d1.dn_loss_cls: 0.0030  d1.dn_loss_bbox: 0.0715  d1.dn_loss_iou: 0.1864  d2.dn_loss_cls: 0.0020  d2.dn_loss_bbox: 0.0695  d2.dn_loss_iou: 0.1805  d3.dn_loss_cls: 0.0017  d3.dn_loss_bbox: 0.0688  d3.dn_loss_iou: 0.1789  d4.dn_loss_cls: 0.0016  d4.dn_loss_bbox: 0.0684  d4.dn_loss_iou: 0.1773  contr_loss: 1.1758
08/07 13:42:49 - mmengine - INFO - Epoch(train) [13][500/698]  base_lr: 1.0000e-05 lr: 1.0000e-05  eta: 4:04:25  time: 1.0948  data_time: 0.0091  memory: 9939  grad_norm: 45.2382  loss: 4.5176  loss_cls: 0.0427  loss_bbox: 0.0574  loss_iou: 0.2271  d0.loss_cls: 0.0529  d0.loss_bbox: 0.0616  d0.loss_iou: 0.2341  d1.loss_cls: 0.0475  d1.loss_bbox: 0.0597  d1.loss_iou: 0.2294  d2.loss_cls: 0.0453  d2.loss_bbox: 0.0580  d2.loss_iou: 0.2280  d3.loss_cls: 0.0447  d3.loss_bbox: 0.0577  d3.loss_iou: 0.2274  d4.loss_cls: 0.0438  d4.loss_bbox: 0.0572  d4.loss_iou: 0.2270  enc_loss_cls: 0.0717  enc_loss_bbox: 0.0696  enc_loss_iou: 0.2469  dn_loss_cls: 0.0020  dn_loss_bbox: 0.0619  dn_loss_iou: 0.1650  d0.dn_loss_cls: 0.0127  d0.dn_loss_bbox: 0.0949  d0.dn_loss_iou: 0.2221  d1.dn_loss_cls: 0.0033  d1.dn_loss_bbox: 0.0675  d1.dn_loss_iou: 0.1747  d2.dn_loss_cls: 0.0025  d2.dn_loss_bbox: 0.0637  d2.dn_loss_iou: 0.1673  d3.dn_loss_cls: 0.0021  d3.dn_loss_bbox: 0.0623  d3.dn_loss_iou: 0.1659  d4.dn_loss_cls: 0.0020  d4.dn_loss_bbox: 0.0619  d4.dn_loss_iou: 0.1651  contr_loss: 0.6309
08/07 13:43:43 - mmengine - INFO - Epoch(train) [13][550/698]  base_lr: 1.0000e-05 lr: 1.0000e-05  eta: 4:03:30  time: 1.0858  data_time: 0.0090  memory: 10227  grad_norm: 33.5823  loss: 4.9784  loss_cls: 0.0492  loss_bbox: 0.0619  loss_iou: 0.2470  d0.loss_cls: 0.0545  d0.loss_bbox: 0.0662  d0.loss_iou: 0.2565  d1.loss_cls: 0.0491  d1.loss_bbox: 0.0646  d1.loss_iou: 0.2526  d2.loss_cls: 0.0521  d2.loss_bbox: 0.0624  d2.loss_iou: 0.2479  d3.loss_cls: 0.0515  d3.loss_bbox: 0.0621  d3.loss_iou: 0.2479  d4.loss_cls: 0.0498  d4.loss_bbox: 0.0620  d4.loss_iou: 0.2471  enc_loss_cls: 0.0671  enc_loss_bbox: 0.0727  enc_loss_iou: 0.2707  dn_loss_cls: 0.0015  dn_loss_bbox: 0.0745  dn_loss_iou: 0.1841  d0.dn_loss_cls: 0.0130  d0.dn_loss_bbox: 0.1026  d0.dn_loss_iou: 0.2446  d1.dn_loss_cls: 0.0025  d1.dn_loss_bbox: 0.0782  d1.dn_loss_iou: 0.1953  d2.dn_loss_cls: 0.0018  d2.dn_loss_bbox: 0.0754  d2.dn_loss_iou: 0.1867  d3.dn_loss_cls: 0.0015  d3.dn_loss_bbox: 0.0745  d3.dn_loss_iou: 0.1850  d4.dn_loss_cls: 0.0015  d4.dn_loss_bbox: 0.0745  d4.dn_loss_iou: 0.1842  contr_loss: 0.7021
08/07 13:44:37 - mmengine - INFO - Epoch(train) [13][600/698]  base_lr: 1.0000e-05 lr: 1.0000e-05  eta: 4:02:36  time: 1.0879  data_time: 0.0088  memory: 10896  grad_norm: 41.0886  loss: 5.4284  loss_cls: 0.0509  loss_bbox: 0.0628  loss_iou: 0.2836  d0.loss_cls: 0.0620  d0.loss_bbox: 0.0649  d0.loss_iou: 0.2900  d1.loss_cls: 0.0562  d1.loss_bbox: 0.0628  d1.loss_iou: 0.2864  d2.loss_cls: 0.0561  d2.loss_bbox: 0.0625  d2.loss_iou: 0.2854  d3.loss_cls: 0.0515  d3.loss_bbox: 0.0629  d3.loss_iou: 0.2839  d4.loss_cls: 0.0506  d4.loss_bbox: 0.0629  d4.loss_iou: 0.2836  enc_loss_cls: 0.0754  enc_loss_bbox: 0.0725  enc_loss_iou: 0.3025  dn_loss_cls: 0.0017  dn_loss_bbox: 0.0614  dn_loss_iou: 0.1994  d0.dn_loss_cls: 0.0160  d0.dn_loss_bbox: 0.0901  d0.dn_loss_iou: 0.2697  d1.dn_loss_cls: 0.0042  d1.dn_loss_bbox: 0.0667  d1.dn_loss_iou: 0.2147  d2.dn_loss_cls: 0.0026  d2.dn_loss_bbox: 0.0628  d2.dn_loss_iou: 0.2039  d3.dn_loss_cls: 0.0020  d3.dn_loss_bbox: 0.0618  d3.dn_loss_iou: 0.2009  d4.dn_loss_cls: 0.0017  d4.dn_loss_bbox: 0.0615  d4.dn_loss_iou: 0.1996  contr_loss: 0.8384
08/07 13:45:03 - mmengine - INFO - Exp name: lae_dino_swin-t_finetune_DIOR_20260807_105315
08/07 13:45:32 - mmengine - INFO - Epoch(train) [13][650/698]  base_lr: 1.0000e-05 lr: 1.0000e-05  eta: 4:01:41  time: 1.0856  data_time: 0.0088  memory: 9942  grad_norm: 35.4378  loss: 5.0202  loss_cls: 0.0404  loss_bbox: 0.0605  loss_iou: 0.2572  d0.loss_cls: 0.0450  d0.loss_bbox: 0.0666  d0.loss_iou: 0.2668  d1.loss_cls: 0.0443  d1.loss_bbox: 0.0631  d1.loss_iou: 0.2624  d2.loss_cls: 0.0413  d2.loss_bbox: 0.0618  d2.loss_iou: 0.2587  d3.loss_cls: 0.0419  d3.loss_bbox: 0.0606  d3.loss_iou: 0.2574  d4.loss_cls: 0.0407  d4.loss_bbox: 0.0605  d4.loss_iou: 0.2572  enc_loss_cls: 0.0643  enc_loss_bbox: 0.0727  enc_loss_iou: 0.2785  dn_loss_cls: 0.0012  dn_loss_bbox: 0.0725  dn_loss_iou: 0.1882  d0.dn_loss_cls: 0.0141  d0.dn_loss_bbox: 0.1070  d0.dn_loss_iou: 0.2522  d1.dn_loss_cls: 0.0025  d1.dn_loss_bbox: 0.0775  d1.dn_loss_iou: 0.1987  d2.dn_loss_cls: 0.0018  d2.dn_loss_bbox: 0.0736  d2.dn_loss_iou: 0.1899  d3.dn_loss_cls: 0.0015  d3.dn_loss_bbox: 0.0729  d3.dn_loss_iou: 0.1887  d4.dn_loss_cls: 0.0012  d4.dn_loss_bbox: 0.0726  d4.dn_loss_iou: 0.1883  contr_loss: 0.7140
08/07 13:46:23 - mmengine - INFO - Exp name: lae_dino_swin-t_finetune_DIOR_20260807_105315
08/07 13:46:23 - mmengine - INFO - Saving checkpoint at 13 epochs
08/07 13:46:35 - mmengine - INFO - Epoch(val) [13][ 50/147]    eta: 0:00:09  time: 0.1025  data_time: 0.0024  memory: 9652  
08/07 13:46:40 - mmengine - INFO - Epoch(val) [13][100/147]    eta: 0:00:04  time: 0.1003  data_time: 0.0020  memory: 3800  
08/07 13:46:48 - mmengine - INFO - Evaluating bbox...
Loading and preparing results...
DONE (t=0.41s)
creating index...
index created!
Running per image evaluation...
Evaluate annotation type *bbox*
DONE (t=8.31s).
Accumulating evaluation results...
DONE (t=3.28s).
 Average Precision  (AP) @[ IoU=0.50:0.95 | area=   all | maxDets=100 ] = 0.735
 Average Precision  (AP) @[ IoU=0.50      | area=   all | maxDets=1000 ] = 0.913
 Average Precision  (AP) @[ IoU=0.75      | area=   all | maxDets=1000 ] = 0.806
 Average Precision  (AP) @[ IoU=0.50:0.95 | area= small | maxDets=1000 ] = 0.292
 Average Precision  (AP) @[ IoU=0.50:0.95 | area=medium | maxDets=1000 ] = 0.624
 Average Precision  (AP) @[ IoU=0.50:0.95 | area= large | maxDets=1000 ] = 0.844
 Average Recall     (AR) @[ IoU=0.50:0.95 | area=   all | maxDets=100 ] = 0.832
 Average Recall     (AR) @[ IoU=0.50:0.95 | area=   all | maxDets=300 ] = 0.838
 Average Recall     (AR) @[ IoU=0.50:0.95 | area=   all | maxDets=1000 ] = 0.838
 Average Recall     (AR) @[ IoU=0.50:0.95 | area= small | maxDets=1000 ] = 0.432
 Average Recall     (AR) @[ IoU=0.50:0.95 | area=medium | maxDets=1000 ] = 0.775
 Average Recall     (AR) @[ IoU=0.50:0.95 | area= large | maxDets=1000 ] = 0.916
08/07 13:47:01 - mmengine - INFO - bbox_mAP_copypaste: 0.735 0.913 0.806 0.292 0.624 0.844
================DIOR/coco================
08/07 13:47:01 - mmengine - INFO - Epoch(val) [13][147/147]    DIOR/coco/bbox_mAP: 0.7350  DIOR/coco/bbox_mAP_50: 0.9130  DIOR/coco/bbox_mAP_75: 0.8060  DIOR/coco/bbox_mAP_s: 0.2920  DIOR/coco/bbox_mAP_m: 0.6240  DIOR/coco/bbox_mAP_l: 0.8440  data_time: 0.0021  time: 0.1007
08/07 13:47:56 - mmengine - INFO - Epoch(train) [14][ 50/698]  base_lr: 1.0000e-05 lr: 1.0000e-05  eta: 3:59:54  time: 1.0982  data_time: 0.0135  memory: 9789  grad_norm: 36.7838  loss: 5.3540  loss_cls: 0.0501  loss_bbox: 0.0572  loss_iou: 0.2818  d0.loss_cls: 0.0645  d0.loss_bbox: 0.0612  d0.loss_iou: 0.2868  d1.loss_cls: 0.0560  d1.loss_bbox: 0.0585  d1.loss_iou: 0.2852  d2.loss_cls: 0.0531  d2.loss_bbox: 0.0571  d2.loss_iou: 0.2831  d3.loss_cls: 0.0509  d3.loss_bbox: 0.0573  d3.loss_iou: 0.2828  d4.loss_cls: 0.0508  d4.loss_bbox: 0.0572  d4.loss_iou: 0.2818  enc_loss_cls: 0.0757  enc_loss_bbox: 0.0664  enc_loss_iou: 0.3028  dn_loss_cls: 0.0011  dn_loss_bbox: 0.0550  dn_loss_iou: 0.1879  d0.dn_loss_cls: 0.0118  d0.dn_loss_bbox: 0.0777  d0.dn_loss_iou: 0.2451  d1.dn_loss_cls: 0.0026  d1.dn_loss_bbox: 0.0588  d1.dn_loss_iou: 0.1989  d2.dn_loss_cls: 0.0016  d2.dn_loss_bbox: 0.0556  d2.dn_loss_iou: 0.1907  d3.dn_loss_cls: 0.0012  d3.dn_loss_bbox: 0.0553  d3.dn_loss_iou: 0.1889  d4.dn_loss_cls: 0.0011  d4.dn_loss_bbox: 0.0551  d4.dn_loss_iou: 0.1882  contr_loss: 0.9570
08/07 13:48:50 - mmengine - INFO - Epoch(train) [14][100/698]  base_lr: 1.0000e-05 lr: 1.0000e-05  eta: 3:58:59  time: 1.0773  data_time: 0.0090  memory: 9557  grad_norm: 38.1057  loss: 5.2295  loss_cls: 0.0470  loss_bbox: 0.0608  loss_iou: 0.2242  d0.loss_cls: 0.0569  d0.loss_bbox: 0.0628  d0.loss_iou: 0.2297  d1.loss_cls: 0.0528  d1.loss_bbox: 0.0611  d1.loss_iou: 0.2270  d2.loss_cls: 0.0496  d2.loss_bbox: 0.0604  d2.loss_iou: 0.2247  d3.loss_cls: 0.0486  d3.loss_bbox: 0.0607  d3.loss_iou: 0.2243  d4.loss_cls: 0.0476  d4.loss_bbox: 0.0608  d4.loss_iou: 0.2242  enc_loss_cls: 0.0747  enc_loss_bbox: 0.0690  enc_loss_iou: 0.2445  dn_loss_cls: 0.0016  dn_loss_bbox: 0.0722  dn_loss_iou: 0.1820  d0.dn_loss_cls: 0.0158  d0.dn_loss_bbox: 0.1044  d0.dn_loss_iou: 0.2447  d1.dn_loss_cls: 0.0037  d1.dn_loss_bbox: 0.0780  d1.dn_loss_iou: 0.1940  d2.dn_loss_cls: 0.0023  d2.dn_loss_bbox: 0.0740  d2.dn_loss_iou: 0.1858  d3.dn_loss_cls: 0.0017  d3.dn_loss_bbox: 0.0732  d3.dn_loss_iou: 0.1830  d4.dn_loss_cls: 0.0016  d4.dn_loss_bbox: 0.0722  d4.dn_loss_iou: 0.1820  contr_loss: 1.1457
08/07 13:49:44 - mmengine - INFO - Epoch(train) [14][150/698]  base_lr: 1.0000e-05 lr: 1.0000e-05  eta: 3:58:04  time: 1.0852  data_time: 0.0088  memory: 10319  grad_norm: 39.6672  loss: 5.3627  loss_cls: 0.0668  loss_bbox: 0.0539  loss_iou: 0.2923  d0.loss_cls: 0.0826  d0.loss_bbox: 0.0574  d0.loss_iou: 0.2980  d1.loss_cls: 0.0724  d1.loss_bbox: 0.0555  d1.loss_iou: 0.2943  d2.loss_cls: 0.0709  d2.loss_bbox: 0.0541  d2.loss_iou: 0.2929  d3.loss_cls: 0.0667  d3.loss_bbox: 0.0545  d3.loss_iou: 0.2946  d4.loss_cls: 0.0664  d4.loss_bbox: 0.0539  d4.loss_iou: 0.2927  enc_loss_cls: 0.0963  enc_loss_bbox: 0.0644  enc_loss_iou: 0.3135  dn_loss_cls: 0.0032  dn_loss_bbox: 0.0552  dn_loss_iou: 0.1946  d0.dn_loss_cls: 0.0207  d0.dn_loss_bbox: 0.0836  d0.dn_loss_iou: 0.2579  d1.dn_loss_cls: 0.0065  d1.dn_loss_bbox: 0.0599  d1.dn_loss_iou: 0.2078  d2.dn_loss_cls: 0.0046  d2.dn_loss_bbox: 0.0564  d2.dn_loss_iou: 0.1976  d3.dn_loss_cls: 0.0036  d3.dn_loss_bbox: 0.0553  d3.dn_loss_iou: 0.1951  d4.dn_loss_cls: 0.0033  d4.dn_loss_bbox: 0.0553  d4.dn_loss_iou: 0.1947  contr_loss: 0.7133
08/07 13:50:38 - mmengine - INFO - Epoch(train) [14][200/698]  base_lr: 1.0000e-05 lr: 1.0000e-05  eta: 3:57:08  time: 1.0752  data_time: 0.0086  memory: 9667  grad_norm: 37.5257  loss: 4.5287  loss_cls: 0.0446  loss_bbox: 0.0554  loss_iou: 0.2235  d0.loss_cls: 0.0509  d0.loss_bbox: 0.0616  d0.loss_iou: 0.2332  d1.loss_cls: 0.0461  d1.loss_bbox: 0.0589  d1.loss_iou: 0.2303  d2.loss_cls: 0.0462  d2.loss_bbox: 0.0557  d2.loss_iou: 0.2253  d3.loss_cls: 0.0443  d3.loss_bbox: 0.0554  d3.loss_iou: 0.2239  d4.loss_cls: 0.0443  d4.loss_bbox: 0.0554  d4.loss_iou: 0.2234  enc_loss_cls: 0.0615  enc_loss_bbox: 0.0671  enc_loss_iou: 0.2452  dn_loss_cls: 0.0027  dn_loss_bbox: 0.0592  dn_loss_iou: 0.1743  d0.dn_loss_cls: 0.0155  d0.dn_loss_bbox: 0.0919  d0.dn_loss_iou: 0.2316  d1.dn_loss_cls: 0.0043  d1.dn_loss_bbox: 0.0638  d1.dn_loss_iou: 0.1836  d2.dn_loss_cls: 0.0036  d2.dn_loss_bbox: 0.0605  d2.dn_loss_iou: 0.1761  d3.dn_loss_cls: 0.0028  d3.dn_loss_bbox: 0.0593  d3.dn_loss_iou: 0.1752  d4.dn_loss_cls: 0.0028  d4.dn_loss_bbox: 0.0593  d4.dn_loss_iou: 0.1743  contr_loss: 0.6357
08/07 13:51:33 - mmengine - INFO - Epoch(train) [14][250/698]  base_lr: 1.0000e-05 lr: 1.0000e-05  eta: 3:56:15  time: 1.1023  data_time: 0.0091  memory: 10079  grad_norm: 37.7974  loss: 5.0755  loss_cls: 0.0411  loss_bbox: 0.0552  loss_iou: 0.2450  d0.loss_cls: 0.0507  d0.loss_bbox: 0.0616  d0.loss_iou: 0.2545  d1.loss_cls: 0.0460  d1.loss_bbox: 0.0585  d1.loss_iou: 0.2517  d2.loss_cls: 0.0445  d2.loss_bbox: 0.0561  d2.loss_iou: 0.2473  d3.loss_cls: 0.0427  d3.loss_bbox: 0.0559  d3.loss_iou: 0.2461  d4.loss_cls: 0.0413  d4.loss_bbox: 0.0552  d4.loss_iou: 0.2450  enc_loss_cls: 0.0600  enc_loss_bbox: 0.0668  enc_loss_iou: 0.2642  dn_loss_cls: 0.0029  dn_loss_bbox: 0.0630  dn_loss_iou: 0.1862  d0.dn_loss_cls: 0.0143  d0.dn_loss_bbox: 0.0946  d0.dn_loss_iou: 0.2514  d1.dn_loss_cls: 0.0036  d1.dn_loss_bbox: 0.0679  d1.dn_loss_iou: 0.1985  d2.dn_loss_cls: 0.0033  d2.dn_loss_bbox: 0.0635  d2.dn_loss_iou: 0.1885  d3.dn_loss_cls: 0.0030  d3.dn_loss_bbox: 0.0634  d3.dn_loss_iou: 0.1869  d4.dn_loss_cls: 0.0030  d4.dn_loss_bbox: 0.0631  d4.dn_loss_iou: 0.1863  contr_loss: 0.9423
08/07 13:52:27 - mmengine - INFO - Epoch(train) [14][300/698]  base_lr: 1.0000e-05 lr: 1.0000e-05  eta: 3:55:20  time: 1.0840  data_time: 0.0085  memory: 9814  grad_norm: 40.2069  loss: 4.6732  loss_cls: 0.0476  loss_bbox: 0.0509  loss_iou: 0.1850  d0.loss_cls: 0.0602  d0.loss_bbox: 0.0546  d0.loss_iou: 0.1900  d1.loss_cls: 0.0535  d1.loss_bbox: 0.0539  d1.loss_iou: 0.1890  d2.loss_cls: 0.0521  d2.loss_bbox: 0.0527  d2.loss_iou: 0.1875  d3.loss_cls: 0.0501  d3.loss_bbox: 0.0512  d3.loss_iou: 0.1854  d4.loss_cls: 0.0486  d4.loss_bbox: 0.0510  d4.loss_iou: 0.1850  enc_loss_cls: 0.0757  enc_loss_bbox: 0.0629  enc_loss_iou: 0.2050  dn_loss_cls: 0.0025  dn_loss_bbox: 0.0783  dn_loss_iou: 0.1836  d0.dn_loss_cls: 0.0163  d0.dn_loss_bbox: 0.1169  d0.dn_loss_iou: 0.2482  d1.dn_loss_cls: 0.0048  d1.dn_loss_bbox: 0.0839  d1.dn_loss_iou: 0.1950  d2.dn_loss_cls: 0.0035  d2.dn_loss_bbox: 0.0802  d2.dn_loss_iou: 0.1864  d3.dn_loss_cls: 0.0028  d3.dn_loss_bbox: 0.0788  d3.dn_loss_iou: 0.1843  d4.dn_loss_cls: 0.0027  d4.dn_loss_bbox: 0.0782  d4.dn_loss_iou: 0.1835  contr_loss: 0.8516
08/07 13:53:22 - mmengine - INFO - Epoch(train) [14][350/698]  base_lr: 1.0000e-05 lr: 1.0000e-05  eta: 3:54:26  time: 1.0955  data_time: 0.0087  memory: 10380  grad_norm: 40.2503  loss: 5.8685  loss_cls: 0.0607  loss_bbox: 0.0685  loss_iou: 0.2754  d0.loss_cls: 0.0716  d0.loss_bbox: 0.0717  d0.loss_iou: 0.2826  d1.loss_cls: 0.0666  d1.loss_bbox: 0.0700  d1.loss_iou: 0.2791  d2.loss_cls: 0.0652  d2.loss_bbox: 0.0686  d2.loss_iou: 0.2759  d3.loss_cls: 0.0629  d3.loss_bbox: 0.0685  d3.loss_iou: 0.2749  d4.loss_cls: 0.0601  d4.loss_bbox: 0.0685  d4.loss_iou: 0.2756  enc_loss_cls: 0.0921  enc_loss_bbox: 0.0763  enc_loss_iou: 0.2936  dn_loss_cls: 0.0025  dn_loss_bbox: 0.0721  dn_loss_iou: 0.2171  d0.dn_loss_cls: 0.0181  d0.dn_loss_bbox: 0.1032  d0.dn_loss_iou: 0.2871  d1.dn_loss_cls: 0.0041  d1.dn_loss_bbox: 0.0764  d1.dn_loss_iou: 0.2295  d2.dn_loss_cls: 0.0031  d2.dn_loss_bbox: 0.0728  d2.dn_loss_iou: 0.2191  d3.dn_loss_cls: 0.0027  d3.dn_loss_bbox: 0.0724  d3.dn_loss_iou: 0.2175  d4.dn_loss_cls: 0.0025  d4.dn_loss_bbox: 0.0720  d4.dn_loss_iou: 0.2171  contr_loss: 1.0507
08/07 13:54:16 - mmengine - INFO - Epoch(train) [14][400/698]  base_lr: 1.0000e-05 lr: 1.0000e-05  eta: 3:53:31  time: 1.0830  data_time: 0.0098  memory: 9868  grad_norm: 39.5401  loss: 4.9036  loss_cls: 0.0536  loss_bbox: 0.0656  loss_iou: 0.2428  d0.loss_cls: 0.0618  d0.loss_bbox: 0.0702  d0.loss_iou: 0.2511  d1.loss_cls: 0.0561  d1.loss_bbox: 0.0691  d1.loss_iou: 0.2465  d2.loss_cls: 0.0568  d2.loss_bbox: 0.0668  d2.loss_iou: 0.2438  d3.loss_cls: 0.0551  d3.loss_bbox: 0.0665  d3.loss_iou: 0.2438  d4.loss_cls: 0.0532  d4.loss_bbox: 0.0657  d4.loss_iou: 0.2434  enc_loss_cls: 0.0770  enc_loss_bbox: 0.0781  enc_loss_iou: 0.2674  dn_loss_cls: 0.0027  dn_loss_bbox: 0.0631  dn_loss_iou: 0.1832  d0.dn_loss_cls: 0.0193  d0.dn_loss_bbox: 0.0934  d0.dn_loss_iou: 0.2457  d1.dn_loss_cls: 0.0047  d1.dn_loss_bbox: 0.0685  d1.dn_loss_iou: 0.1938  d2.dn_loss_cls: 0.0034  d2.dn_loss_bbox: 0.0647  d2.dn_loss_iou: 0.1857  d3.dn_loss_cls: 0.0035  d3.dn_loss_bbox: 0.0635  d3.dn_loss_iou: 0.1838  d4.dn_loss_cls: 0.0029  d4.dn_loss_bbox: 0.0631  d4.dn_loss_iou: 0.1828  contr_loss: 0.6417
08/07 13:55:10 - mmengine - INFO - Epoch(train) [14][450/698]  base_lr: 1.0000e-05 lr: 1.0000e-05  eta: 3:52:36  time: 1.0852  data_time: 0.0091  memory: 10294  grad_norm: 41.0129  loss: 5.5286  loss_cls: 0.0531  loss_bbox: 0.0653  loss_iou: 0.3067  d0.loss_cls: 0.0701  d0.loss_bbox: 0.0670  d0.loss_iou: 0.3116  d1.loss_cls: 0.0604  d1.loss_bbox: 0.0674  d1.loss_iou: 0.3113  d2.loss_cls: 0.0581  d2.loss_bbox: 0.0653  d2.loss_iou: 0.3076  d3.loss_cls: 0.0553  d3.loss_bbox: 0.0657  d3.loss_iou: 0.3080  d4.loss_cls: 0.0546  d4.loss_bbox: 0.0653  d4.loss_iou: 0.3067  enc_loss_cls: 0.0787  enc_loss_bbox: 0.0757  enc_loss_iou: 0.3287  dn_loss_cls: 0.0023  dn_loss_bbox: 0.0589  dn_loss_iou: 0.1905  d0.dn_loss_cls: 0.0155  d0.dn_loss_bbox: 0.0810  d0.dn_loss_iou: 0.2444  d1.dn_loss_cls: 0.0054  d1.dn_loss_bbox: 0.0615  d1.dn_loss_iou: 0.2005  d2.dn_loss_cls: 0.0037  d2.dn_loss_bbox: 0.0596  d2.dn_loss_iou: 0.1937  d3.dn_loss_cls: 0.0027  d3.dn_loss_bbox: 0.0593  d3.dn_loss_iou: 0.1915  d4.dn_loss_cls: 0.0024  d4.dn_loss_bbox: 0.0588  d4.dn_loss_iou: 0.1906  contr_loss: 0.8235
08/07 13:56:05 - mmengine - INFO - Epoch(train) [14][500/698]  base_lr: 1.0000e-05 lr: 1.0000e-05  eta: 3:51:42  time: 1.0906  data_time: 0.0086  memory: 10222  grad_norm: 41.7751  loss: 5.2387  loss_cls: 0.0580  loss_bbox: 0.0610  loss_iou: 0.2755  d0.loss_cls: 0.0689  d0.loss_bbox: 0.0652  d0.loss_iou: 0.2813  d1.loss_cls: 0.0634  d1.loss_bbox: 0.0631  d1.loss_iou: 0.2775  d2.loss_cls: 0.0616  d2.loss_bbox: 0.0622  d2.loss_iou: 0.2759  d3.loss_cls: 0.0602  d3.loss_bbox: 0.0616  d3.loss_iou: 0.2759  d4.loss_cls: 0.0576  d4.loss_bbox: 0.0616  d4.loss_iou: 0.2764  enc_loss_cls: 0.0775  enc_loss_bbox: 0.0712  enc_loss_iou: 0.2965  dn_loss_cls: 0.0013  dn_loss_bbox: 0.0549  dn_loss_iou: 0.1697  d0.dn_loss_cls: 0.0139  d0.dn_loss_bbox: 0.0811  d0.dn_loss_iou: 0.2236  d1.dn_loss_cls: 0.0025  d1.dn_loss_bbox: 0.0589  d1.dn_loss_iou: 0.1799  d2.dn_loss_cls: 0.0017  d2.dn_loss_bbox: 0.0555  d2.dn_loss_iou: 0.1716  d3.dn_loss_cls: 0.0015  d3.dn_loss_bbox: 0.0548  d3.dn_loss_iou: 0.1702  d4.dn_loss_cls: 0.0014  d4.dn_loss_bbox: 0.0549  d4.dn_loss_iou: 0.1698  contr_loss: 0.9196
08/07 13:56:59 - mmengine - INFO - Epoch(train) [14][550/698]  base_lr: 1.0000e-05 lr: 1.0000e-05  eta: 3:50:47  time: 1.0906  data_time: 0.0091  memory: 10183  grad_norm: 33.9612  loss: 4.6982  loss_cls: 0.0563  loss_bbox: 0.0568  loss_iou: 0.2218  d0.loss_cls: 0.0610  d0.loss_bbox: 0.0638  d0.loss_iou: 0.2332  d1.loss_cls: 0.0606  d1.loss_bbox: 0.0597  d1.loss_iou: 0.2262  d2.loss_cls: 0.0603  d2.loss_bbox: 0.0584  d2.loss_iou: 0.2243  d3.loss_cls: 0.0584  d3.loss_bbox: 0.0571  d3.loss_iou: 0.2224  d4.loss_cls: 0.0561  d4.loss_bbox: 0.0568  d4.loss_iou: 0.2220  enc_loss_cls: 0.0803  enc_loss_bbox: 0.0704  enc_loss_iou: 0.2458  dn_loss_cls: 0.0026  dn_loss_bbox: 0.0643  dn_loss_iou: 0.1830  d0.dn_loss_cls: 0.0163  d0.dn_loss_bbox: 0.0986  d0.dn_loss_iou: 0.2460  d1.dn_loss_cls: 0.0046  d1.dn_loss_bbox: 0.0699  d1.dn_loss_iou: 0.1950  d2.dn_loss_cls: 0.0033  d2.dn_loss_bbox: 0.0658  d2.dn_loss_iou: 0.1870  d3.dn_loss_cls: 0.0029  d3.dn_loss_bbox: 0.0646  d3.dn_loss_iou: 0.1842  d4.dn_loss_cls: 0.0027  d4.dn_loss_bbox: 0.0642  d4.dn_loss_iou: 0.1830  contr_loss: 0.6081
08/07 13:57:53 - mmengine - INFO - Epoch(train) [14][600/698]  base_lr: 1.0000e-05 lr: 1.0000e-05  eta: 3:49:52  time: 1.0771  data_time: 0.0089  memory: 10053  grad_norm: 37.5133  loss: 4.9821  loss_cls: 0.0411  loss_bbox: 0.0481  loss_iou: 0.1998  d0.loss_cls: 0.0483  d0.loss_bbox: 0.0550  d0.loss_iou: 0.2146  d1.loss_cls: 0.0487  d1.loss_bbox: 0.0502  d1.loss_iou: 0.2064  d2.loss_cls: 0.0463  d2.loss_bbox: 0.0486  d2.loss_iou: 0.2028  d3.loss_cls: 0.0439  d3.loss_bbox: 0.0488  d3.loss_iou: 0.2016  d4.loss_cls: 0.0406  d4.loss_bbox: 0.0484  d4.loss_iou: 0.2005  enc_loss_cls: 0.0612  enc_loss_bbox: 0.0603  enc_loss_iou: 0.2273  dn_loss_cls: 0.0011  dn_loss_bbox: 0.0622  dn_loss_iou: 0.1640  d0.dn_loss_cls: 0.0111  d0.dn_loss_bbox: 0.0940  d0.dn_loss_iou: 0.2246  d1.dn_loss_cls: 0.0028  d1.dn_loss_bbox: 0.0677  d1.dn_loss_iou: 0.1750  d2.dn_loss_cls: 0.0016  d2.dn_loss_bbox: 0.0638  d2.dn_loss_iou: 0.1673  d3.dn_loss_cls: 0.0012  d3.dn_loss_bbox: 0.0624  d3.dn_loss_iou: 0.1649  d4.dn_loss_cls: 0.0011  d4.dn_loss_bbox: 0.0623  d4.dn_loss_iou: 0.1640  contr_loss: 1.3488
08/07 13:58:47 - mmengine - INFO - Epoch(train) [14][650/698]  base_lr: 1.0000e-05 lr: 1.0000e-05  eta: 3:48:57  time: 1.0785  data_time: 0.0096  memory: 10147  grad_norm: 39.2845  loss: 5.6945  loss_cls: 0.0525  loss_bbox: 0.0567  loss_iou: 0.2690  d0.loss_cls: 0.0624  d0.loss_bbox: 0.0619  d0.loss_iou: 0.2763  d1.loss_cls: 0.0564  d1.loss_bbox: 0.0596  d1.loss_iou: 0.2735  d2.loss_cls: 0.0567  d2.loss_bbox: 0.0576  d2.loss_iou: 0.2709  d3.loss_cls: 0.0547  d3.loss_bbox: 0.0570  d3.loss_iou: 0.2697  d4.loss_cls: 0.0531  d4.loss_bbox: 0.0570  d4.loss_iou: 0.2696  enc_loss_cls: 0.0758  enc_loss_bbox: 0.0665  enc_loss_iou: 0.2868  dn_loss_cls: 0.0021  dn_loss_bbox: 0.0633  dn_loss_iou: 0.1967  d0.dn_loss_cls: 0.0154  d0.dn_loss_bbox: 0.0899  d0.dn_loss_iou: 0.2555  d1.dn_loss_cls: 0.0042  d1.dn_loss_bbox: 0.0678  d1.dn_loss_iou: 0.2084  d2.dn_loss_cls: 0.0027  d2.dn_loss_bbox: 0.0651  d2.dn_loss_iou: 0.2005  d3.dn_loss_cls: 0.0024  d3.dn_loss_bbox: 0.0636  d3.dn_loss_iou: 0.1978  d4.dn_loss_cls: 0.0021  d4.dn_loss_bbox: 0.0633  d4.dn_loss_iou: 0.1968  contr_loss: 1.2533
08/07 13:59:38 - mmengine - INFO - Exp name: lae_dino_swin-t_finetune_DIOR_20260807_105315
08/07 13:59:38 - mmengine - INFO - Saving checkpoint at 14 epochs
08/07 13:59:49 - mmengine - INFO - Epoch(val) [14][ 50/147]    eta: 0:00:09  time: 0.1025  data_time: 0.0025  memory: 10053  
08/07 13:59:54 - mmengine - INFO - Epoch(val) [14][100/147]    eta: 0:00:04  time: 0.1004  data_time: 0.0020  memory: 3800  
08/07 14:00:02 - mmengine - INFO - Evaluating bbox...
Loading and preparing results...
DONE (t=0.59s)
creating index...
index created!
Running per image evaluation...
Evaluate annotation type *bbox*
DONE (t=8.16s).
Accumulating evaluation results...
DONE (t=3.24s).
 Average Precision  (AP) @[ IoU=0.50:0.95 | area=   all | maxDets=100 ] = 0.736
 Average Precision  (AP) @[ IoU=0.50      | area=   all | maxDets=1000 ] = 0.914
 Average Precision  (AP) @[ IoU=0.75      | area=   all | maxDets=1000 ] = 0.805
 Average Precision  (AP) @[ IoU=0.50:0.95 | area= small | maxDets=1000 ] = 0.300
 Average Precision  (AP) @[ IoU=0.50:0.95 | area=medium | maxDets=1000 ] = 0.625
 Average Precision  (AP) @[ IoU=0.50:0.95 | area= large | maxDets=1000 ] = 0.847
 Average Recall     (AR) @[ IoU=0.50:0.95 | area=   all | maxDets=100 ] = 0.837
 Average Recall     (AR) @[ IoU=0.50:0.95 | area=   all | maxDets=300 ] = 0.842
 Average Recall     (AR) @[ IoU=0.50:0.95 | area=   all | maxDets=1000 ] = 0.842
 Average Recall     (AR) @[ IoU=0.50:0.95 | area= small | maxDets=1000 ] = 0.440
 Average Recall     (AR) @[ IoU=0.50:0.95 | area=medium | maxDets=1000 ] = 0.774
 Average Recall     (AR) @[ IoU=0.50:0.95 | area= large | maxDets=1000 ] = 0.922
08/07 14:00:15 - mmengine - INFO - bbox_mAP_copypaste: 0.736 0.914 0.805 0.300 0.625 0.847
================DIOR/coco================
08/07 14:00:15 - mmengine - INFO - Epoch(val) [14][147/147]    DIOR/coco/bbox_mAP: 0.7360  DIOR/coco/bbox_mAP_50: 0.9140  DIOR/coco/bbox_mAP_75: 0.8050  DIOR/coco/bbox_mAP_s: 0.3000  DIOR/coco/bbox_mAP_m: 0.6250  DIOR/coco/bbox_mAP_l: 0.8470  data_time: 0.0021  time: 0.1007
08/07 14:01:09 - mmengine - INFO - Epoch(train) [15][ 50/698]  base_lr: 1.0000e-05 lr: 1.0000e-05  eta: 3:47:09  time: 1.0931  data_time: 0.0155  memory: 9764  grad_norm: 44.2572  loss: 4.9498  loss_cls: 0.0497  loss_bbox: 0.0571  loss_iou: 0.2562  d0.loss_cls: 0.0678  d0.loss_bbox: 0.0643  d0.loss_iou: 0.2650  d1.loss_cls: 0.0587  d1.loss_bbox: 0.0602  d1.loss_iou: 0.2612  d2.loss_cls: 0.0543  d2.loss_bbox: 0.0581  d2.loss_iou: 0.2575  d3.loss_cls: 0.0511  d3.loss_bbox: 0.0572  d3.loss_iou: 0.2563  d4.loss_cls: 0.0508  d4.loss_bbox: 0.0571  d4.loss_iou: 0.2562  enc_loss_cls: 0.0726  enc_loss_bbox: 0.0715  enc_loss_iou: 0.2808  dn_loss_cls: 0.0018  dn_loss_bbox: 0.0651  dn_loss_iou: 0.1818  d0.dn_loss_cls: 0.0168  d0.dn_loss_bbox: 0.1016  d0.dn_loss_iou: 0.2508  d1.dn_loss_cls: 0.0040  d1.dn_loss_bbox: 0.0717  d1.dn_loss_iou: 0.1951  d2.dn_loss_cls: 0.0028  d2.dn_loss_bbox: 0.0669  d2.dn_loss_iou: 0.1846  d3.dn_loss_cls: 0.0020  d3.dn_loss_bbox: 0.0657  d3.dn_loss_iou: 0.1825  d4.dn_loss_cls: 0.0019  d4.dn_loss_bbox: 0.0651  d4.dn_loss_iou: 0.1817  contr_loss: 0.6443
08/07 14:02:05 - mmengine - INFO - Epoch(train) [15][100/698]  base_lr: 1.0000e-05 lr: 1.0000e-05  eta: 3:46:16  time: 1.1194  data_time: 0.0087  memory: 9956  grad_norm: 38.3386  loss: 5.0572  loss_cls: 0.0433  loss_bbox: 0.0542  loss_iou: 0.2377  d0.loss_cls: 0.0542  d0.loss_bbox: 0.0568  d0.loss_iou: 0.2388  d1.loss_cls: 0.0489  d1.loss_bbox: 0.0544  d1.loss_iou: 0.2383  d2.loss_cls: 0.0467  d2.loss_bbox: 0.0538  d2.loss_iou: 0.2376  d3.loss_cls: 0.0434  d3.loss_bbox: 0.0538  d3.loss_iou: 0.2375  d4.loss_cls: 0.0429  d4.loss_bbox: 0.0541  d4.loss_iou: 0.2377  enc_loss_cls: 0.0671  enc_loss_bbox: 0.0644  enc_loss_iou: 0.2529  dn_loss_cls: 0.0013  dn_loss_bbox: 0.0607  dn_loss_iou: 0.1794  d0.dn_loss_cls: 0.0147  d0.dn_loss_bbox: 0.0924  d0.dn_loss_iou: 0.2405  d1.dn_loss_cls: 0.0039  d1.dn_loss_bbox: 0.0660  d1.dn_loss_iou: 0.1906  d2.dn_loss_cls: 0.0021  d2.dn_loss_bbox: 0.0616  d2.dn_loss_iou: 0.1812  d3.dn_loss_cls: 0.0016  d3.dn_loss_bbox: 0.0608  d3.dn_loss_iou: 0.1795  d4.dn_loss_cls: 0.0013  d4.dn_loss_bbox: 0.0607  d4.dn_loss_iou: 0.1795  contr_loss: 1.0609
08/07 14:03:00 - mmengine - INFO - Epoch(train) [15][150/698]  base_lr: 1.0000e-05 lr: 1.0000e-05  eta: 3:45:22  time: 1.0972  data_time: 0.0091  memory: 9983  grad_norm: 36.6373  loss: 5.6035  loss_cls: 0.0593  loss_bbox: 0.0574  loss_iou: 0.2925  d0.loss_cls: 0.0763  d0.loss_bbox: 0.0615  d0.loss_iou: 0.3014  d1.loss_cls: 0.0693  d1.loss_bbox: 0.0589  d1.loss_iou: 0.2999  d2.loss_cls: 0.0649  d2.loss_bbox: 0.0559  d2.loss_iou: 0.2949  d3.loss_cls: 0.0622  d3.loss_bbox: 0.0575  d3.loss_iou: 0.2931  d4.loss_cls: 0.0596  d4.loss_bbox: 0.0574  d4.loss_iou: 0.2926  enc_loss_cls: 0.0874  enc_loss_bbox: 0.0700  enc_loss_iou: 0.3211  dn_loss_cls: 0.0018  dn_loss_bbox: 0.0638  dn_loss_iou: 0.1916  d0.dn_loss_cls: 0.0145  d0.dn_loss_bbox: 0.0972  d0.dn_loss_iou: 0.2553  d1.dn_loss_cls: 0.0037  d1.dn_loss_bbox: 0.0702  d1.dn_loss_iou: 0.2038  d2.dn_loss_cls: 0.0026  d2.dn_loss_bbox: 0.0656  d2.dn_loss_iou: 0.1945  d3.dn_loss_cls: 0.0022  d3.dn_loss_bbox: 0.0646  d3.dn_loss_iou: 0.1928  d4.dn_loss_cls: 0.0018  d4.dn_loss_bbox: 0.0639  d4.dn_loss_iou: 0.1929  contr_loss: 0.9276
08/07 14:03:55 - mmengine - INFO - Epoch(train) [15][200/698]  base_lr: 1.0000e-05 lr: 1.0000e-05  eta: 3:44:28  time: 1.0882  data_time: 0.0087  memory: 9728  grad_norm: 39.0243  loss: 5.0043  loss_cls: 0.0353  loss_bbox: 0.0579  loss_iou: 0.2333  d0.loss_cls: 0.0489  d0.loss_bbox: 0.0603  d0.loss_iou: 0.2399  d1.loss_cls: 0.0432  d1.loss_bbox: 0.0587  d1.loss_iou: 0.2356  d2.loss_cls: 0.0420  d2.loss_bbox: 0.0582  d2.loss_iou: 0.2338  d3.loss_cls: 0.0381  d3.loss_bbox: 0.0578  d3.loss_iou: 0.2332  d4.loss_cls: 0.0354  d4.loss_bbox: 0.0579  d4.loss_iou: 0.2330  enc_loss_cls: 0.0631  enc_loss_bbox: 0.0659  enc_loss_iou: 0.2476  dn_loss_cls: 0.0011  dn_loss_bbox: 0.0653  dn_loss_iou: 0.1867  d0.dn_loss_cls: 0.0169  d0.dn_loss_bbox: 0.0924  d0.dn_loss_iou: 0.2484  d1.dn_loss_cls: 0.0033  d1.dn_loss_bbox: 0.0688  d1.dn_loss_iou: 0.1975  d2.dn_loss_cls: 0.0017  d2.dn_loss_bbox: 0.0666  d2.dn_loss_iou: 0.1901  d3.dn_loss_cls: 0.0014  d3.dn_loss_bbox: 0.0656  d3.dn_loss_iou: 0.1874  d4.dn_loss_cls: 0.0012  d4.dn_loss_bbox: 0.0654  d4.dn_loss_iou: 0.1867  contr_loss: 0.9780
08/07 14:04:25 - mmengine - INFO - Exp name: lae_dino_swin-t_finetune_DIOR_20260807_105315
08/07 14:04:49 - mmengine - INFO - Epoch(train) [15][250/698]  base_lr: 1.0000e-05 lr: 1.0000e-05  eta: 3:43:33  time: 1.0853  data_time: 0.0089  memory: 9998  grad_norm: 43.2685  loss: 5.4880  loss_cls: 0.0368  loss_bbox: 0.0561  loss_iou: 0.2734  d0.loss_cls: 0.0484  d0.loss_bbox: 0.0580  d0.loss_iou: 0.2794  d1.loss_cls: 0.0409  d1.loss_bbox: 0.0568  d1.loss_iou: 0.2759  d2.loss_cls: 0.0389  d2.loss_bbox: 0.0560  d2.loss_iou: 0.2746  d3.loss_cls: 0.0370  d3.loss_bbox: 0.0566  d3.loss_iou: 0.2738  d4.loss_cls: 0.0368  d4.loss_bbox: 0.0561  d4.loss_iou: 0.2734  enc_loss_cls: 0.0581  enc_loss_bbox: 0.0641  enc_loss_iou: 0.2918  dn_loss_cls: 0.0011  dn_loss_bbox: 0.0647  dn_loss_iou: 0.1872  d0.dn_loss_cls: 0.0126  d0.dn_loss_bbox: 0.0944  d0.dn_loss_iou: 0.2477  d1.dn_loss_cls: 0.0027  d1.dn_loss_bbox: 0.0666  d1.dn_loss_iou: 0.1969  d2.dn_loss_cls: 0.0015  d2.dn_loss_bbox: 0.0646  d2.dn_loss_iou: 0.1891  d3.dn_loss_cls: 0.0011  d3.dn_loss_bbox: 0.0645  d3.dn_loss_iou: 0.1876  d4.dn_loss_cls: 0.0011  d4.dn_loss_bbox: 0.0647  d4.dn_loss_iou: 0.1873  contr_loss: 1.2097
08/07 14:05:44 - mmengine - INFO - Epoch(train) [15][300/698]  base_lr: 1.0000e-05 lr: 1.0000e-05  eta: 3:42:39  time: 1.0923  data_time: 0.0086  memory: 9676  grad_norm: 37.7841  loss: 4.5801  loss_cls: 0.0437  loss_bbox: 0.0535  loss_iou: 0.2286  d0.loss_cls: 0.0508  d0.loss_bbox: 0.0569  d0.loss_iou: 0.2355  d1.loss_cls: 0.0442  d1.loss_bbox: 0.0579  d1.loss_iou: 0.2340  d2.loss_cls: 0.0442  d2.loss_bbox: 0.0549  d2.loss_iou: 0.2308  d3.loss_cls: 0.0435  d3.loss_bbox: 0.0534  d3.loss_iou: 0.2279  d4.loss_cls: 0.0431  d4.loss_bbox: 0.0535  d4.loss_iou: 0.2284  enc_loss_cls: 0.0668  enc_loss_bbox: 0.0642  enc_loss_iou: 0.2465  dn_loss_cls: 0.0030  dn_loss_bbox: 0.0601  dn_loss_iou: 0.1634  d0.dn_loss_cls: 0.0156  d0.dn_loss_bbox: 0.0945  d0.dn_loss_iou: 0.2236  d1.dn_loss_cls: 0.0046  d1.dn_loss_bbox: 0.0649  d1.dn_loss_iou: 0.1741  d2.dn_loss_cls: 0.0029  d2.dn_loss_bbox: 0.0608  d2.dn_loss_iou: 0.1659  d3.dn_loss_cls: 0.0025  d3.dn_loss_bbox: 0.0605  d3.dn_loss_iou: 0.1639  d4.dn_loss_cls: 0.0028  d4.dn_loss_bbox: 0.0602  d4.dn_loss_iou: 0.1633  contr_loss: 0.7314
08/07 14:06:38 - mmengine - INFO - Epoch(train) [15][350/698]  base_lr: 1.0000e-05 lr: 1.0000e-05  eta: 3:41:44  time: 1.0945  data_time: 0.0087  memory: 10168  grad_norm: 38.0635  loss: 5.5924  loss_cls: 0.0621  loss_bbox: 0.0598  loss_iou: 0.2680  d0.loss_cls: 0.0771  d0.loss_bbox: 0.0624  d0.loss_iou: 0.2719  d1.loss_cls: 0.0719  d1.loss_bbox: 0.0607  d1.loss_iou: 0.2682  d2.loss_cls: 0.0684  d2.loss_bbox: 0.0593  d2.loss_iou: 0.2700  d3.loss_cls: 0.0646  d3.loss_bbox: 0.0601  d3.loss_iou: 0.2690  d4.loss_cls: 0.0624  d4.loss_bbox: 0.0598  d4.loss_iou: 0.2679  enc_loss_cls: 0.0838  enc_loss_bbox: 0.0695  enc_loss_iou: 0.2871  dn_loss_cls: 0.0048  dn_loss_bbox: 0.0688  dn_loss_iou: 0.2097  d0.dn_loss_cls: 0.0206  d0.dn_loss_bbox: 0.0981  d0.dn_loss_iou: 0.2772  d1.dn_loss_cls: 0.0072  d1.dn_loss_bbox: 0.0748  d1.dn_loss_iou: 0.2231  d2.dn_loss_cls: 0.0056  d2.dn_loss_bbox: 0.0704  d2.dn_loss_iou: 0.2133  d3.dn_loss_cls: 0.0047  d3.dn_loss_bbox: 0.0694  d3.dn_loss_iou: 0.2111  d4.dn_loss_cls: 0.0048  d4.dn_loss_bbox: 0.0688  d4.dn_loss_iou: 0.2100  contr_loss: 0.9262
08/07 14:07:33 - mmengine - INFO - Epoch(train) [15][400/698]  base_lr: 1.0000e-05 lr: 1.0000e-05  eta: 3:40:50  time: 1.0900  data_time: 0.0099  memory: 10046  grad_norm: 39.6583  loss: 5.3972  loss_cls: 0.0500  loss_bbox: 0.0611  loss_iou: 0.2685  d0.loss_cls: 0.0616  d0.loss_bbox: 0.0672  d0.loss_iou: 0.2766  d1.loss_cls: 0.0546  d1.loss_bbox: 0.0643  d1.loss_iou: 0.2739  d2.loss_cls: 0.0509  d2.loss_bbox: 0.0621  d2.loss_iou: 0.2703  d3.loss_cls: 0.0498  d3.loss_bbox: 0.0623  d3.loss_iou: 0.2700  d4.loss_cls: 0.0504  d4.loss_bbox: 0.0611  d4.loss_iou: 0.2686  enc_loss_cls: 0.0781  enc_loss_bbox: 0.0749  enc_loss_iou: 0.2885  dn_loss_cls: 0.0023  dn_loss_bbox: 0.0641  dn_loss_iou: 0.1809  d0.dn_loss_cls: 0.0149  d0.dn_loss_bbox: 0.0952  d0.dn_loss_iou: 0.2395  d1.dn_loss_cls: 0.0041  d1.dn_loss_bbox: 0.0696  d1.dn_loss_iou: 0.1915  d2.dn_loss_cls: 0.0030  d2.dn_loss_bbox: 0.0658  d2.dn_loss_iou: 0.1841  d3.dn_loss_cls: 0.0026  d3.dn_loss_bbox: 0.0644  d3.dn_loss_iou: 0.1815  d4.dn_loss_cls: 0.0025  d4.dn_loss_bbox: 0.0642  d4.dn_loss_iou: 0.1810  contr_loss: 1.0213
08/07 14:08:28 - mmengine - INFO - Epoch(train) [15][450/698]  base_lr: 1.0000e-05 lr: 1.0000e-05  eta: 3:39:57  time: 1.1099  data_time: 0.0088  memory: 10045  grad_norm: 32.7877  loss: 4.9320  loss_cls: 0.0515  loss_bbox: 0.0611  loss_iou: 0.2677  d0.loss_cls: 0.0650  d0.loss_bbox: 0.0648  d0.loss_iou: 0.2760  d1.loss_cls: 0.0591  d1.loss_bbox: 0.0628  d1.loss_iou: 0.2720  d2.loss_cls: 0.0545  d2.loss_bbox: 0.0617  d2.loss_iou: 0.2680  d3.loss_cls: 0.0544  d3.loss_bbox: 0.0613  d3.loss_iou: 0.2668  d4.loss_cls: 0.0526  d4.loss_bbox: 0.0612  d4.loss_iou: 0.2668  enc_loss_cls: 0.0784  enc_loss_bbox: 0.0706  enc_loss_iou: 0.2851  dn_loss_cls: 0.0025  dn_loss_bbox: 0.0700  dn_loss_iou: 0.1753  d0.dn_loss_cls: 0.0138  d0.dn_loss_bbox: 0.1043  d0.dn_loss_iou: 0.2334  d1.dn_loss_cls: 0.0039  d1.dn_loss_bbox: 0.0745  d1.dn_loss_iou: 0.1857  d2.dn_loss_cls: 0.0026  d2.dn_loss_bbox: 0.0716  d2.dn_loss_iou: 0.1778  d3.dn_loss_cls: 0.0028  d3.dn_loss_bbox: 0.0704  d3.dn_loss_iou: 0.1763  d4.dn_loss_cls: 0.0028  d4.dn_loss_bbox: 0.0701  d4.dn_loss_iou: 0.1754  contr_loss: 0.5570
08/07 14:09:23 - mmengine - INFO - Epoch(train) [15][500/698]  base_lr: 1.0000e-05 lr: 1.0000e-05  eta: 3:39:03  time: 1.1012  data_time: 0.0093  memory: 10383  grad_norm: 40.8833  loss: 6.1472  loss_cls: 0.0556  loss_bbox: 0.0655  loss_iou: 0.3547  d0.loss_cls: 0.0670  d0.loss_bbox: 0.0666  d0.loss_iou: 0.3632  d1.loss_cls: 0.0594  d1.loss_bbox: 0.0671  d1.loss_iou: 0.3596  d2.loss_cls: 0.0584  d2.loss_bbox: 0.0659  d2.loss_iou: 0.3553  d3.loss_cls: 0.0552  d3.loss_bbox: 0.0660  d3.loss_iou: 0.3556  d4.loss_cls: 0.0552  d4.loss_bbox: 0.0659  d4.loss_iou: 0.3553  enc_loss_cls: 0.0752  enc_loss_bbox: 0.0737  enc_loss_iou: 0.3782  dn_loss_cls: 0.0057  dn_loss_bbox: 0.0555  dn_loss_iou: 0.1898  d0.dn_loss_cls: 0.0146  d0.dn_loss_bbox: 0.0814  d0.dn_loss_iou: 0.2484  d1.dn_loss_cls: 0.0046  d1.dn_loss_bbox: 0.0603  d1.dn_loss_iou: 0.2011  d2.dn_loss_cls: 0.0045  d2.dn_loss_bbox: 0.0561  d2.dn_loss_iou: 0.1921  d3.dn_loss_cls: 0.0042  d3.dn_loss_bbox: 0.0556  d3.dn_loss_iou: 0.1903  d4.dn_loss_cls: 0.0051  d4.dn_loss_bbox: 0.0555  d4.dn_loss_iou: 0.1898  contr_loss: 1.1143
08/07 14:10:18 - mmengine - INFO - Epoch(train) [15][550/698]  base_lr: 1.0000e-05 lr: 1.0000e-05  eta: 3:38:09  time: 1.0973  data_time: 0.0086  memory: 10230  grad_norm: 41.3833  loss: 4.8521  loss_cls: 0.0483  loss_bbox: 0.0595  loss_iou: 0.2329  d0.loss_cls: 0.0569  d0.loss_bbox: 0.0630  d0.loss_iou: 0.2381  d1.loss_cls: 0.0503  d1.loss_bbox: 0.0612  d1.loss_iou: 0.2353  d2.loss_cls: 0.0503  d2.loss_bbox: 0.0599  d2.loss_iou: 0.2333  d3.loss_cls: 0.0477  d3.loss_bbox: 0.0598  d3.loss_iou: 0.2338  d4.loss_cls: 0.0494  d4.loss_bbox: 0.0594  d4.loss_iou: 0.2325  enc_loss_cls: 0.0692  enc_loss_bbox: 0.0715  enc_loss_iou: 0.2532  dn_loss_cls: 0.0022  dn_loss_bbox: 0.0664  dn_loss_iou: 0.1935  d0.dn_loss_cls: 0.0174  d0.dn_loss_bbox: 0.0995  d0.dn_loss_iou: 0.2585  d1.dn_loss_cls: 0.0048  d1.dn_loss_bbox: 0.0720  d1.dn_loss_iou: 0.2049  d2.dn_loss_cls: 0.0032  d2.dn_loss_bbox: 0.0671  d2.dn_loss_iou: 0.1952  d3.dn_loss_cls: 0.0026  d3.dn_loss_bbox: 0.0665  d3.dn_loss_iou: 0.1938  d4.dn_loss_cls: 0.0024  d4.dn_loss_bbox: 0.0664  d4.dn_loss_iou: 0.1936  contr_loss: 0.6764
08/07 14:11:13 - mmengine - INFO - Epoch(train) [15][600/698]  base_lr: 1.0000e-05 lr: 1.0000e-05  eta: 3:37:15  time: 1.0925  data_time: 0.0086  memory: 10147  grad_norm: 37.9500  loss: 5.5312  loss_cls: 0.0442  loss_bbox: 0.0608  loss_iou: 0.2576  d0.loss_cls: 0.0511  d0.loss_bbox: 0.0649  d0.loss_iou: 0.2597  d1.loss_cls: 0.0501  d1.loss_bbox: 0.0624  d1.loss_iou: 0.2589  d2.loss_cls: 0.0496  d2.loss_bbox: 0.0612  d2.loss_iou: 0.2567  d3.loss_cls: 0.0460  d3.loss_bbox: 0.0608  d3.loss_iou: 0.2580  d4.loss_cls: 0.0450  d4.loss_bbox: 0.0608  d4.loss_iou: 0.2576  enc_loss_cls: 0.0740  enc_loss_bbox: 0.0719  enc_loss_iou: 0.2729  dn_loss_cls: 0.0018  dn_loss_bbox: 0.0663  dn_loss_iou: 0.1987  d0.dn_loss_cls: 0.0163  d0.dn_loss_bbox: 0.0968  d0.dn_loss_iou: 0.2616  d1.dn_loss_cls: 0.0038  d1.dn_loss_bbox: 0.0707  d1.dn_loss_iou: 0.2094  d2.dn_loss_cls: 0.0029  d2.dn_loss_bbox: 0.0678  d2.dn_loss_iou: 0.2012  d3.dn_loss_cls: 0.0020  d3.dn_loss_bbox: 0.0673  d3.dn_loss_iou: 0.1993  d4.dn_loss_cls: 0.0018  d4.dn_loss_bbox: 0.0664  d4.dn_loss_iou: 0.1987  contr_loss: 1.1738
08/07 14:12:08 - mmengine - INFO - Epoch(train) [15][650/698]  base_lr: 1.0000e-05 lr: 1.0000e-05  eta: 3:36:21  time: 1.1069  data_time: 0.0097  memory: 11380  grad_norm: 37.4875  loss: 5.1200  loss_cls: 0.0542  loss_bbox: 0.0576  loss_iou: 0.2480  d0.loss_cls: 0.0627  d0.loss_bbox: 0.0621  d0.loss_iou: 0.2587  d1.loss_cls: 0.0594  d1.loss_bbox: 0.0594  d1.loss_iou: 0.2530  d2.loss_cls: 0.0573  d2.loss_bbox: 0.0587  d2.loss_iou: 0.2511  d3.loss_cls: 0.0544  d3.loss_bbox: 0.0580  d3.loss_iou: 0.2501  d4.loss_cls: 0.0520  d4.loss_bbox: 0.0579  d4.loss_iou: 0.2490  enc_loss_cls: 0.0806  enc_loss_bbox: 0.0663  enc_loss_iou: 0.2688  dn_loss_cls: 0.0042  dn_loss_bbox: 0.0578  dn_loss_iou: 0.1941  d0.dn_loss_cls: 0.0178  d0.dn_loss_bbox: 0.0872  d0.dn_loss_iou: 0.2567  d1.dn_loss_cls: 0.0056  d1.dn_loss_bbox: 0.0620  d1.dn_loss_iou: 0.2043  d2.dn_loss_cls: 0.0048  d2.dn_loss_bbox: 0.0592  d2.dn_loss_iou: 0.1966  d3.dn_loss_cls: 0.0044  d3.dn_loss_bbox: 0.0582  d3.dn_loss_iou: 0.1951  d4.dn_loss_cls: 0.0042  d4.dn_loss_bbox: 0.0578  d4.dn_loss_iou: 0.1942  contr_loss: 0.8362
08/07 14:13:00 - mmengine - INFO - Exp name: lae_dino_swin-t_finetune_DIOR_20260807_105315
08/07 14:13:00 - mmengine - INFO - Saving checkpoint at 15 epochs
08/07 14:13:11 - mmengine - INFO - Epoch(val) [15][ 50/147]    eta: 0:00:09  time: 0.1023  data_time: 0.0025  memory: 10077  
08/07 14:13:16 - mmengine - INFO - Epoch(val) [15][100/147]    eta: 0:00:04  time: 0.1022  data_time: 0.0020  memory: 3800  
08/07 14:13:24 - mmengine - INFO - Evaluating bbox...
Loading and preparing results...
DONE (t=0.40s)
creating index...
index created!
Running per image evaluation...
Evaluate annotation type *bbox*
DONE (t=8.33s).
Accumulating evaluation results...
DONE (t=3.21s).
 Average Precision  (AP) @[ IoU=0.50:0.95 | area=   all | maxDets=100 ] = 0.735
 Average Precision  (AP) @[ IoU=0.50      | area=   all | maxDets=1000 ] = 0.915
 Average Precision  (AP) @[ IoU=0.75      | area=   all | maxDets=1000 ] = 0.805
 Average Precision  (AP) @[ IoU=0.50:0.95 | area= small | maxDets=1000 ] = 0.300
 Average Precision  (AP) @[ IoU=0.50:0.95 | area=medium | maxDets=1000 ] = 0.628
 Average Precision  (AP) @[ IoU=0.50:0.95 | area= large | maxDets=1000 ] = 0.843
 Average Recall     (AR) @[ IoU=0.50:0.95 | area=   all | maxDets=100 ] = 0.836
 Average Recall     (AR) @[ IoU=0.50:0.95 | area=   all | maxDets=300 ] = 0.841
 Average Recall     (AR) @[ IoU=0.50:0.95 | area=   all | maxDets=1000 ] = 0.841
 Average Recall     (AR) @[ IoU=0.50:0.95 | area= small | maxDets=1000 ] = 0.438
 Average Recall     (AR) @[ IoU=0.50:0.95 | area=medium | maxDets=1000 ] = 0.771
 Average Recall     (AR) @[ IoU=0.50:0.95 | area= large | maxDets=1000 ] = 0.921
08/07 14:13:37 - mmengine - INFO - bbox_mAP_copypaste: 0.735 0.915 0.805 0.300 0.628 0.843
================DIOR/coco================
08/07 14:13:37 - mmengine - INFO - Epoch(val) [15][147/147]    DIOR/coco/bbox_mAP: 0.7350  DIOR/coco/bbox_mAP_50: 0.9150  DIOR/coco/bbox_mAP_75: 0.8050  DIOR/coco/bbox_mAP_s: 0.3000  DIOR/coco/bbox_mAP_m: 0.6280  DIOR/coco/bbox_mAP_l: 0.8430  data_time: 0.0021  time: 0.1013
08/07 14:14:32 - mmengine - INFO - Epoch(train) [16][ 50/698]  base_lr: 1.0000e-05 lr: 1.0000e-05  eta: 3:34:35  time: 1.1051  data_time: 0.0155  memory: 10308  grad_norm: 36.4538  loss: 4.7715  loss_cls: 0.0466  loss_bbox: 0.0587  loss_iou: 0.2394  d0.loss_cls: 0.0548  d0.loss_bbox: 0.0608  d0.loss_iou: 0.2418  d1.loss_cls: 0.0507  d1.loss_bbox: 0.0590  d1.loss_iou: 0.2408  d2.loss_cls: 0.0495  d2.loss_bbox: 0.0588  d2.loss_iou: 0.2387  d3.loss_cls: 0.0456  d3.loss_bbox: 0.0591  d3.loss_iou: 0.2405  d4.loss_cls: 0.0461  d4.loss_bbox: 0.0587  d4.loss_iou: 0.2392  enc_loss_cls: 0.0702  enc_loss_bbox: 0.0659  enc_loss_iou: 0.2523  dn_loss_cls: 0.0021  dn_loss_bbox: 0.0599  dn_loss_iou: 0.1726  d0.dn_loss_cls: 0.0157  d0.dn_loss_bbox: 0.0889  d0.dn_loss_iou: 0.2286  d1.dn_loss_cls: 0.0036  d1.dn_loss_bbox: 0.0645  d1.dn_loss_iou: 0.1829  d2.dn_loss_cls: 0.0030  d2.dn_loss_bbox: 0.0607  d2.dn_loss_iou: 0.1739  d3.dn_loss_cls: 0.0023  d3.dn_loss_bbox: 0.0603  d3.dn_loss_iou: 0.1730  d4.dn_loss_cls: 0.0020  d4.dn_loss_bbox: 0.0599  d4.dn_loss_iou: 0.1725  contr_loss: 0.7681
08/07 14:15:25 - mmengine - INFO - Epoch(train) [16][100/698]  base_lr: 1.0000e-05 lr: 1.0000e-05  eta: 3:33:39  time: 1.0601  data_time: 0.0091  memory: 9961  grad_norm: 39.8971  loss: 4.5950  loss_cls: 0.0411  loss_bbox: 0.0551  loss_iou: 0.2512  d0.loss_cls: 0.0474  d0.loss_bbox: 0.0580  d0.loss_iou: 0.2593  d1.loss_cls: 0.0424  d1.loss_bbox: 0.0578  d1.loss_iou: 0.2548  d2.loss_cls: 0.0425  d2.loss_bbox: 0.0555  d2.loss_iou: 0.2527  d3.loss_cls: 0.0415  d3.loss_bbox: 0.0555  d3.loss_iou: 0.2525  d4.loss_cls: 0.0409  d4.loss_bbox: 0.0552  d4.loss_iou: 0.2515  enc_loss_cls: 0.0621  enc_loss_bbox: 0.0645  enc_loss_iou: 0.2712  dn_loss_cls: 0.0016  dn_loss_bbox: 0.0577  dn_loss_iou: 0.1782  d0.dn_loss_cls: 0.0115  d0.dn_loss_bbox: 0.0858  d0.dn_loss_iou: 0.2339  d1.dn_loss_cls: 0.0031  d1.dn_loss_bbox: 0.0617  d1.dn_loss_iou: 0.1878  d2.dn_loss_cls: 0.0021  d2.dn_loss_bbox: 0.0585  d2.dn_loss_iou: 0.1801  d3.dn_loss_cls: 0.0018  d3.dn_loss_bbox: 0.0578  d3.dn_loss_iou: 0.1785  d4.dn_loss_cls: 0.0016  d4.dn_loss_bbox: 0.0577  d4.dn_loss_iou: 0.1781  contr_loss: 0.5452
08/07 14:16:19 - mmengine - INFO - Epoch(train) [16][150/698]  base_lr: 1.0000e-05 lr: 1.0000e-05  eta: 3:32:44  time: 1.0805  data_time: 0.0087  memory: 10110  grad_norm: 32.8988  loss: 4.8457  loss_cls: 0.0460  loss_bbox: 0.0503  loss_iou: 0.2475  d0.loss_cls: 0.0562  d0.loss_bbox: 0.0536  d0.loss_iou: 0.2516  d1.loss_cls: 0.0523  d1.loss_bbox: 0.0514  d1.loss_iou: 0.2486  d2.loss_cls: 0.0505  d2.loss_bbox: 0.0508  d2.loss_iou: 0.2462  d3.loss_cls: 0.0478  d3.loss_bbox: 0.0499  d3.loss_iou: 0.2474  d4.loss_cls: 0.0472  d4.loss_bbox: 0.0501  d4.loss_iou: 0.2477  enc_loss_cls: 0.0729  enc_loss_bbox: 0.0621  enc_loss_iou: 0.2662  dn_loss_cls: 0.0018  dn_loss_bbox: 0.0630  dn_loss_iou: 0.1813  d0.dn_loss_cls: 0.0130  d0.dn_loss_bbox: 0.0941  d0.dn_loss_iou: 0.2417  d1.dn_loss_cls: 0.0030  d1.dn_loss_bbox: 0.0680  d1.dn_loss_iou: 0.1922  d2.dn_loss_cls: 0.0025  d2.dn_loss_bbox: 0.0640  d2.dn_loss_iou: 0.1838  d3.dn_loss_cls: 0.0020  d3.dn_loss_bbox: 0.0630  d3.dn_loss_iou: 0.1819  d4.dn_loss_cls: 0.0018  d4.dn_loss_bbox: 0.0630  d4.dn_loss_iou: 0.1814  contr_loss: 0.7479
08/07 14:17:15 - mmengine - INFO - Epoch(train) [16][200/698]  base_lr: 1.0000e-05 lr: 1.0000e-05  eta: 3:31:51  time: 1.1185  data_time: 0.0088  memory: 10013  grad_norm: 39.1898  loss: 5.6290  loss_cls: 0.0532  loss_bbox: 0.0651  loss_iou: 0.2737  d0.loss_cls: 0.0684  d0.loss_bbox: 0.0694  d0.loss_iou: 0.2838  d1.loss_cls: 0.0600  d1.loss_bbox: 0.0663  d1.loss_iou: 0.2791  d2.loss_cls: 0.0575  d2.loss_bbox: 0.0651  d2.loss_iou: 0.2745  d3.loss_cls: 0.0560  d3.loss_bbox: 0.0649  d3.loss_iou: 0.2743  d4.loss_cls: 0.0539  d4.loss_bbox: 0.0650  d4.loss_iou: 0.2730  enc_loss_cls: 0.0831  enc_loss_bbox: 0.0769  enc_loss_iou: 0.2983  dn_loss_cls: 0.0021  dn_loss_bbox: 0.0664  dn_loss_iou: 0.1815  d0.dn_loss_cls: 0.0144  d0.dn_loss_bbox: 0.0988  d0.dn_loss_iou: 0.2414  d1.dn_loss_cls: 0.0039  d1.dn_loss_bbox: 0.0712  d1.dn_loss_iou: 0.1923  d2.dn_loss_cls: 0.0029  d2.dn_loss_bbox: 0.0672  d2.dn_loss_iou: 0.1837  d3.dn_loss_cls: 0.0023  d3.dn_loss_bbox: 0.0664  d3.dn_loss_iou: 0.1822  d4.dn_loss_cls: 0.0021  d4.dn_loss_bbox: 0.0663  d4.dn_loss_iou: 0.1815  contr_loss: 1.1409
08/07 14:18:11 - mmengine - INFO - Epoch(train) [16][250/698]  base_lr: 1.0000e-05 lr: 1.0000e-05  eta: 3:30:57  time: 1.1125  data_time: 0.0089  memory: 10292  grad_norm: 37.9462  loss: 4.5312  loss_cls: 0.0586  loss_bbox: 0.0507  loss_iou: 0.2062  d0.loss_cls: 0.0728  d0.loss_bbox: 0.0545  d0.loss_iou: 0.2144  d1.loss_cls: 0.0694  d1.loss_bbox: 0.0528  d1.loss_iou: 0.2111  d2.loss_cls: 0.0676  d2.loss_bbox: 0.0526  d2.loss_iou: 0.2108  d3.loss_cls: 0.0651  d3.loss_bbox: 0.0522  d3.loss_iou: 0.2070  d4.loss_cls: 0.0599  d4.loss_bbox: 0.0504  d4.loss_iou: 0.2050  enc_loss_cls: 0.0827  enc_loss_bbox: 0.0620  enc_loss_iou: 0.2240  dn_loss_cls: 0.0027  dn_loss_bbox: 0.0688  dn_loss_iou: 0.1876  d0.dn_loss_cls: 0.0167  d0.dn_loss_bbox: 0.1011  d0.dn_loss_iou: 0.2476  d1.dn_loss_cls: 0.0052  d1.dn_loss_bbox: 0.0737  d1.dn_loss_iou: 0.1982  d2.dn_loss_cls: 0.0035  d2.dn_loss_bbox: 0.0704  d2.dn_loss_iou: 0.1895  d3.dn_loss_cls: 0.0030  d3.dn_loss_bbox: 0.0688  d3.dn_loss_iou: 0.1878  d4.dn_loss_cls: 0.0029  d4.dn_loss_bbox: 0.0688  d4.dn_loss_iou: 0.1876  contr_loss: 0.5179
08/07 14:19:05 - mmengine - INFO - Epoch(train) [16][300/698]  base_lr: 1.0000e-05 lr: 1.0000e-05  eta: 3:30:03  time: 1.0866  data_time: 0.0090  memory: 10131  grad_norm: 34.8682  loss: 5.3882  loss_cls: 0.0420  loss_bbox: 0.0536  loss_iou: 0.2419  d0.loss_cls: 0.0520  d0.loss_bbox: 0.0608  d0.loss_iou: 0.2526  d1.loss_cls: 0.0503  d1.loss_bbox: 0.0568  d1.loss_iou: 0.2445  d2.loss_cls: 0.0471  d2.loss_bbox: 0.0554  d2.loss_iou: 0.2447  d3.loss_cls: 0.0426  d3.loss_bbox: 0.0547  d3.loss_iou: 0.2442  d4.loss_cls: 0.0412  d4.loss_bbox: 0.0536  d4.loss_iou: 0.2422  enc_loss_cls: 0.0634  enc_loss_bbox: 0.0675  enc_loss_iou: 0.2621  dn_loss_cls: 0.0014  dn_loss_bbox: 0.0730  dn_loss_iou: 0.1865  d0.dn_loss_cls: 0.0138  d0.dn_loss_bbox: 0.1077  d0.dn_loss_iou: 0.2506  d1.dn_loss_cls: 0.0028  d1.dn_loss_bbox: 0.0778  d1.dn_loss_iou: 0.1974  d2.dn_loss_cls: 0.0020  d2.dn_loss_bbox: 0.0735  d2.dn_loss_iou: 0.1886  d3.dn_loss_cls: 0.0018  d3.dn_loss_bbox: 0.0731  d3.dn_loss_iou: 0.1873  d4.dn_loss_cls: 0.0015  d4.dn_loss_bbox: 0.0729  d4.dn_loss_iou: 0.1865  contr_loss: 1.2165
08/07 14:20:00 - mmengine - INFO - Epoch(train) [16][350/698]  base_lr: 1.0000e-05 lr: 1.0000e-05  eta: 3:29:09  time: 1.0925  data_time: 0.0097  memory: 10407  grad_norm: 41.8537  loss: 4.7980  loss_cls: 0.0430  loss_bbox: 0.0626  loss_iou: 0.2248  d0.loss_cls: 0.0490  d0.loss_bbox: 0.0656  d0.loss_iou: 0.2305  d1.loss_cls: 0.0458  d1.loss_bbox: 0.0636  d1.loss_iou: 0.2281  d2.loss_cls: 0.0438  d2.loss_bbox: 0.0630  d2.loss_iou: 0.2251  d3.loss_cls: 0.0416  d3.loss_bbox: 0.0639  d3.loss_iou: 0.2258  d4.loss_cls: 0.0429  d4.loss_bbox: 0.0626  d4.loss_iou: 0.2249  enc_loss_cls: 0.0628  enc_loss_bbox: 0.0744  enc_loss_iou: 0.2438  dn_loss_cls: 0.0019  dn_loss_bbox: 0.0770  dn_loss_iou: 0.1873  d0.dn_loss_cls: 0.0169  d0.dn_loss_bbox: 0.1113  d0.dn_loss_iou: 0.2503  d1.dn_loss_cls: 0.0032  d1.dn_loss_bbox: 0.0825  d1.dn_loss_iou: 0.1978  d2.dn_loss_cls: 0.0023  d2.dn_loss_bbox: 0.0782  d2.dn_loss_iou: 0.1892  d3.dn_loss_cls: 0.0019  d3.dn_loss_bbox: 0.0772  d3.dn_loss_iou: 0.1876  d4.dn_loss_cls: 0.0018  d4.dn_loss_bbox: 0.0770  d4.dn_loss_iou: 0.1872  contr_loss: 0.6798
08/07 14:20:54 - mmengine - INFO - Epoch(train) [16][400/698]  base_lr: 1.0000e-05 lr: 1.0000e-05  eta: 3:28:14  time: 1.0930  data_time: 0.0094  memory: 10146  grad_norm: 43.0184  loss: 5.0334  loss_cls: 0.0544  loss_bbox: 0.0569  loss_iou: 0.2741  d0.loss_cls: 0.0654  d0.loss_bbox: 0.0611  d0.loss_iou: 0.2845  d1.loss_cls: 0.0638  d1.loss_bbox: 0.0596  d1.loss_iou: 0.2789  d2.loss_cls: 0.0573  d2.loss_bbox: 0.0582  d2.loss_iou: 0.2759  d3.loss_cls: 0.0549  d3.loss_bbox: 0.0581  d3.loss_iou: 0.2755  d4.loss_cls: 0.0556  d4.loss_bbox: 0.0576  d4.loss_iou: 0.2740  enc_loss_cls: 0.0772  enc_loss_bbox: 0.0681  enc_loss_iou: 0.2980  dn_loss_cls: 0.0016  dn_loss_bbox: 0.0554  dn_loss_iou: 0.1687  d0.dn_loss_cls: 0.0125  d0.dn_loss_bbox: 0.0795  d0.dn_loss_iou: 0.2248  d1.dn_loss_cls: 0.0030  d1.dn_loss_bbox: 0.0587  d1.dn_loss_iou: 0.1801  d2.dn_loss_cls: 0.0022  d2.dn_loss_bbox: 0.0557  d2.dn_loss_iou: 0.1714  d3.dn_loss_cls: 0.0020  d3.dn_loss_bbox: 0.0557  d3.dn_loss_iou: 0.1696  d4.dn_loss_cls: 0.0017  d4.dn_loss_bbox: 0.0554  d4.dn_loss_iou: 0.1689  contr_loss: 0.7575
08/07 14:21:48 - mmengine - INFO - Epoch(train) [16][450/698]  base_lr: 1.0000e-05 lr: 1.0000e-05  eta: 3:27:19  time: 1.0763  data_time: 0.0090  memory: 9847  grad_norm: 37.0317  loss: 4.9790  loss_cls: 0.0347  loss_bbox: 0.0548  loss_iou: 0.2251  d0.loss_cls: 0.0422  d0.loss_bbox: 0.0587  d0.loss_iou: 0.2329  d1.loss_cls: 0.0398  d1.loss_bbox: 0.0558  d1.loss_iou: 0.2264  d2.loss_cls: 0.0378  d2.loss_bbox: 0.0546  d2.loss_iou: 0.2249  d3.loss_cls: 0.0361  d3.loss_bbox: 0.0543  d3.loss_iou: 0.2249  d4.loss_cls: 0.0356  d4.loss_bbox: 0.0543  d4.loss_iou: 0.2246  enc_loss_cls: 0.0557  enc_loss_bbox: 0.0629  enc_loss_iou: 0.2424  dn_loss_cls: 0.0026  dn_loss_bbox: 0.0708  dn_loss_iou: 0.1863  d0.dn_loss_cls: 0.0163  d0.dn_loss_bbox: 0.1034  d0.dn_loss_iou: 0.2528  d1.dn_loss_cls: 0.0043  d1.dn_loss_bbox: 0.0754  d1.dn_loss_iou: 0.1970  d2.dn_loss_cls: 0.0035  d2.dn_loss_bbox: 0.0718  d2.dn_loss_iou: 0.1881  d3.dn_loss_cls: 0.0027  d3.dn_loss_bbox: 0.0711  d3.dn_loss_iou: 0.1873  d4.dn_loss_cls: 0.0026  d4.dn_loss_bbox: 0.0708  d4.dn_loss_iou: 0.1863  contr_loss: 1.0077
08/07 14:22:42 - mmengine - INFO - Epoch(train) [16][500/698]  base_lr: 1.0000e-05 lr: 1.0000e-05  eta: 3:26:24  time: 1.0720  data_time: 0.0091  memory: 9545  grad_norm: 38.3869  loss: 4.6707  loss_cls: 0.0438  loss_bbox: 0.0486  loss_iou: 0.2321  d0.loss_cls: 0.0493  d0.loss_bbox: 0.0510  d0.loss_iou: 0.2392  d1.loss_cls: 0.0446  d1.loss_bbox: 0.0499  d1.loss_iou: 0.2376  d2.loss_cls: 0.0446  d2.loss_bbox: 0.0490  d2.loss_iou: 0.2331  d3.loss_cls: 0.0438  d3.loss_bbox: 0.0489  d3.loss_iou: 0.2325  d4.loss_cls: 0.0432  d4.loss_bbox: 0.0487  d4.loss_iou: 0.2324  enc_loss_cls: 0.0660  enc_loss_bbox: 0.0570  enc_loss_iou: 0.2511  dn_loss_cls: 0.0019  dn_loss_bbox: 0.0518  dn_loss_iou: 0.1708  d0.dn_loss_cls: 0.0134  d0.dn_loss_bbox: 0.0788  d0.dn_loss_iou: 0.2267  d1.dn_loss_cls: 0.0033  d1.dn_loss_bbox: 0.0554  d1.dn_loss_iou: 0.1802  d2.dn_loss_cls: 0.0024  d2.dn_loss_bbox: 0.0522  d2.dn_loss_iou: 0.1727  d3.dn_loss_cls: 0.0019  d3.dn_loss_bbox: 0.0518  d3.dn_loss_iou: 0.1715  d4.dn_loss_cls: 0.0019  d4.dn_loss_bbox: 0.0517  d4.dn_loss_iou: 0.1708  contr_loss: 0.8651
08/07 14:23:15 - mmengine - INFO - Exp name: lae_dino_swin-t_finetune_DIOR_20260807_105315
08/07 14:23:37 - mmengine - INFO - Epoch(train) [16][550/698]  base_lr: 1.0000e-05 lr: 1.0000e-05  eta: 3:25:30  time: 1.1109  data_time: 0.0099  memory: 11143  grad_norm: 40.0295  loss: 6.0849  loss_cls: 0.0602  loss_bbox: 0.0610  loss_iou: 0.3330  d0.loss_cls: 0.0760  d0.loss_bbox: 0.0657  d0.loss_iou: 0.3426  d1.loss_cls: 0.0681  d1.loss_bbox: 0.0629  d1.loss_iou: 0.3370  d2.loss_cls: 0.0653  d2.loss_bbox: 0.0614  d2.loss_iou: 0.3346  d3.loss_cls: 0.0616  d3.loss_bbox: 0.0612  d3.loss_iou: 0.3331  d4.loss_cls: 0.0606  d4.loss_bbox: 0.0609  d4.loss_iou: 0.3323  enc_loss_cls: 0.0879  enc_loss_bbox: 0.0724  enc_loss_iou: 0.3620  dn_loss_cls: 0.0037  dn_loss_bbox: 0.0665  dn_loss_iou: 0.1909  d0.dn_loss_cls: 0.0147  d0.dn_loss_bbox: 0.0944  d0.dn_loss_iou: 0.2500  d1.dn_loss_cls: 0.0057  d1.dn_loss_bbox: 0.0711  d1.dn_loss_iou: 0.2013  d2.dn_loss_cls: 0.0044  d2.dn_loss_bbox: 0.0676  d2.dn_loss_iou: 0.1920  d3.dn_loss_cls: 0.0039  d3.dn_loss_bbox: 0.0671  d3.dn_loss_iou: 0.1910  d4.dn_loss_cls: 0.0037  d4.dn_loss_bbox: 0.0666  d4.dn_loss_iou: 0.1910  contr_loss: 1.0996
08/07 14:24:32 - mmengine - INFO - Epoch(train) [16][600/698]  base_lr: 1.0000e-05 lr: 1.0000e-05  eta: 3:24:36  time: 1.0885  data_time: 0.0091  memory: 9863  grad_norm: 39.7844  loss: 5.3325  loss_cls: 0.0448  loss_bbox: 0.0558  loss_iou: 0.2358  d0.loss_cls: 0.0536  d0.loss_bbox: 0.0599  d0.loss_iou: 0.2444  d1.loss_cls: 0.0521  d1.loss_bbox: 0.0577  d1.loss_iou: 0.2410  d2.loss_cls: 0.0483  d2.loss_bbox: 0.0561  d2.loss_iou: 0.2372  d3.loss_cls: 0.0472  d3.loss_bbox: 0.0564  d3.loss_iou: 0.2369  d4.loss_cls: 0.0444  d4.loss_bbox: 0.0559  d4.loss_iou: 0.2356  enc_loss_cls: 0.0719  enc_loss_bbox: 0.0657  enc_loss_iou: 0.2544  dn_loss_cls: 0.0035  dn_loss_bbox: 0.0606  dn_loss_iou: 0.2033  d0.dn_loss_cls: 0.0175  d0.dn_loss_bbox: 0.0890  d0.dn_loss_iou: 0.2693  d1.dn_loss_cls: 0.0048  d1.dn_loss_bbox: 0.0657  d1.dn_loss_iou: 0.2164  d2.dn_loss_cls: 0.0035  d2.dn_loss_bbox: 0.0619  d2.dn_loss_iou: 0.2071  d3.dn_loss_cls: 0.0038  d3.dn_loss_bbox: 0.0608  d3.dn_loss_iou: 0.2045  d4.dn_loss_cls: 0.0036  d4.dn_loss_bbox: 0.0606  d4.dn_loss_iou: 0.2034  contr_loss: 1.1380
08/07 14:25:26 - mmengine - INFO - Epoch(train) [16][650/698]  base_lr: 1.0000e-05 lr: 1.0000e-05  eta: 3:23:41  time: 1.0901  data_time: 0.0089  memory: 9676  grad_norm: 38.7594  loss: 4.7756  loss_cls: 0.0408  loss_bbox: 0.0552  loss_iou: 0.2414  d0.loss_cls: 0.0449  d0.loss_bbox: 0.0597  d0.loss_iou: 0.2512  d1.loss_cls: 0.0442  d1.loss_bbox: 0.0561  d1.loss_iou: 0.2459  d2.loss_cls: 0.0427  d2.loss_bbox: 0.0553  d2.loss_iou: 0.2408  d3.loss_cls: 0.0421  d3.loss_bbox: 0.0554  d3.loss_iou: 0.2422  d4.loss_cls: 0.0427  d4.loss_bbox: 0.0550  d4.loss_iou: 0.2385  enc_loss_cls: 0.0621  enc_loss_bbox: 0.0662  enc_loss_iou: 0.2624  dn_loss_cls: 0.0012  dn_loss_bbox: 0.0612  dn_loss_iou: 0.1757  d0.dn_loss_cls: 0.0124  d0.dn_loss_bbox: 0.0888  d0.dn_loss_iou: 0.2305  d1.dn_loss_cls: 0.0026  d1.dn_loss_bbox: 0.0654  d1.dn_loss_iou: 0.1853  d2.dn_loss_cls: 0.0016  d2.dn_loss_bbox: 0.0618  d2.dn_loss_iou: 0.1776  d3.dn_loss_cls: 0.0014  d3.dn_loss_bbox: 0.0610  d3.dn_loss_iou: 0.1760  d4.dn_loss_cls: 0.0012  d4.dn_loss_bbox: 0.0611  d4.dn_loss_iou: 0.1756  contr_loss: 0.7902
08/07 14:26:19 - mmengine - INFO - Exp name: lae_dino_swin-t_finetune_DIOR_20260807_105315
08/07 14:26:19 - mmengine - INFO - Saving checkpoint at 16 epochs
08/07 14:26:31 - mmengine - INFO - Epoch(val) [16][ 50/147]    eta: 0:00:10  time: 0.1032  data_time: 0.0024  memory: 9906  
08/07 14:26:36 - mmengine - INFO - Epoch(val) [16][100/147]    eta: 0:00:04  time: 0.1021  data_time: 0.0029  memory: 3800  
08/07 14:26:43 - mmengine - INFO - Evaluating bbox...
Loading and preparing results...
DONE (t=0.41s)
creating index...
index created!
Running per image evaluation...
Evaluate annotation type *bbox*
DONE (t=8.38s).
Accumulating evaluation results...
DONE (t=3.12s).
 Average Precision  (AP) @[ IoU=0.50:0.95 | area=   all | maxDets=100 ] = 0.734
 Average Precision  (AP) @[ IoU=0.50      | area=   all | maxDets=1000 ] = 0.913
 Average Precision  (AP) @[ IoU=0.75      | area=   all | maxDets=1000 ] = 0.807
 Average Precision  (AP) @[ IoU=0.50:0.95 | area= small | maxDets=1000 ] = 0.293
 Average Precision  (AP) @[ IoU=0.50:0.95 | area=medium | maxDets=1000 ] = 0.615
 Average Precision  (AP) @[ IoU=0.50:0.95 | area= large | maxDets=1000 ] = 0.839
 Average Recall     (AR) @[ IoU=0.50:0.95 | area=   all | maxDets=100 ] = 0.836
 Average Recall     (AR) @[ IoU=0.50:0.95 | area=   all | maxDets=300 ] = 0.842
 Average Recall     (AR) @[ IoU=0.50:0.95 | area=   all | maxDets=1000 ] = 0.842
 Average Recall     (AR) @[ IoU=0.50:0.95 | area= small | maxDets=1000 ] = 0.440
 Average Recall     (AR) @[ IoU=0.50:0.95 | area=medium | maxDets=1000 ] = 0.776
 Average Recall     (AR) @[ IoU=0.50:0.95 | area= large | maxDets=1000 ] = 0.918
08/07 14:26:56 - mmengine - INFO - bbox_mAP_copypaste: 0.734 0.913 0.807 0.293 0.615 0.839
================DIOR/coco================
08/07 14:26:56 - mmengine - INFO - Epoch(val) [16][147/147]    DIOR/coco/bbox_mAP: 0.7340  DIOR/coco/bbox_mAP_50: 0.9130  DIOR/coco/bbox_mAP_75: 0.8070  DIOR/coco/bbox_mAP_s: 0.2930  DIOR/coco/bbox_mAP_m: 0.6150  DIOR/coco/bbox_mAP_l: 0.8390  data_time: 0.0024  time: 0.1018
08/07 14:27:51 - mmengine - INFO - Epoch(train) [17][ 50/698]  base_lr: 1.0000e-05 lr: 1.0000e-05  eta: 3:21:55  time: 1.0957  data_time: 0.0143  memory: 10021  grad_norm: 42.0881  loss: 6.4592  loss_cls: 0.0748  loss_bbox: 0.0644  loss_iou: 0.3468  d0.loss_cls: 0.0977  d0.loss_bbox: 0.0695  d0.loss_iou: 0.3545  d1.loss_cls: 0.0893  d1.loss_bbox: 0.0662  d1.loss_iou: 0.3469  d2.loss_cls: 0.0825  d2.loss_bbox: 0.0652  d2.loss_iou: 0.3454  d3.loss_cls: 0.0762  d3.loss_bbox: 0.0651  d3.loss_iou: 0.3478  d4.loss_cls: 0.0753  d4.loss_bbox: 0.0643  d4.loss_iou: 0.3466  enc_loss_cls: 0.1133  enc_loss_bbox: 0.0749  enc_loss_iou: 0.3696  dn_loss_cls: 0.0055  dn_loss_bbox: 0.0602  dn_loss_iou: 0.2018  d0.dn_loss_cls: 0.0229  d0.dn_loss_bbox: 0.0922  d0.dn_loss_iou: 0.2731  d1.dn_loss_cls: 0.0082  d1.dn_loss_bbox: 0.0659  d1.dn_loss_iou: 0.2159  d2.dn_loss_cls: 0.0067  d2.dn_loss_bbox: 0.0613  d2.dn_loss_iou: 0.2048  d3.dn_loss_cls: 0.0058  d3.dn_loss_bbox: 0.0602  d3.dn_loss_iou: 0.2030  d4.dn_loss_cls: 0.0056  d4.dn_loss_bbox: 0.0601  d4.dn_loss_iou: 0.2019  contr_loss: 1.1678
08/07 14:28:45 - mmengine - INFO - Epoch(train) [17][100/698]  base_lr: 1.0000e-05 lr: 1.0000e-05  eta: 3:21:01  time: 1.0852  data_time: 0.0088  memory: 9723  grad_norm: 38.1705  loss: 5.2547  loss_cls: 0.0518  loss_bbox: 0.0587  loss_iou: 0.2922  d0.loss_cls: 0.0617  d0.loss_bbox: 0.0627  d0.loss_iou: 0.2990  d1.loss_cls: 0.0565  d1.loss_bbox: 0.0596  d1.loss_iou: 0.2945  d2.loss_cls: 0.0525  d2.loss_bbox: 0.0602  d2.loss_iou: 0.2945  d3.loss_cls: 0.0508  d3.loss_bbox: 0.0595  d3.loss_iou: 0.2942  d4.loss_cls: 0.0508  d4.loss_bbox: 0.0587  d4.loss_iou: 0.2920  enc_loss_cls: 0.0814  enc_loss_bbox: 0.0670  enc_loss_iou: 0.3106  dn_loss_cls: 0.0018  dn_loss_bbox: 0.0539  dn_loss_iou: 0.1782  d0.dn_loss_cls: 0.0126  d0.dn_loss_bbox: 0.0821  d0.dn_loss_iou: 0.2358  d1.dn_loss_cls: 0.0026  d1.dn_loss_bbox: 0.0595  d1.dn_loss_iou: 0.1894  d2.dn_loss_cls: 0.0020  d2.dn_loss_bbox: 0.0558  d2.dn_loss_iou: 0.1820  d3.dn_loss_cls: 0.0020  d3.dn_loss_bbox: 0.0541  d3.dn_loss_iou: 0.1791  d4.dn_loss_cls: 0.0018  d4.dn_loss_bbox: 0.0539  d4.dn_loss_iou: 0.1783  contr_loss: 0.8212
08/07 14:29:40 - mmengine - INFO - Epoch(train) [17][150/698]  base_lr: 1.0000e-05 lr: 1.0000e-05  eta: 3:20:06  time: 1.0922  data_time: 0.0088  memory: 9921  grad_norm: 36.6003  loss: 5.4226  loss_cls: 0.0504  loss_bbox: 0.0600  loss_iou: 0.2990  d0.loss_cls: 0.0659  d0.loss_bbox: 0.0645  d0.loss_iou: 0.3071  d1.loss_cls: 0.0600  d1.loss_bbox: 0.0621  d1.loss_iou: 0.3023  d2.loss_cls: 0.0552  d2.loss_bbox: 0.0608  d2.loss_iou: 0.3012  d3.loss_cls: 0.0532  d3.loss_bbox: 0.0605  d3.loss_iou: 0.2995  d4.loss_cls: 0.0540  d4.loss_bbox: 0.0600  d4.loss_iou: 0.2977  enc_loss_cls: 0.0750  enc_loss_bbox: 0.0720  enc_loss_iou: 0.3212  dn_loss_cls: 0.0018  dn_loss_bbox: 0.0616  dn_loss_iou: 0.1807  d0.dn_loss_cls: 0.0113  d0.dn_loss_bbox: 0.0912  d0.dn_loss_iou: 0.2379  d1.dn_loss_cls: 0.0027  d1.dn_loss_bbox: 0.0664  d1.dn_loss_iou: 0.1907  d2.dn_loss_cls: 0.0022  d2.dn_loss_bbox: 0.0635  d2.dn_loss_iou: 0.1827  d3.dn_loss_cls: 0.0019  d3.dn_loss_bbox: 0.0621  d3.dn_loss_iou: 0.1813  d4.dn_loss_cls: 0.0018  d4.dn_loss_bbox: 0.0616  d4.dn_loss_iou: 0.1806  contr_loss: 0.8593
08/07 14:30:34 - mmengine - INFO - Epoch(train) [17][200/698]  base_lr: 1.0000e-05 lr: 1.0000e-05  eta: 3:19:11  time: 1.0751  data_time: 0.0088  memory: 9634  grad_norm: 40.8367  loss: 4.5823  loss_cls: 0.0408  loss_bbox: 0.0509  loss_iou: 0.2010  d0.loss_cls: 0.0479  d0.loss_bbox: 0.0553  d0.loss_iou: 0.2106  d1.loss_cls: 0.0457  d1.loss_bbox: 0.0523  d1.loss_iou: 0.2049  d2.loss_cls: 0.0444  d2.loss_bbox: 0.0520  d2.loss_iou: 0.2019  d3.loss_cls: 0.0423  d3.loss_bbox: 0.0513  d3.loss_iou: 0.2012  d4.loss_cls: 0.0417  d4.loss_bbox: 0.0506  d4.loss_iou: 0.2005  enc_loss_cls: 0.0586  enc_loss_bbox: 0.0617  enc_loss_iou: 0.2231  dn_loss_cls: 0.0017  dn_loss_bbox: 0.0724  dn_loss_iou: 0.2013  d0.dn_loss_cls: 0.0163  d0.dn_loss_bbox: 0.1051  d0.dn_loss_iou: 0.2650  d1.dn_loss_cls: 0.0031  d1.dn_loss_bbox: 0.0769  d1.dn_loss_iou: 0.2125  d2.dn_loss_cls: 0.0020  d2.dn_loss_bbox: 0.0742  d2.dn_loss_iou: 0.2037  d3.dn_loss_cls: 0.0017  d3.dn_loss_bbox: 0.0731  d3.dn_loss_iou: 0.2020  d4.dn_loss_cls: 0.0015  d4.dn_loss_bbox: 0.0723  d4.dn_loss_iou: 0.2013  contr_loss: 0.6575
08/07 14:31:29 - mmengine - INFO - Epoch(train) [17][250/698]  base_lr: 1.0000e-05 lr: 1.0000e-05  eta: 3:18:17  time: 1.0999  data_time: 0.0100  memory: 10034  grad_norm: 39.3357  loss: 5.2856  loss_cls: 0.0651  loss_bbox: 0.0509  loss_iou: 0.2646  d0.loss_cls: 0.0862  d0.loss_bbox: 0.0537  d0.loss_iou: 0.2722  d1.loss_cls: 0.0762  d1.loss_bbox: 0.0514  d1.loss_iou: 0.2696  d2.loss_cls: 0.0718  d2.loss_bbox: 0.0510  d2.loss_iou: 0.2666  d3.loss_cls: 0.0705  d3.loss_bbox: 0.0510  d3.loss_iou: 0.2655  d4.loss_cls: 0.0635  d4.loss_bbox: 0.0509  d4.loss_iou: 0.2645  enc_loss_cls: 0.0984  enc_loss_bbox: 0.0604  enc_loss_iou: 0.2844  dn_loss_cls: 0.0014  dn_loss_bbox: 0.0679  dn_loss_iou: 0.1885  d0.dn_loss_cls: 0.0176  d0.dn_loss_bbox: 0.0992  d0.dn_loss_iou: 0.2549  d1.dn_loss_cls: 0.0046  d1.dn_loss_bbox: 0.0734  d1.dn_loss_iou: 0.2023  d2.dn_loss_cls: 0.0025  d2.dn_loss_bbox: 0.0695  d2.dn_loss_iou: 0.1917  d3.dn_loss_cls: 0.0019  d3.dn_loss_bbox: 0.0683  d3.dn_loss_iou: 0.1893  d4.dn_loss_cls: 0.0014  d4.dn_loss_bbox: 0.0679  d4.dn_loss_iou: 0.1886  contr_loss: 0.8064
08/07 14:32:24 - mmengine - INFO - Epoch(train) [17][300/698]  base_lr: 1.0000e-05 lr: 1.0000e-05  eta: 3:17:23  time: 1.1054  data_time: 0.0086  memory: 10110  grad_norm: 37.7735  loss: 5.0689  loss_cls: 0.0400  loss_bbox: 0.0488  loss_iou: 0.2093  d0.loss_cls: 0.0476  d0.loss_bbox: 0.0532  d0.loss_iou: 0.2119  d1.loss_cls: 0.0453  d1.loss_bbox: 0.0491  d1.loss_iou: 0.2094  d2.loss_cls: 0.0436  d2.loss_bbox: 0.0484  d2.loss_iou: 0.2071  d3.loss_cls: 0.0417  d3.loss_bbox: 0.0489  d3.loss_iou: 0.2092  d4.loss_cls: 0.0406  d4.loss_bbox: 0.0489  d4.loss_iou: 0.2091  enc_loss_cls: 0.0638  enc_loss_bbox: 0.0591  enc_loss_iou: 0.2256  dn_loss_cls: 0.0011  dn_loss_bbox: 0.0587  dn_loss_iou: 0.1853  d0.dn_loss_cls: 0.0148  d0.dn_loss_bbox: 0.0863  d0.dn_loss_iou: 0.2483  d1.dn_loss_cls: 0.0026  d1.dn_loss_bbox: 0.0624  d1.dn_loss_iou: 0.1983  d2.dn_loss_cls: 0.0015  d2.dn_loss_bbox: 0.0599  d2.dn_loss_iou: 0.1884  d3.dn_loss_cls: 0.0013  d3.dn_loss_bbox: 0.0591  d3.dn_loss_iou: 0.1863  d4.dn_loss_cls: 0.0011  d4.dn_loss_bbox: 0.0587  d4.dn_loss_iou: 0.1854  contr_loss: 1.3088
08/07 14:33:18 - mmengine - INFO - Epoch(train) [17][350/698]  base_lr: 1.0000e-05 lr: 1.0000e-05  eta: 3:16:28  time: 1.0728  data_time: 0.0094  memory: 9988  grad_norm: 38.4855  loss: 5.2147  loss_cls: 0.0421  loss_bbox: 0.0627  loss_iou: 0.2750  d0.loss_cls: 0.0511  d0.loss_bbox: 0.0658  d0.loss_iou: 0.2790  d1.loss_cls: 0.0485  d1.loss_bbox: 0.0636  d1.loss_iou: 0.2761  d2.loss_cls: 0.0464  d2.loss_bbox: 0.0623  d2.loss_iou: 0.2740  d3.loss_cls: 0.0476  d3.loss_bbox: 0.0618  d3.loss_iou: 0.2744  d4.loss_cls: 0.0424  d4.loss_bbox: 0.0627  d4.loss_iou: 0.2749  enc_loss_cls: 0.0714  enc_loss_bbox: 0.0725  enc_loss_iou: 0.2912  dn_loss_cls: 0.0014  dn_loss_bbox: 0.0599  dn_loss_iou: 0.1995  d0.dn_loss_cls: 0.0130  d0.dn_loss_bbox: 0.0855  d0.dn_loss_iou: 0.2584  d1.dn_loss_cls: 0.0025  d1.dn_loss_bbox: 0.0647  d1.dn_loss_iou: 0.2097  d2.dn_loss_cls: 0.0022  d2.dn_loss_bbox: 0.0607  d2.dn_loss_iou: 0.2011  d3.dn_loss_cls: 0.0016  d3.dn_loss_bbox: 0.0602  d3.dn_loss_iou: 0.2000  d4.dn_loss_cls: 0.0014  d4.dn_loss_bbox: 0.0599  d4.dn_loss_iou: 0.1993  contr_loss: 0.7881
08/07 14:34:11 - mmengine - INFO - Epoch(train) [17][400/698]  base_lr: 1.0000e-05 lr: 1.0000e-05  eta: 3:15:33  time: 1.0753  data_time: 0.0093  memory: 9800  grad_norm: 42.3353  loss: 5.2407  loss_cls: 0.0414  loss_bbox: 0.0647  loss_iou: 0.2549  d0.loss_cls: 0.0572  d0.loss_bbox: 0.0671  d0.loss_iou: 0.2610  d1.loss_cls: 0.0506  d1.loss_bbox: 0.0642  d1.loss_iou: 0.2578  d2.loss_cls: 0.0487  d2.loss_bbox: 0.0631  d2.loss_iou: 0.2542  d3.loss_cls: 0.0443  d3.loss_bbox: 0.0646  d3.loss_iou: 0.2550  d4.loss_cls: 0.0429  d4.loss_bbox: 0.0646  d4.loss_iou: 0.2544  enc_loss_cls: 0.0726  enc_loss_bbox: 0.0763  enc_loss_iou: 0.2765  dn_loss_cls: 0.0020  dn_loss_bbox: 0.0719  dn_loss_iou: 0.1782  d0.dn_loss_cls: 0.0124  d0.dn_loss_bbox: 0.1103  d0.dn_loss_iou: 0.2435  d1.dn_loss_cls: 0.0030  d1.dn_loss_bbox: 0.0789  d1.dn_loss_iou: 0.1898  d2.dn_loss_cls: 0.0021  d2.dn_loss_bbox: 0.0743  d2.dn_loss_iou: 0.1809  d3.dn_loss_cls: 0.0020  d3.dn_loss_bbox: 0.0724  d3.dn_loss_iou: 0.1788  d4.dn_loss_cls: 0.0020  d4.dn_loss_bbox: 0.0719  d4.dn_loss_iou: 0.1783  contr_loss: 0.9520
08/07 14:35:06 - mmengine - INFO - Epoch(train) [17][450/698]  base_lr: 1.0000e-05 lr: 1.0000e-05  eta: 3:14:38  time: 1.0882  data_time: 0.0096  memory: 9945  grad_norm: 37.9195  loss: 5.6771  loss_cls: 0.0508  loss_bbox: 0.0659  loss_iou: 0.2989  d0.loss_cls: 0.0601  d0.loss_bbox: 0.0712  d0.loss_iou: 0.3127  d1.loss_cls: 0.0523  d1.loss_bbox: 0.0694  d1.loss_iou: 0.3063  d2.loss_cls: 0.0510  d2.loss_bbox: 0.0666  d2.loss_iou: 0.3022  d3.loss_cls: 0.0480  d3.loss_bbox: 0.0673  d3.loss_iou: 0.3033  d4.loss_cls: 0.0500  d4.loss_bbox: 0.0661  d4.loss_iou: 0.3000  enc_loss_cls: 0.0746  enc_loss_bbox: 0.0814  enc_loss_iou: 0.3307  dn_loss_cls: 0.0008  dn_loss_bbox: 0.0674  dn_loss_iou: 0.1721  d0.dn_loss_cls: 0.0122  d0.dn_loss_bbox: 0.0941  d0.dn_loss_iou: 0.2275  d1.dn_loss_cls: 0.0025  d1.dn_loss_bbox: 0.0717  d1.dn_loss_iou: 0.1831  d2.dn_loss_cls: 0.0014  d2.dn_loss_bbox: 0.0682  d2.dn_loss_iou: 0.1753  d3.dn_loss_cls: 0.0009  d3.dn_loss_bbox: 0.0678  d3.dn_loss_iou: 0.1732  d4.dn_loss_cls: 0.0008  d4.dn_loss_bbox: 0.0675  d4.dn_loss_iou: 0.1722  contr_loss: 1.0898
08/07 14:36:00 - mmengine - INFO - Epoch(train) [17][500/698]  base_lr: 1.0000e-05 lr: 1.0000e-05  eta: 3:13:44  time: 1.0873  data_time: 0.0092  memory: 9788  grad_norm: 38.1770  loss: 5.0715  loss_cls: 0.0523  loss_bbox: 0.0625  loss_iou: 0.2666  d0.loss_cls: 0.0673  d0.loss_bbox: 0.0655  d0.loss_iou: 0.2728  d1.loss_cls: 0.0600  d1.loss_bbox: 0.0642  d1.loss_iou: 0.2688  d2.loss_cls: 0.0576  d2.loss_bbox: 0.0630  d2.loss_iou: 0.2671  d3.loss_cls: 0.0559  d3.loss_bbox: 0.0628  d3.loss_iou: 0.2664  d4.loss_cls: 0.0535  d4.loss_bbox: 0.0626  d4.loss_iou: 0.2670  enc_loss_cls: 0.0825  enc_loss_bbox: 0.0703  enc_loss_iou: 0.2854  dn_loss_cls: 0.0034  dn_loss_bbox: 0.0609  dn_loss_iou: 0.1827  d0.dn_loss_cls: 0.0176  d0.dn_loss_bbox: 0.0960  d0.dn_loss_iou: 0.2444  d1.dn_loss_cls: 0.0053  d1.dn_loss_bbox: 0.0670  d1.dn_loss_iou: 0.1963  d2.dn_loss_cls: 0.0042  d2.dn_loss_bbox: 0.0625  d2.dn_loss_iou: 0.1858  d3.dn_loss_cls: 0.0037  d3.dn_loss_bbox: 0.0612  d3.dn_loss_iou: 0.1838  d4.dn_loss_cls: 0.0034  d4.dn_loss_bbox: 0.0609  d4.dn_loss_iou: 0.1828  contr_loss: 0.6756
08/07 14:36:55 - mmengine - INFO - Epoch(train) [17][550/698]  base_lr: 1.0000e-05 lr: 1.0000e-05  eta: 3:12:49  time: 1.0939  data_time: 0.0087  memory: 9619  grad_norm: 35.3336  loss: 4.8117  loss_cls: 0.0561  loss_bbox: 0.0509  loss_iou: 0.2215  d0.loss_cls: 0.0712  d0.loss_bbox: 0.0543  d0.loss_iou: 0.2308  d1.loss_cls: 0.0630  d1.loss_bbox: 0.0546  d1.loss_iou: 0.2261  d2.loss_cls: 0.0627  d2.loss_bbox: 0.0516  d2.loss_iou: 0.2228  d3.loss_cls: 0.0579  d3.loss_bbox: 0.0516  d3.loss_iou: 0.2229  d4.loss_cls: 0.0570  d4.loss_bbox: 0.0512  d4.loss_iou: 0.2221  enc_loss_cls: 0.0830  enc_loss_bbox: 0.0609  enc_loss_iou: 0.2413  dn_loss_cls: 0.0018  dn_loss_bbox: 0.0569  dn_loss_iou: 0.1713  d0.dn_loss_cls: 0.0122  d0.dn_loss_bbox: 0.0843  d0.dn_loss_iou: 0.2289  d1.dn_loss_cls: 0.0024  d1.dn_loss_bbox: 0.0605  d1.dn_loss_iou: 0.1815  d2.dn_loss_cls: 0.0018  d2.dn_loss_bbox: 0.0576  d2.dn_loss_iou: 0.1740  d3.dn_loss_cls: 0.0019  d3.dn_loss_bbox: 0.0572  d3.dn_loss_iou: 0.1717  d4.dn_loss_cls: 0.0018  d4.dn_loss_bbox: 0.0568  d4.dn_loss_iou: 0.1713  contr_loss: 0.9045
08/07 14:37:49 - mmengine - INFO - Epoch(train) [17][600/698]  base_lr: 1.0000e-05 lr: 1.0000e-05  eta: 3:11:55  time: 1.0815  data_time: 0.0090  memory: 9556  grad_norm: 36.5109  loss: 5.4376  loss_cls: 0.0704  loss_bbox: 0.0639  loss_iou: 0.2688  d0.loss_cls: 0.0919  d0.loss_bbox: 0.0672  d0.loss_iou: 0.2708  d1.loss_cls: 0.0829  d1.loss_bbox: 0.0636  d1.loss_iou: 0.2693  d2.loss_cls: 0.0800  d2.loss_bbox: 0.0617  d2.loss_iou: 0.2676  d3.loss_cls: 0.0737  d3.loss_bbox: 0.0641  d3.loss_iou: 0.2680  d4.loss_cls: 0.0727  d4.loss_bbox: 0.0640  d4.loss_iou: 0.2687  enc_loss_cls: 0.1102  enc_loss_bbox: 0.0731  enc_loss_iou: 0.2846  dn_loss_cls: 0.0029  dn_loss_bbox: 0.0673  dn_loss_iou: 0.1899  d0.dn_loss_cls: 0.0163  d0.dn_loss_bbox: 0.1077  d0.dn_loss_iou: 0.2593  d1.dn_loss_cls: 0.0036  d1.dn_loss_bbox: 0.0749  d1.dn_loss_iou: 0.2063  d2.dn_loss_cls: 0.0028  d2.dn_loss_bbox: 0.0692  d2.dn_loss_iou: 0.1939  d3.dn_loss_cls: 0.0027  d3.dn_loss_bbox: 0.0677  d3.dn_loss_iou: 0.1913  d4.dn_loss_cls: 0.0029  d4.dn_loss_bbox: 0.0672  d4.dn_loss_iou: 0.1899  contr_loss: 0.7846
08/07 14:38:43 - mmengine - INFO - Epoch(train) [17][650/698]  base_lr: 1.0000e-05 lr: 1.0000e-05  eta: 3:10:59  time: 1.0732  data_time: 0.0093  memory: 10042  grad_norm: 38.3916  loss: 4.9766  loss_cls: 0.0364  loss_bbox: 0.0601  loss_iou: 0.2433  d0.loss_cls: 0.0499  d0.loss_bbox: 0.0611  d0.loss_iou: 0.2479  d1.loss_cls: 0.0413  d1.loss_bbox: 0.0600  d1.loss_iou: 0.2450  d2.loss_cls: 0.0401  d2.loss_bbox: 0.0603  d2.loss_iou: 0.2446  d3.loss_cls: 0.0399  d3.loss_bbox: 0.0602  d3.loss_iou: 0.2439  d4.loss_cls: 0.0377  d4.loss_bbox: 0.0601  d4.loss_iou: 0.2434  enc_loss_cls: 0.0647  enc_loss_bbox: 0.0646  enc_loss_iou: 0.2573  dn_loss_cls: 0.0016  dn_loss_bbox: 0.0678  dn_loss_iou: 0.1981  d0.dn_loss_cls: 0.0172  d0.dn_loss_bbox: 0.0951  d0.dn_loss_iou: 0.2593  d1.dn_loss_cls: 0.0037  d1.dn_loss_bbox: 0.0713  d1.dn_loss_iou: 0.2087  d2.dn_loss_cls: 0.0022  d2.dn_loss_bbox: 0.0684  d2.dn_loss_iou: 0.2003  d3.dn_loss_cls: 0.0017  d3.dn_loss_bbox: 0.0681  d3.dn_loss_iou: 0.1989  d4.dn_loss_cls: 0.0017  d4.dn_loss_bbox: 0.0679  d4.dn_loss_iou: 0.1983  contr_loss: 0.7844
08/07 14:39:34 - mmengine - INFO - Exp name: lae_dino_swin-t_finetune_DIOR_20260807_105315
08/07 14:39:34 - mmengine - INFO - Saving checkpoint at 17 epochs
08/07 14:39:45 - mmengine - INFO - Epoch(val) [17][ 50/147]    eta: 0:00:09  time: 0.1019  data_time: 0.0023  memory: 9944  
08/07 14:39:50 - mmengine - INFO - Epoch(val) [17][100/147]    eta: 0:00:04  time: 0.1010  data_time: 0.0020  memory: 3800  
08/07 14:39:58 - mmengine - INFO - Evaluating bbox...
Loading and preparing results...
DONE (t=0.41s)
creating index...
index created!
Running per image evaluation...
Evaluate annotation type *bbox*
DONE (t=8.39s).
Accumulating evaluation results...
DONE (t=3.21s).
 Average Precision  (AP) @[ IoU=0.50:0.95 | area=   all | maxDets=100 ] = 0.738
 Average Precision  (AP) @[ IoU=0.50      | area=   all | maxDets=1000 ] = 0.914
 Average Precision  (AP) @[ IoU=0.75      | area=   all | maxDets=1000 ] = 0.809
 Average Precision  (AP) @[ IoU=0.50:0.95 | area= small | maxDets=1000 ] = 0.287
 Average Precision  (AP) @[ IoU=0.50:0.95 | area=medium | maxDets=1000 ] = 0.620
 Average Precision  (AP) @[ IoU=0.50:0.95 | area= large | maxDets=1000 ] = 0.845
 Average Recall     (AR) @[ IoU=0.50:0.95 | area=   all | maxDets=100 ] = 0.839
 Average Recall     (AR) @[ IoU=0.50:0.95 | area=   all | maxDets=300 ] = 0.844
 Average Recall     (AR) @[ IoU=0.50:0.95 | area=   all | maxDets=1000 ] = 0.844
 Average Recall     (AR) @[ IoU=0.50:0.95 | area= small | maxDets=1000 ] = 0.441
 Average Recall     (AR) @[ IoU=0.50:0.95 | area=medium | maxDets=1000 ] = 0.776
 Average Recall     (AR) @[ IoU=0.50:0.95 | area= large | maxDets=1000 ] = 0.923
08/07 14:40:11 - mmengine - INFO - bbox_mAP_copypaste: 0.738 0.914 0.809 0.287 0.620 0.845
================DIOR/coco================
08/07 14:40:11 - mmengine - INFO - Epoch(val) [17][147/147]    DIOR/coco/bbox_mAP: 0.7380  DIOR/coco/bbox_mAP_50: 0.9140  DIOR/coco/bbox_mAP_75: 0.8090  DIOR/coco/bbox_mAP_s: 0.2870  DIOR/coco/bbox_mAP_m: 0.6200  DIOR/coco/bbox_mAP_l: 0.8450  data_time: 0.0021  time: 0.1006
08/07 14:41:06 - mmengine - INFO - Epoch(train) [18][ 50/698]  base_lr: 1.0000e-05 lr: 1.0000e-05  eta: 3:09:12  time: 1.1059  data_time: 0.0146  memory: 10296  grad_norm: 38.3563  loss: 6.1348  loss_cls: 0.0553  loss_bbox: 0.0622  loss_iou: 0.2789  d0.loss_cls: 0.0654  d0.loss_bbox: 0.0653  d0.loss_iou: 0.2858  d1.loss_cls: 0.0610  d1.loss_bbox: 0.0640  d1.loss_iou: 0.2828  d2.loss_cls: 0.0597  d2.loss_bbox: 0.0627  d2.loss_iou: 0.2824  d3.loss_cls: 0.0586  d3.loss_bbox: 0.0624  d3.loss_iou: 0.2788  d4.loss_cls: 0.0560  d4.loss_bbox: 0.0622  d4.loss_iou: 0.2786  enc_loss_cls: 0.0797  enc_loss_bbox: 0.0717  enc_loss_iou: 0.2988  dn_loss_cls: 0.0014  dn_loss_bbox: 0.0616  dn_loss_iou: 0.1769  d0.dn_loss_cls: 0.0155  d0.dn_loss_bbox: 0.0874  d0.dn_loss_iou: 0.2362  d1.dn_loss_cls: 0.0027  d1.dn_loss_bbox: 0.0663  d1.dn_loss_iou: 0.1891  d2.dn_loss_cls: 0.0018  d2.dn_loss_bbox: 0.0633  d2.dn_loss_iou: 0.1794  d3.dn_loss_cls: 0.0015  d3.dn_loss_bbox: 0.0621  d3.dn_loss_iou: 0.1774  d4.dn_loss_cls: 0.0014  d4.dn_loss_bbox: 0.0616  d4.dn_loss_iou: 0.1769  contr_loss: 1.6999
08/07 14:42:01 - mmengine - INFO - Epoch(train) [18][100/698]  base_lr: 1.0000e-05 lr: 1.0000e-05  eta: 3:08:18  time: 1.0819  data_time: 0.0097  memory: 9926  grad_norm: 37.0671  loss: 5.2182  loss_cls: 0.0368  loss_bbox: 0.0573  loss_iou: 0.2550  d0.loss_cls: 0.0441  d0.loss_bbox: 0.0609  d0.loss_iou: 0.2615  d1.loss_cls: 0.0408  d1.loss_bbox: 0.0591  d1.loss_iou: 0.2583  d2.loss_cls: 0.0406  d2.loss_bbox: 0.0573  d2.loss_iou: 0.2554  d3.loss_cls: 0.0371  d3.loss_bbox: 0.0576  d3.loss_iou: 0.2559  d4.loss_cls: 0.0369  d4.loss_bbox: 0.0572  d4.loss_iou: 0.2551  enc_loss_cls: 0.0596  enc_loss_bbox: 0.0705  enc_loss_iou: 0.2762  dn_loss_cls: 0.0018  dn_loss_bbox: 0.0650  dn_loss_iou: 0.1911  d0.dn_loss_cls: 0.0122  d0.dn_loss_bbox: 0.0933  d0.dn_loss_iou: 0.2530  d1.dn_loss_cls: 0.0045  d1.dn_loss_bbox: 0.0692  d1.dn_loss_iou: 0.2020  d2.dn_loss_cls: 0.0028  d2.dn_loss_bbox: 0.0657  d2.dn_loss_iou: 0.1936  d3.dn_loss_cls: 0.0020  d3.dn_loss_bbox: 0.0654  d3.dn_loss_iou: 0.1916  d4.dn_loss_cls: 0.0018  d4.dn_loss_bbox: 0.0650  d4.dn_loss_iou: 0.1911  contr_loss: 1.0138
08/07 14:42:37 - mmengine - INFO - Exp name: lae_dino_swin-t_finetune_DIOR_20260807_105315
08/07 14:42:55 - mmengine - INFO - Epoch(train) [18][150/698]  base_lr: 1.0000e-05 lr: 1.0000e-05  eta: 3:07:23  time: 1.0838  data_time: 0.0086  memory: 10009  grad_norm: 36.1353  loss: 5.3643  loss_cls: 0.0671  loss_bbox: 0.0622  loss_iou: 0.2651  d0.loss_cls: 0.0789  d0.loss_bbox: 0.0651  d0.loss_iou: 0.2744  d1.loss_cls: 0.0708  d1.loss_bbox: 0.0630  d1.loss_iou: 0.2699  d2.loss_cls: 0.0683  d2.loss_bbox: 0.0630  d2.loss_iou: 0.2692  d3.loss_cls: 0.0670  d3.loss_bbox: 0.0626  d3.loss_iou: 0.2678  d4.loss_cls: 0.0674  d4.loss_bbox: 0.0622  d4.loss_iou: 0.2650  enc_loss_cls: 0.0922  enc_loss_bbox: 0.0727  enc_loss_iou: 0.2884  dn_loss_cls: 0.0021  dn_loss_bbox: 0.0588  dn_loss_iou: 0.1836  d0.dn_loss_cls: 0.0157  d0.dn_loss_bbox: 0.0841  d0.dn_loss_iou: 0.2401  d1.dn_loss_cls: 0.0041  d1.dn_loss_bbox: 0.0631  d1.dn_loss_iou: 0.1952  d2.dn_loss_cls: 0.0028  d2.dn_loss_bbox: 0.0600  d2.dn_loss_iou: 0.1865  d3.dn_loss_cls: 0.0022  d3.dn_loss_bbox: 0.0592  d3.dn_loss_iou: 0.1848  d4.dn_loss_cls: 0.0021  d4.dn_loss_bbox: 0.0588  d4.dn_loss_iou: 0.1837  contr_loss: 0.9153
08/07 14:43:49 - mmengine - INFO - Epoch(train) [18][200/698]  base_lr: 1.0000e-05 lr: 1.0000e-05  eta: 3:06:29  time: 1.0924  data_time: 0.0087  memory: 10242  grad_norm: 37.8401  loss: 4.5569  loss_cls: 0.0359  loss_bbox: 0.0608  loss_iou: 0.2213  d0.loss_cls: 0.0454  d0.loss_bbox: 0.0652  d0.loss_iou: 0.2305  d1.loss_cls: 0.0416  d1.loss_bbox: 0.0632  d1.loss_iou: 0.2250  d2.loss_cls: 0.0395  d2.loss_bbox: 0.0602  d2.loss_iou: 0.2219  d3.loss_cls: 0.0368  d3.loss_bbox: 0.0617  d3.loss_iou: 0.2221  d4.loss_cls: 0.0357  d4.loss_bbox: 0.0608  d4.loss_iou: 0.2215  enc_loss_cls: 0.0577  enc_loss_bbox: 0.0720  enc_loss_iou: 0.2453  dn_loss_cls: 0.0009  dn_loss_bbox: 0.0651  dn_loss_iou: 0.1596  d0.dn_loss_cls: 0.0118  d0.dn_loss_bbox: 0.0939  d0.dn_loss_iou: 0.2133  d1.dn_loss_cls: 0.0022  d1.dn_loss_bbox: 0.0700  d1.dn_loss_iou: 0.1697  d2.dn_loss_cls: 0.0012  d2.dn_loss_bbox: 0.0656  d2.dn_loss_iou: 0.1613  d3.dn_loss_cls: 0.0010  d3.dn_loss_bbox: 0.0652  d3.dn_loss_iou: 0.1598  d4.dn_loss_cls: 0.0009  d4.dn_loss_bbox: 0.0651  d4.dn_loss_iou: 0.1597  contr_loss: 0.7662
08/07 14:44:44 - mmengine - INFO - Epoch(train) [18][250/698]  base_lr: 1.0000e-05 lr: 1.0000e-05  eta: 3:05:34  time: 1.0906  data_time: 0.0091  memory: 10135  grad_norm: 43.9028  loss: 5.2443  loss_cls: 0.0454  loss_bbox: 0.0544  loss_iou: 0.2336  d0.loss_cls: 0.0772  d0.loss_bbox: 0.0580  d0.loss_iou: 0.2451  d1.loss_cls: 0.0726  d1.loss_bbox: 0.0552  d1.loss_iou: 0.2394  d2.loss_cls: 0.0655  d2.loss_bbox: 0.0543  d2.loss_iou: 0.2339  d3.loss_cls: 0.0630  d3.loss_bbox: 0.0547  d3.loss_iou: 0.2344  d4.loss_cls: 0.0445  d4.loss_bbox: 0.0546  d4.loss_iou: 0.2338  enc_loss_cls: 0.0821  enc_loss_bbox: 0.0641  enc_loss_iou: 0.2516  dn_loss_cls: 0.0013  dn_loss_bbox: 0.0728  dn_loss_iou: 0.1871  d0.dn_loss_cls: 0.0160  d0.dn_loss_bbox: 0.1053  d0.dn_loss_iou: 0.2468  d1.dn_loss_cls: 0.0034  d1.dn_loss_bbox: 0.0765  d1.dn_loss_iou: 0.1968  d2.dn_loss_cls: 0.0019  d2.dn_loss_bbox: 0.0737  d2.dn_loss_iou: 0.1892  d3.dn_loss_cls: 0.0020  d3.dn_loss_bbox: 0.0730  d3.dn_loss_iou: 0.1875  d4.dn_loss_cls: 0.0012  d4.dn_loss_bbox: 0.0728  d4.dn_loss_iou: 0.1871  contr_loss: 1.0325
08/07 14:45:39 - mmengine - INFO - Epoch(train) [18][300/698]  base_lr: 1.0000e-05 lr: 1.0000e-05  eta: 3:04:40  time: 1.1017  data_time: 0.0094  memory: 9953  grad_norm: 38.2914  loss: 4.7889  loss_cls: 0.0422  loss_bbox: 0.0550  loss_iou: 0.2228  d0.loss_cls: 0.0499  d0.loss_bbox: 0.0582  d0.loss_iou: 0.2269  d1.loss_cls: 0.0448  d1.loss_bbox: 0.0565  d1.loss_iou: 0.2250  d2.loss_cls: 0.0451  d2.loss_bbox: 0.0552  d2.loss_iou: 0.2238  d3.loss_cls: 0.0437  d3.loss_bbox: 0.0550  d3.loss_iou: 0.2226  d4.loss_cls: 0.0418  d4.loss_bbox: 0.0550  d4.loss_iou: 0.2228  enc_loss_cls: 0.0596  enc_loss_bbox: 0.0644  enc_loss_iou: 0.2401  dn_loss_cls: 0.0011  dn_loss_bbox: 0.0573  dn_loss_iou: 0.1687  d0.dn_loss_cls: 0.0122  d0.dn_loss_bbox: 0.0838  d0.dn_loss_iou: 0.2221  d1.dn_loss_cls: 0.0023  d1.dn_loss_bbox: 0.0609  d1.dn_loss_iou: 0.1782  d2.dn_loss_cls: 0.0015  d2.dn_loss_bbox: 0.0584  d2.dn_loss_iou: 0.1700  d3.dn_loss_cls: 0.0011  d3.dn_loss_bbox: 0.0577  d3.dn_loss_iou: 0.1692  d4.dn_loss_cls: 0.0011  d4.dn_loss_bbox: 0.0572  d4.dn_loss_iou: 0.1687  contr_loss: 1.0070
08/07 14:46:32 - mmengine - INFO - Epoch(train) [18][350/698]  base_lr: 1.0000e-05 lr: 1.0000e-05  eta: 3:03:45  time: 1.0692  data_time: 0.0096  memory: 9609  grad_norm: 45.2476  loss: 4.9379  loss_cls: 0.0508  loss_bbox: 0.0612  loss_iou: 0.2068  d0.loss_cls: 0.0567  d0.loss_bbox: 0.0649  d0.loss_iou: 0.2133  d1.loss_cls: 0.0539  d1.loss_bbox: 0.0631  d1.loss_iou: 0.2109  d2.loss_cls: 0.0573  d2.loss_bbox: 0.0608  d2.loss_iou: 0.2076  d3.loss_cls: 0.0529  d3.loss_bbox: 0.0615  d3.loss_iou: 0.2088  d4.loss_cls: 0.0512  d4.loss_bbox: 0.0612  d4.loss_iou: 0.2068  enc_loss_cls: 0.0790  enc_loss_bbox: 0.0712  enc_loss_iou: 0.2229  dn_loss_cls: 0.0025  dn_loss_bbox: 0.0760  dn_loss_iou: 0.1740  d0.dn_loss_cls: 0.0160  d0.dn_loss_bbox: 0.1164  d0.dn_loss_iou: 0.2388  d1.dn_loss_cls: 0.0051  d1.dn_loss_bbox: 0.0815  d1.dn_loss_iou: 0.1846  d2.dn_loss_cls: 0.0034  d2.dn_loss_bbox: 0.0777  d2.dn_loss_iou: 0.1769  d3.dn_loss_cls: 0.0027  d3.dn_loss_bbox: 0.0763  d3.dn_loss_iou: 0.1753  d4.dn_loss_cls: 0.0024  d4.dn_loss_bbox: 0.0760  d4.dn_loss_iou: 0.1741  contr_loss: 0.9556
08/07 14:47:26 - mmengine - INFO - Epoch(train) [18][400/698]  base_lr: 1.0000e-05 lr: 1.0000e-05  eta: 3:02:50  time: 1.0742  data_time: 0.0092  memory: 10036  grad_norm: 38.4575  loss: 5.8231  loss_cls: 0.0579  loss_bbox: 0.0610  loss_iou: 0.2991  d0.loss_cls: 0.0688  d0.loss_bbox: 0.0661  d0.loss_iou: 0.3070  d1.loss_cls: 0.0645  d1.loss_bbox: 0.0632  d1.loss_iou: 0.3012  d2.loss_cls: 0.0608  d2.loss_bbox: 0.0619  d2.loss_iou: 0.3000  d3.loss_cls: 0.0582  d3.loss_bbox: 0.0619  d3.loss_iou: 0.2997  d4.loss_cls: 0.0584  d4.loss_bbox: 0.0610  d4.loss_iou: 0.2989  enc_loss_cls: 0.0865  enc_loss_bbox: 0.0715  enc_loss_iou: 0.3180  dn_loss_cls: 0.0012  dn_loss_bbox: 0.0598  dn_loss_iou: 0.1899  d0.dn_loss_cls: 0.0134  d0.dn_loss_bbox: 0.0857  d0.dn_loss_iou: 0.2478  d1.dn_loss_cls: 0.0030  d1.dn_loss_bbox: 0.0658  d1.dn_loss_iou: 0.2024  d2.dn_loss_cls: 0.0021  d2.dn_loss_bbox: 0.0612  d2.dn_loss_iou: 0.1929  d3.dn_loss_cls: 0.0016  d3.dn_loss_bbox: 0.0604  d3.dn_loss_iou: 0.1907  d4.dn_loss_cls: 0.0013  d4.dn_loss_bbox: 0.0598  d4.dn_loss_iou: 0.1899  contr_loss: 1.1687
08/07 14:48:22 - mmengine - INFO - Epoch(train) [18][450/698]  base_lr: 1.0000e-05 lr: 1.0000e-05  eta: 3:01:56  time: 1.1086  data_time: 0.0096  memory: 10197  grad_norm: 56.9578  loss: 5.1633  loss_cls: 0.0397  loss_bbox: 0.0535  loss_iou: 0.2477  d0.loss_cls: 0.0516  d0.loss_bbox: 0.0562  d0.loss_iou: 0.2511  d1.loss_cls: 0.0480  d1.loss_bbox: 0.0542  d1.loss_iou: 0.2472  d2.loss_cls: 0.0449  d2.loss_bbox: 0.0527  d2.loss_iou: 0.2457  d3.loss_cls: 0.0410  d3.loss_bbox: 0.0534  d3.loss_iou: 0.2484  d4.loss_cls: 0.0408  d4.loss_bbox: 0.0529  d4.loss_iou: 0.2467  enc_loss_cls: 0.0599  enc_loss_bbox: 0.0619  enc_loss_iou: 0.2631  dn_loss_cls: 0.0008  dn_loss_bbox: 0.0554  dn_loss_iou: 0.1813  d0.dn_loss_cls: 0.0121  d0.dn_loss_bbox: 0.0854  d0.dn_loss_iou: 0.2404  d1.dn_loss_cls: 0.0021  d1.dn_loss_bbox: 0.0596  d1.dn_loss_iou: 0.1913  d2.dn_loss_cls: 0.0011  d2.dn_loss_bbox: 0.0569  d2.dn_loss_iou: 0.1843  d3.dn_loss_cls: 0.0009  d3.dn_loss_bbox: 0.0560  d3.dn_loss_iou: 0.1826  d4.dn_loss_cls: 0.0008  d4.dn_loss_bbox: 0.0554  d4.dn_loss_iou: 0.1813  contr_loss: 1.1549
08/07 14:49:16 - mmengine - INFO - Epoch(train) [18][500/698]  base_lr: 1.0000e-05 lr: 1.0000e-05  eta: 3:01:01  time: 1.0807  data_time: 0.0090  memory: 9799  grad_norm: 38.8621  loss: 5.4617  loss_cls: 0.0444  loss_bbox: 0.0559  loss_iou: 0.2637  d0.loss_cls: 0.0553  d0.loss_bbox: 0.0579  d0.loss_iou: 0.2688  d1.loss_cls: 0.0479  d1.loss_bbox: 0.0565  d1.loss_iou: 0.2685  d2.loss_cls: 0.0475  d2.loss_bbox: 0.0559  d2.loss_iou: 0.2631  d3.loss_cls: 0.0435  d3.loss_bbox: 0.0559  d3.loss_iou: 0.2655  d4.loss_cls: 0.0436  d4.loss_bbox: 0.0560  d4.loss_iou: 0.2649  enc_loss_cls: 0.0718  enc_loss_bbox: 0.0642  enc_loss_iou: 0.2795  dn_loss_cls: 0.0031  dn_loss_bbox: 0.0605  dn_loss_iou: 0.1904  d0.dn_loss_cls: 0.0148  d0.dn_loss_bbox: 0.0889  d0.dn_loss_iou: 0.2497  d1.dn_loss_cls: 0.0046  d1.dn_loss_bbox: 0.0645  d1.dn_loss_iou: 0.2008  d2.dn_loss_cls: 0.0035  d2.dn_loss_bbox: 0.0616  d2.dn_loss_iou: 0.1927  d3.dn_loss_cls: 0.0033  d3.dn_loss_bbox: 0.0605  d3.dn_loss_iou: 0.1910  d4.dn_loss_cls: 0.0031  d4.dn_loss_bbox: 0.0605  d4.dn_loss_iou: 0.1906  contr_loss: 1.1872
08/07 14:50:10 - mmengine - INFO - Epoch(train) [18][550/698]  base_lr: 1.0000e-05 lr: 1.0000e-05  eta: 3:00:07  time: 1.0856  data_time: 0.0085  memory: 10068  grad_norm: 36.3769  loss: 5.4112  loss_cls: 0.0562  loss_bbox: 0.0689  loss_iou: 0.2666  d0.loss_cls: 0.0615  d0.loss_bbox: 0.0739  d0.loss_iou: 0.2764  d1.loss_cls: 0.0601  d1.loss_bbox: 0.0700  d1.loss_iou: 0.2683  d2.loss_cls: 0.0569  d2.loss_bbox: 0.0690  d2.loss_iou: 0.2676  d3.loss_cls: 0.0591  d3.loss_bbox: 0.0692  d3.loss_iou: 0.2672  d4.loss_cls: 0.0588  d4.loss_bbox: 0.0689  d4.loss_iou: 0.2665  enc_loss_cls: 0.0719  enc_loss_bbox: 0.0817  enc_loss_iou: 0.2900  dn_loss_cls: 0.0019  dn_loss_bbox: 0.0574  dn_loss_iou: 0.1505  d0.dn_loss_cls: 0.0121  d0.dn_loss_bbox: 0.0890  d0.dn_loss_iou: 0.2064  d1.dn_loss_cls: 0.0037  d1.dn_loss_bbox: 0.0620  d1.dn_loss_iou: 0.1610  d2.dn_loss_cls: 0.0024  d2.dn_loss_bbox: 0.0581  d2.dn_loss_iou: 0.1528  d3.dn_loss_cls: 0.0021  d3.dn_loss_bbox: 0.0576  d3.dn_loss_iou: 0.1511  d4.dn_loss_cls: 0.0019  d4.dn_loss_bbox: 0.0575  d4.dn_loss_iou: 0.1505  contr_loss: 1.2044
08/07 14:51:04 - mmengine - INFO - Epoch(train) [18][600/698]  base_lr: 1.0000e-05 lr: 1.0000e-05  eta: 2:59:12  time: 1.0822  data_time: 0.0092  memory: 10312  grad_norm: 35.9138  loss: 5.6105  loss_cls: 0.0450  loss_bbox: 0.0534  loss_iou: 0.2629  d0.loss_cls: 0.0650  d0.loss_bbox: 0.0556  d0.loss_iou: 0.2684  d1.loss_cls: 0.0522  d1.loss_bbox: 0.0550  d1.loss_iou: 0.2660  d2.loss_cls: 0.0499  d2.loss_bbox: 0.0550  d2.loss_iou: 0.2640  d3.loss_cls: 0.0473  d3.loss_bbox: 0.0543  d3.loss_iou: 0.2636  d4.loss_cls: 0.0458  d4.loss_bbox: 0.0534  d4.loss_iou: 0.2628  enc_loss_cls: 0.0807  enc_loss_bbox: 0.0640  enc_loss_iou: 0.2836  dn_loss_cls: 0.0015  dn_loss_bbox: 0.0550  dn_loss_iou: 0.1926  d0.dn_loss_cls: 0.0132  d0.dn_loss_bbox: 0.0868  d0.dn_loss_iou: 0.2579  d1.dn_loss_cls: 0.0028  d1.dn_loss_bbox: 0.0599  d1.dn_loss_iou: 0.2046  d2.dn_loss_cls: 0.0023  d2.dn_loss_bbox: 0.0567  d2.dn_loss_iou: 0.1955  d3.dn_loss_cls: 0.0018  d3.dn_loss_bbox: 0.0555  d3.dn_loss_iou: 0.1934  d4.dn_loss_cls: 0.0015  d4.dn_loss_bbox: 0.0550  d4.dn_loss_iou: 0.1926  contr_loss: 1.3339
08/07 14:51:59 - mmengine - INFO - Epoch(train) [18][650/698]  base_lr: 1.0000e-05 lr: 1.0000e-05  eta: 2:58:18  time: 1.1075  data_time: 0.0088  memory: 10284  grad_norm: 38.2140  loss: 5.8206  loss_cls: 0.0650  loss_bbox: 0.0512  loss_iou: 0.2899  d0.loss_cls: 0.0796  d0.loss_bbox: 0.0571  d0.loss_iou: 0.2973  d1.loss_cls: 0.0764  d1.loss_bbox: 0.0526  d1.loss_iou: 0.2950  d2.loss_cls: 0.0724  d2.loss_bbox: 0.0514  d2.loss_iou: 0.2913  d3.loss_cls: 0.0688  d3.loss_bbox: 0.0513  d3.loss_iou: 0.2902  d4.loss_cls: 0.0652  d4.loss_bbox: 0.0511  d4.loss_iou: 0.2899  enc_loss_cls: 0.0889  enc_loss_bbox: 0.0621  enc_loss_iou: 0.3130  dn_loss_cls: 0.0017  dn_loss_bbox: 0.0511  dn_loss_iou: 0.1851  d0.dn_loss_cls: 0.0126  d0.dn_loss_bbox: 0.0751  d0.dn_loss_iou: 0.2412  d1.dn_loss_cls: 0.0036  d1.dn_loss_bbox: 0.0553  d1.dn_loss_iou: 0.1972  d2.dn_loss_cls: 0.0025  d2.dn_loss_bbox: 0.0523  d2.dn_loss_iou: 0.1887  d3.dn_loss_cls: 0.0019  d3.dn_loss_bbox: 0.0515  d3.dn_loss_iou: 0.1861  d4.dn_loss_cls: 0.0017  d4.dn_loss_bbox: 0.0511  d4.dn_loss_iou: 0.1852  contr_loss: 1.3170
08/07 14:52:50 - mmengine - INFO - Exp name: lae_dino_swin-t_finetune_DIOR_20260807_105315
08/07 14:52:50 - mmengine - INFO - Saving checkpoint at 18 epochs
08/07 14:53:02 - mmengine - INFO - Epoch(val) [18][ 50/147]    eta: 0:00:09  time: 0.1025  data_time: 0.0024  memory: 9854  
08/07 14:53:07 - mmengine - INFO - Epoch(val) [18][100/147]    eta: 0:00:04  time: 0.1008  data_time: 0.0021  memory: 3800  
08/07 14:53:15 - mmengine - INFO - Evaluating bbox...
Loading and preparing results...
DONE (t=0.40s)
creating index...
index created!
Running per image evaluation...
Evaluate annotation type *bbox*
DONE (t=8.30s).
Accumulating evaluation results...
DONE (t=3.29s).
 Average Precision  (AP) @[ IoU=0.50:0.95 | area=   all | maxDets=100 ] = 0.737
 Average Precision  (AP) @[ IoU=0.50      | area=   all | maxDets=1000 ] = 0.914
 Average Precision  (AP) @[ IoU=0.75      | area=   all | maxDets=1000 ] = 0.804
 Average Precision  (AP) @[ IoU=0.50:0.95 | area= small | maxDets=1000 ] = 0.260
 Average Precision  (AP) @[ IoU=0.50:0.95 | area=medium | maxDets=1000 ] = 0.620
 Average Precision  (AP) @[ IoU=0.50:0.95 | area= large | maxDets=1000 ] = 0.849
 Average Recall     (AR) @[ IoU=0.50:0.95 | area=   all | maxDets=100 ] = 0.836
 Average Recall     (AR) @[ IoU=0.50:0.95 | area=   all | maxDets=300 ] = 0.842
 Average Recall     (AR) @[ IoU=0.50:0.95 | area=   all | maxDets=1000 ] = 0.842
 Average Recall     (AR) @[ IoU=0.50:0.95 | area= small | maxDets=1000 ] = 0.430
 Average Recall     (AR) @[ IoU=0.50:0.95 | area=medium | maxDets=1000 ] = 0.774
 Average Recall     (AR) @[ IoU=0.50:0.95 | area= large | maxDets=1000 ] = 0.922
08/07 14:53:28 - mmengine - INFO - bbox_mAP_copypaste: 0.737 0.914 0.804 0.260 0.620 0.849
================DIOR/coco================
08/07 14:53:28 - mmengine - INFO - Epoch(val) [18][147/147]    DIOR/coco/bbox_mAP: 0.7370  DIOR/coco/bbox_mAP_50: 0.9140  DIOR/coco/bbox_mAP_75: 0.8040  DIOR/coco/bbox_mAP_s: 0.2600  DIOR/coco/bbox_mAP_m: 0.6200  DIOR/coco/bbox_mAP_l: 0.8490  data_time: 0.0021  time: 0.1009
08/07 14:54:23 - mmengine - INFO - Epoch(train) [19][ 50/698]  base_lr: 1.0000e-05 lr: 1.0000e-05  eta: 2:56:31  time: 1.1005  data_time: 0.0131  memory: 9600  grad_norm: 42.9610  loss: 5.1803  loss_cls: 0.0605  loss_bbox: 0.0617  loss_iou: 0.2848  d0.loss_cls: 0.0743  d0.loss_bbox: 0.0657  d0.loss_iou: 0.2944  d1.loss_cls: 0.0704  d1.loss_bbox: 0.0629  d1.loss_iou: 0.2890  d2.loss_cls: 0.0661  d2.loss_bbox: 0.0616  d2.loss_iou: 0.2849  d3.loss_cls: 0.0632  d3.loss_bbox: 0.0615  d3.loss_iou: 0.2847  d4.loss_cls: 0.0610  d4.loss_bbox: 0.0616  d4.loss_iou: 0.2852  enc_loss_cls: 0.0862  enc_loss_bbox: 0.0744  enc_loss_iou: 0.3112  dn_loss_cls: 0.0021  dn_loss_bbox: 0.0595  dn_loss_iou: 0.1864  d0.dn_loss_cls: 0.0177  d0.dn_loss_bbox: 0.0888  d0.dn_loss_iou: 0.2466  d1.dn_loss_cls: 0.0042  d1.dn_loss_bbox: 0.0646  d1.dn_loss_iou: 0.1992  d2.dn_loss_cls: 0.0028  d2.dn_loss_bbox: 0.0609  d2.dn_loss_iou: 0.1896  d3.dn_loss_cls: 0.0023  d3.dn_loss_bbox: 0.0596  d3.dn_loss_iou: 0.1865  d4.dn_loss_cls: 0.0022  d4.dn_loss_bbox: 0.0596  d4.dn_loss_iou: 0.1863  contr_loss: 0.5959
08/07 14:55:18 - mmengine - INFO - Epoch(train) [19][100/698]  base_lr: 1.0000e-05 lr: 1.0000e-05  eta: 2:55:37  time: 1.1048  data_time: 0.0089  memory: 9777  grad_norm: 38.0199  loss: 5.1161  loss_cls: 0.0351  loss_bbox: 0.0548  loss_iou: 0.2394  d0.loss_cls: 0.0432  d0.loss_bbox: 0.0591  d0.loss_iou: 0.2472  d1.loss_cls: 0.0394  d1.loss_bbox: 0.0570  d1.loss_iou: 0.2433  d2.loss_cls: 0.0392  d2.loss_bbox: 0.0556  d2.loss_iou: 0.2409  d3.loss_cls: 0.0348  d3.loss_bbox: 0.0559  d3.loss_iou: 0.2401  d4.loss_cls: 0.0344  d4.loss_bbox: 0.0558  d4.loss_iou: 0.2395  enc_loss_cls: 0.0518  enc_loss_bbox: 0.0658  enc_loss_iou: 0.2599  dn_loss_cls: 0.0008  dn_loss_bbox: 0.0607  dn_loss_iou: 0.1674  d0.dn_loss_cls: 0.0111  d0.dn_loss_bbox: 0.0827  d0.dn_loss_iou: 0.2143  d1.dn_loss_cls: 0.0020  d1.dn_loss_bbox: 0.0639  d1.dn_loss_iou: 0.1758  d2.dn_loss_cls: 0.0013  d2.dn_loss_bbox: 0.0615  d2.dn_loss_iou: 0.1694  d3.dn_loss_cls: 0.0010  d3.dn_loss_bbox: 0.0609  d3.dn_loss_iou: 0.1678  d4.dn_loss_cls: 0.0008  d4.dn_loss_bbox: 0.0607  d4.dn_loss_iou: 0.1674  contr_loss: 1.2547
08/07 14:56:14 - mmengine - INFO - Epoch(train) [19][150/698]  base_lr: 1.0000e-05 lr: 1.0000e-05  eta: 2:54:43  time: 1.1018  data_time: 0.0088  memory: 10237  grad_norm: 36.1550  loss: 5.3740  loss_cls: 0.0472  loss_bbox: 0.0572  loss_iou: 0.2434  d0.loss_cls: 0.0543  d0.loss_bbox: 0.0629  d0.loss_iou: 0.2523  d1.loss_cls: 0.0497  d1.loss_bbox: 0.0610  d1.loss_iou: 0.2481  d2.loss_cls: 0.0505  d2.loss_bbox: 0.0586  d2.loss_iou: 0.2461  d3.loss_cls: 0.0491  d3.loss_bbox: 0.0579  d3.loss_iou: 0.2446  d4.loss_cls: 0.0472  d4.loss_bbox: 0.0572  d4.loss_iou: 0.2436  enc_loss_cls: 0.0668  enc_loss_bbox: 0.0697  enc_loss_iou: 0.2655  dn_loss_cls: 0.0036  dn_loss_bbox: 0.0748  dn_loss_iou: 0.1903  d0.dn_loss_cls: 0.0154  d0.dn_loss_bbox: 0.1045  d0.dn_loss_iou: 0.2519  d1.dn_loss_cls: 0.0050  d1.dn_loss_bbox: 0.0784  d1.dn_loss_iou: 0.2012  d2.dn_loss_cls: 0.0047  d2.dn_loss_bbox: 0.0757  d2.dn_loss_iou: 0.1932  d3.dn_loss_cls: 0.0040  d3.dn_loss_bbox: 0.0753  d3.dn_loss_iou: 0.1912  d4.dn_loss_cls: 0.0036  d4.dn_loss_bbox: 0.0748  d4.dn_loss_iou: 0.1903  contr_loss: 1.1029
08/07 14:57:08 - mmengine - INFO - Epoch(train) [19][200/698]  base_lr: 1.0000e-05 lr: 1.0000e-05  eta: 2:53:48  time: 1.0826  data_time: 0.0095  memory: 10253  grad_norm: 37.4486  loss: 5.8387  loss_cls: 0.0581  loss_bbox: 0.0600  loss_iou: 0.3256  d0.loss_cls: 0.0683  d0.loss_bbox: 0.0638  d0.loss_iou: 0.3349  d1.loss_cls: 0.0616  d1.loss_bbox: 0.0608  d1.loss_iou: 0.3278  d2.loss_cls: 0.0598  d2.loss_bbox: 0.0601  d2.loss_iou: 0.3253  d3.loss_cls: 0.0590  d3.loss_bbox: 0.0599  d3.loss_iou: 0.3247  d4.loss_cls: 0.0577  d4.loss_bbox: 0.0601  d4.loss_iou: 0.3259  enc_loss_cls: 0.0816  enc_loss_bbox: 0.0696  enc_loss_iou: 0.3503  dn_loss_cls: 0.0018  dn_loss_bbox: 0.0566  dn_loss_iou: 0.1989  d0.dn_loss_cls: 0.0139  d0.dn_loss_bbox: 0.0817  d0.dn_loss_iou: 0.2606  d1.dn_loss_cls: 0.0033  d1.dn_loss_bbox: 0.0597  d1.dn_loss_iou: 0.2100  d2.dn_loss_cls: 0.0023  d2.dn_loss_bbox: 0.0571  d2.dn_loss_iou: 0.2005  d3.dn_loss_cls: 0.0018  d3.dn_loss_bbox: 0.0570  d3.dn_loss_iou: 0.1999  d4.dn_loss_cls: 0.0017  d4.dn_loss_bbox: 0.0567  d4.dn_loss_iou: 0.1990  contr_loss: 0.9813
08/07 14:58:03 - mmengine - INFO - Epoch(train) [19][250/698]  base_lr: 1.0000e-05 lr: 1.0000e-05  eta: 2:52:55  time: 1.1128  data_time: 0.0088  memory: 10153  grad_norm: 42.6990  loss: 4.2278  loss_cls: 0.0302  loss_bbox: 0.0579  loss_iou: 0.2109  d0.loss_cls: 0.0390  d0.loss_bbox: 0.0603  d0.loss_iou: 0.2152  d1.loss_cls: 0.0339  d1.loss_bbox: 0.0591  d1.loss_iou: 0.2117  d2.loss_cls: 0.0320  d2.loss_bbox: 0.0578  d2.loss_iou: 0.2112  d3.loss_cls: 0.0307  d3.loss_bbox: 0.0587  d3.loss_iou: 0.2123  d4.loss_cls: 0.0295  d4.loss_bbox: 0.0584  d4.loss_iou: 0.2121  enc_loss_cls: 0.0538  enc_loss_bbox: 0.0680  enc_loss_iou: 0.2250  dn_loss_cls: 0.0010  dn_loss_bbox: 0.0629  dn_loss_iou: 0.1727  d0.dn_loss_cls: 0.0099  d0.dn_loss_bbox: 0.0918  d0.dn_loss_iou: 0.2280  d1.dn_loss_cls: 0.0027  d1.dn_loss_bbox: 0.0677  d1.dn_loss_iou: 0.1834  d2.dn_loss_cls: 0.0013  d2.dn_loss_bbox: 0.0642  d2.dn_loss_iou: 0.1753  d3.dn_loss_cls: 0.0010  d3.dn_loss_bbox: 0.0633  d3.dn_loss_iou: 0.1737  d4.dn_loss_cls: 0.0009  d4.dn_loss_bbox: 0.0630  d4.dn_loss_iou: 0.1728  contr_loss: 0.5245
08/07 14:58:58 - mmengine - INFO - Epoch(train) [19][300/698]  base_lr: 1.0000e-05 lr: 1.0000e-05  eta: 2:52:01  time: 1.1030  data_time: 0.0087  memory: 10206  grad_norm: 35.7571  loss: 5.7298  loss_cls: 0.0625  loss_bbox: 0.0719  loss_iou: 0.3311  d0.loss_cls: 0.0769  d0.loss_bbox: 0.0765  d0.loss_iou: 0.3410  d1.loss_cls: 0.0688  d1.loss_bbox: 0.0746  d1.loss_iou: 0.3362  d2.loss_cls: 0.0661  d2.loss_bbox: 0.0724  d2.loss_iou: 0.3337  d3.loss_cls: 0.0653  d3.loss_bbox: 0.0725  d3.loss_iou: 0.3316  d4.loss_cls: 0.0634  d4.loss_bbox: 0.0719  d4.loss_iou: 0.3310  enc_loss_cls: 0.0936  enc_loss_bbox: 0.0804  enc_loss_iou: 0.3533  dn_loss_cls: 0.0013  dn_loss_bbox: 0.0591  dn_loss_iou: 0.1897  d0.dn_loss_cls: 0.0125  d0.dn_loss_bbox: 0.0875  d0.dn_loss_iou: 0.2510  d1.dn_loss_cls: 0.0026  d1.dn_loss_bbox: 0.0632  d1.dn_loss_iou: 0.2016  d2.dn_loss_cls: 0.0016  d2.dn_loss_bbox: 0.0603  d2.dn_loss_iou: 0.1926  d3.dn_loss_cls: 0.0014  d3.dn_loss_bbox: 0.0597  d3.dn_loss_iou: 0.1903  d4.dn_loss_cls: 0.0014  d4.dn_loss_bbox: 0.0592  d4.dn_loss_iou: 0.1897  contr_loss: 0.7305
08/07 14:59:53 - mmengine - INFO - Epoch(train) [19][350/698]  base_lr: 1.0000e-05 lr: 1.0000e-05  eta: 2:51:06  time: 1.0814  data_time: 0.0092  memory: 9830  grad_norm: 44.6796  loss: 4.4155  loss_cls: 0.0395  loss_bbox: 0.0504  loss_iou: 0.2142  d0.loss_cls: 0.0484  d0.loss_bbox: 0.0556  d0.loss_iou: 0.2221  d1.loss_cls: 0.0476  d1.loss_bbox: 0.0524  d1.loss_iou: 0.2162  d2.loss_cls: 0.0452  d2.loss_bbox: 0.0508  d2.loss_iou: 0.2144  d3.loss_cls: 0.0415  d3.loss_bbox: 0.0504  d3.loss_iou: 0.2132  d4.loss_cls: 0.0421  d4.loss_bbox: 0.0502  d4.loss_iou: 0.2134  enc_loss_cls: 0.0584  enc_loss_bbox: 0.0614  enc_loss_iou: 0.2310  dn_loss_cls: 0.0016  dn_loss_bbox: 0.0665  dn_loss_iou: 0.1989  d0.dn_loss_cls: 0.0135  d0.dn_loss_bbox: 0.0997  d0.dn_loss_iou: 0.2617  d1.dn_loss_cls: 0.0031  d1.dn_loss_bbox: 0.0714  d1.dn_loss_iou: 0.2094  d2.dn_loss_cls: 0.0021  d2.dn_loss_bbox: 0.0679  d2.dn_loss_iou: 0.2012  d3.dn_loss_cls: 0.0018  d3.dn_loss_bbox: 0.0669  d3.dn_loss_iou: 0.1993  d4.dn_loss_cls: 0.0016  d4.dn_loss_bbox: 0.0666  d4.dn_loss_iou: 0.1991  contr_loss: 0.4650
08/07 15:00:48 - mmengine - INFO - Epoch(train) [19][400/698]  base_lr: 1.0000e-05 lr: 1.0000e-05  eta: 2:50:12  time: 1.1008  data_time: 0.0092  memory: 10095  grad_norm: 42.9525  loss: 5.5626  loss_cls: 0.1017  loss_bbox: 0.0610  loss_iou: 0.2446  d0.loss_cls: 0.1044  d0.loss_bbox: 0.0664  d0.loss_iou: 0.2573  d1.loss_cls: 0.1071  d1.loss_bbox: 0.0625  d1.loss_iou: 0.2493  d2.loss_cls: 0.1007  d2.loss_bbox: 0.0611  d2.loss_iou: 0.2461  d3.loss_cls: 0.1027  d3.loss_bbox: 0.0617  d3.loss_iou: 0.2467  d4.loss_cls: 0.0964  d4.loss_bbox: 0.0611  d4.loss_iou: 0.2460  enc_loss_cls: 0.1264  enc_loss_bbox: 0.0743  enc_loss_iou: 0.2654  dn_loss_cls: 0.0018  dn_loss_bbox: 0.0624  dn_loss_iou: 0.1740  d0.dn_loss_cls: 0.0150  d0.dn_loss_bbox: 0.1018  d0.dn_loss_iou: 0.2427  d1.dn_loss_cls: 0.0034  d1.dn_loss_bbox: 0.0679  d1.dn_loss_iou: 0.1849  d2.dn_loss_cls: 0.0023  d2.dn_loss_bbox: 0.0639  d2.dn_loss_iou: 0.1767  d3.dn_loss_cls: 0.0020  d3.dn_loss_bbox: 0.0629  d3.dn_loss_iou: 0.1747  d4.dn_loss_cls: 0.0018  d4.dn_loss_bbox: 0.0623  d4.dn_loss_iou: 0.1740  contr_loss: 1.0453
08/07 15:01:26 - mmengine - INFO - Exp name: lae_dino_swin-t_finetune_DIOR_20260807_105315
08/07 15:01:42 - mmengine - INFO - Epoch(train) [19][450/698]  base_lr: 1.0000e-05 lr: 1.0000e-05  eta: 2:49:17  time: 1.0798  data_time: 0.0088  memory: 9961  grad_norm: 35.4080  loss: 5.5424  loss_cls: 0.0600  loss_bbox: 0.0565  loss_iou: 0.2838  d0.loss_cls: 0.0728  d0.loss_bbox: 0.0605  d0.loss_iou: 0.2893  d1.loss_cls: 0.0670  d1.loss_bbox: 0.0585  d1.loss_iou: 0.2853  d2.loss_cls: 0.0635  d2.loss_bbox: 0.0568  d2.loss_iou: 0.2829  d3.loss_cls: 0.0598  d3.loss_bbox: 0.0568  d3.loss_iou: 0.2847  d4.loss_cls: 0.0604  d4.loss_bbox: 0.0565  d4.loss_iou: 0.2838  enc_loss_cls: 0.0866  enc_loss_bbox: 0.0670  enc_loss_iou: 0.3021  dn_loss_cls: 0.0021  dn_loss_bbox: 0.0557  dn_loss_iou: 0.1994  d0.dn_loss_cls: 0.0146  d0.dn_loss_bbox: 0.0827  d0.dn_loss_iou: 0.2598  d1.dn_loss_cls: 0.0038  d1.dn_loss_bbox: 0.0588  d1.dn_loss_iou: 0.2097  d2.dn_loss_cls: 0.0026  d2.dn_loss_bbox: 0.0563  d2.dn_loss_iou: 0.2015  d3.dn_loss_cls: 0.0021  d3.dn_loss_bbox: 0.0560  d3.dn_loss_iou: 0.2003  d4.dn_loss_cls: 0.0020  d4.dn_loss_bbox: 0.0557  d4.dn_loss_iou: 0.1995  contr_loss: 0.9852
08/07 15:02:36 - mmengine - INFO - Epoch(train) [19][500/698]  base_lr: 1.0000e-05 lr: 1.0000e-05  eta: 2:48:23  time: 1.0937  data_time: 0.0086  memory: 9789  grad_norm: 33.6183  loss: 5.3227  loss_cls: 0.0387  loss_bbox: 0.0509  loss_iou: 0.2465  d0.loss_cls: 0.0478  d0.loss_bbox: 0.0588  d0.loss_iou: 0.2553  d1.loss_cls: 0.0469  d1.loss_bbox: 0.0549  d1.loss_iou: 0.2483  d2.loss_cls: 0.0449  d2.loss_bbox: 0.0510  d2.loss_iou: 0.2472  d3.loss_cls: 0.0411  d3.loss_bbox: 0.0508  d3.loss_iou: 0.2464  d4.loss_cls: 0.0399  d4.loss_bbox: 0.0503  d4.loss_iou: 0.2460  enc_loss_cls: 0.0559  enc_loss_bbox: 0.0659  enc_loss_iou: 0.2666  dn_loss_cls: 0.0040  dn_loss_bbox: 0.0654  dn_loss_iou: 0.1930  d0.dn_loss_cls: 0.0195  d0.dn_loss_bbox: 0.1058  d0.dn_loss_iou: 0.2619  d1.dn_loss_cls: 0.0059  d1.dn_loss_bbox: 0.0717  d1.dn_loss_iou: 0.2044  d2.dn_loss_cls: 0.0049  d2.dn_loss_bbox: 0.0681  d2.dn_loss_iou: 0.1961  d3.dn_loss_cls: 0.0045  d3.dn_loss_bbox: 0.0661  d3.dn_loss_iou: 0.1938  d4.dn_loss_cls: 0.0041  d4.dn_loss_bbox: 0.0654  d4.dn_loss_iou: 0.1930  contr_loss: 1.1409
08/07 15:03:31 - mmengine - INFO - Epoch(train) [19][550/698]  base_lr: 1.0000e-05 lr: 1.0000e-05  eta: 2:47:28  time: 1.1027  data_time: 0.0086  memory: 9999  grad_norm: 37.4648  loss: 4.6862  loss_cls: 0.0432  loss_bbox: 0.0606  loss_iou: 0.2316  d0.loss_cls: 0.0550  d0.loss_bbox: 0.0660  d0.loss_iou: 0.2404  d1.loss_cls: 0.0495  d1.loss_bbox: 0.0631  d1.loss_iou: 0.2355  d2.loss_cls: 0.0465  d2.loss_bbox: 0.0614  d2.loss_iou: 0.2328  d3.loss_cls: 0.0480  d3.loss_bbox: 0.0602  d3.loss_iou: 0.2299  d4.loss_cls: 0.0457  d4.loss_bbox: 0.0602  d4.loss_iou: 0.2297  enc_loss_cls: 0.0725  enc_loss_bbox: 0.0725  enc_loss_iou: 0.2506  dn_loss_cls: 0.0026  dn_loss_bbox: 0.0762  dn_loss_iou: 0.1883  d0.dn_loss_cls: 0.0151  d0.dn_loss_bbox: 0.1134  d0.dn_loss_iou: 0.2487  d1.dn_loss_cls: 0.0043  d1.dn_loss_bbox: 0.0823  d1.dn_loss_iou: 0.1983  d2.dn_loss_cls: 0.0031  d2.dn_loss_bbox: 0.0780  d2.dn_loss_iou: 0.1909  d3.dn_loss_cls: 0.0029  d3.dn_loss_bbox: 0.0768  d3.dn_loss_iou: 0.1894  d4.dn_loss_cls: 0.0027  d4.dn_loss_bbox: 0.0762  d4.dn_loss_iou: 0.1883  contr_loss: 0.4939
08/07 15:04:25 - mmengine - INFO - Epoch(train) [19][600/698]  base_lr: 1.0000e-05 lr: 1.0000e-05  eta: 2:46:34  time: 1.0805  data_time: 0.0090  memory: 9538  grad_norm: 37.8304  loss: 5.0487  loss_cls: 0.0419  loss_bbox: 0.0520  loss_iou: 0.2285  d0.loss_cls: 0.0518  d0.loss_bbox: 0.0587  d0.loss_iou: 0.2365  d1.loss_cls: 0.0486  d1.loss_bbox: 0.0533  d1.loss_iou: 0.2324  d2.loss_cls: 0.0476  d2.loss_bbox: 0.0526  d2.loss_iou: 0.2293  d3.loss_cls: 0.0445  d3.loss_bbox: 0.0533  d3.loss_iou: 0.2292  d4.loss_cls: 0.0426  d4.loss_bbox: 0.0520  d4.loss_iou: 0.2285  enc_loss_cls: 0.0617  enc_loss_bbox: 0.0656  enc_loss_iou: 0.2506  dn_loss_cls: 0.0011  dn_loss_bbox: 0.0623  dn_loss_iou: 0.1801  d0.dn_loss_cls: 0.0127  d0.dn_loss_bbox: 0.1015  d0.dn_loss_iou: 0.2476  d1.dn_loss_cls: 0.0023  d1.dn_loss_bbox: 0.0682  d1.dn_loss_iou: 0.1912  d2.dn_loss_cls: 0.0013  d2.dn_loss_bbox: 0.0646  d2.dn_loss_iou: 0.1836  d3.dn_loss_cls: 0.0011  d3.dn_loss_bbox: 0.0628  d3.dn_loss_iou: 0.1810  d4.dn_loss_cls: 0.0010  d4.dn_loss_bbox: 0.0624  d4.dn_loss_iou: 0.1801  contr_loss: 1.0826
08/07 15:05:20 - mmengine - INFO - Epoch(train) [19][650/698]  base_lr: 1.0000e-05 lr: 1.0000e-05  eta: 2:45:40  time: 1.1012  data_time: 0.0086  memory: 10055  grad_norm: 82.2625  loss: 5.9482  loss_cls: 0.0494  loss_bbox: 0.0662  loss_iou: 0.3246  d0.loss_cls: 0.0625  d0.loss_bbox: 0.0736  d0.loss_iou: 0.3308  d1.loss_cls: 0.0549  d1.loss_bbox: 0.0712  d1.loss_iou: 0.3262  d2.loss_cls: 0.0523  d2.loss_bbox: 0.0702  d2.loss_iou: 0.3239  d3.loss_cls: 0.0493  d3.loss_bbox: 0.0691  d3.loss_iou: 0.3259  d4.loss_cls: 0.0491  d4.loss_bbox: 0.0662  d4.loss_iou: 0.3252  enc_loss_cls: 0.0756  enc_loss_bbox: 0.0816  enc_loss_iou: 0.3494  dn_loss_cls: 0.0020  dn_loss_bbox: 0.0618  dn_loss_iou: 0.1909  d0.dn_loss_cls: 0.0148  d0.dn_loss_bbox: 0.0913  d0.dn_loss_iou: 0.2540  d1.dn_loss_cls: 0.0034  d1.dn_loss_bbox: 0.0676  d1.dn_loss_iou: 0.2037  d2.dn_loss_cls: 0.0024  d2.dn_loss_bbox: 0.0634  d2.dn_loss_iou: 0.1944  d3.dn_loss_cls: 0.0020  d3.dn_loss_bbox: 0.0623  d3.dn_loss_iou: 0.1918  d4.dn_loss_cls: 0.0019  d4.dn_loss_bbox: 0.0618  d4.dn_loss_iou: 0.1911  contr_loss: 1.0905
08/07 15:06:12 - mmengine - INFO - Exp name: lae_dino_swin-t_finetune_DIOR_20260807_105315
08/07 15:06:12 - mmengine - INFO - Saving checkpoint at 19 epochs
08/07 15:06:24 - mmengine - INFO - Epoch(val) [19][ 50/147]    eta: 0:00:09  time: 0.1027  data_time: 0.0024  memory: 9616  
08/07 15:06:29 - mmengine - INFO - Epoch(val) [19][100/147]    eta: 0:00:04  time: 0.1012  data_time: 0.0020  memory: 3800  
08/07 15:06:36 - mmengine - INFO - Evaluating bbox...
Loading and preparing results...
DONE (t=0.60s)
creating index...
index created!
Running per image evaluation...
Evaluate annotation type *bbox*
DONE (t=8.13s).
Accumulating evaluation results...
DONE (t=3.25s).
 Average Precision  (AP) @[ IoU=0.50:0.95 | area=   all | maxDets=100 ] = 0.740
 Average Precision  (AP) @[ IoU=0.50      | area=   all | maxDets=1000 ] = 0.914
 Average Precision  (AP) @[ IoU=0.75      | area=   all | maxDets=1000 ] = 0.807
 Average Precision  (AP) @[ IoU=0.50:0.95 | area= small | maxDets=1000 ] = 0.260
 Average Precision  (AP) @[ IoU=0.50:0.95 | area=medium | maxDets=1000 ] = 0.624
 Average Precision  (AP) @[ IoU=0.50:0.95 | area= large | maxDets=1000 ] = 0.847
 Average Recall     (AR) @[ IoU=0.50:0.95 | area=   all | maxDets=100 ] = 0.838
 Average Recall     (AR) @[ IoU=0.50:0.95 | area=   all | maxDets=300 ] = 0.843
 Average Recall     (AR) @[ IoU=0.50:0.95 | area=   all | maxDets=1000 ] = 0.843
 Average Recall     (AR) @[ IoU=0.50:0.95 | area= small | maxDets=1000 ] = 0.447
 Average Recall     (AR) @[ IoU=0.50:0.95 | area=medium | maxDets=1000 ] = 0.774
 Average Recall     (AR) @[ IoU=0.50:0.95 | area= large | maxDets=1000 ] = 0.920
08/07 15:06:49 - mmengine - INFO - bbox_mAP_copypaste: 0.740 0.914 0.807 0.260 0.624 0.847
================DIOR/coco================
08/07 15:06:49 - mmengine - INFO - Epoch(val) [19][147/147]    DIOR/coco/bbox_mAP: 0.7400  DIOR/coco/bbox_mAP_50: 0.9140  DIOR/coco/bbox_mAP_75: 0.8070  DIOR/coco/bbox_mAP_s: 0.2600  DIOR/coco/bbox_mAP_m: 0.6240  DIOR/coco/bbox_mAP_l: 0.8470  data_time: 0.0022  time: 0.1010
08/07 15:07:45 - mmengine - INFO - Epoch(train) [20][ 50/698]  base_lr: 1.0000e-05 lr: 1.0000e-05  eta: 2:43:53  time: 1.1090  data_time: 0.0161  memory: 9652  grad_norm: 38.6922  loss: 5.2276  loss_cls: 0.0628  loss_bbox: 0.0640  loss_iou: 0.2693  d0.loss_cls: 0.0778  d0.loss_bbox: 0.0664  d0.loss_iou: 0.2713  d1.loss_cls: 0.0713  d1.loss_bbox: 0.0631  d1.loss_iou: 0.2694  d2.loss_cls: 0.0687  d2.loss_bbox: 0.0636  d2.loss_iou: 0.2702  d3.loss_cls: 0.0659  d3.loss_bbox: 0.0641  d3.loss_iou: 0.2693  d4.loss_cls: 0.0640  d4.loss_bbox: 0.0640  d4.loss_iou: 0.2697  enc_loss_cls: 0.0913  enc_loss_bbox: 0.0736  enc_loss_iou: 0.2834  dn_loss_cls: 0.0013  dn_loss_bbox: 0.0615  dn_loss_iou: 0.1805  d0.dn_loss_cls: 0.0125  d0.dn_loss_bbox: 0.0868  d0.dn_loss_iou: 0.2338  d1.dn_loss_cls: 0.0026  d1.dn_loss_bbox: 0.0646  d1.dn_loss_iou: 0.1902  d2.dn_loss_cls: 0.0018  d2.dn_loss_bbox: 0.0621  d2.dn_loss_iou: 0.1825  d3.dn_loss_cls: 0.0014  d3.dn_loss_bbox: 0.0619  d3.dn_loss_iou: 0.1809  d4.dn_loss_cls: 0.0013  d4.dn_loss_bbox: 0.0616  d4.dn_loss_iou: 0.1806  contr_loss: 0.7965
08/07 15:08:40 - mmengine - INFO - Epoch(train) [20][100/698]  base_lr: 1.0000e-05 lr: 1.0000e-05  eta: 2:42:59  time: 1.0992  data_time: 0.0096  memory: 10155  grad_norm: 48.7229  loss: 4.4163  loss_cls: 0.0383  loss_bbox: 0.0502  loss_iou: 0.2100  d0.loss_cls: 0.0485  d0.loss_bbox: 0.0523  d0.loss_iou: 0.2159  d1.loss_cls: 0.0407  d1.loss_bbox: 0.0519  d1.loss_iou: 0.2155  d2.loss_cls: 0.0442  d2.loss_bbox: 0.0494  d2.loss_iou: 0.2094  d3.loss_cls: 0.0384  d3.loss_bbox: 0.0501  d3.loss_iou: 0.2107  d4.loss_cls: 0.0380  d4.loss_bbox: 0.0501  d4.loss_iou: 0.2099  enc_loss_cls: 0.0560  enc_loss_bbox: 0.0605  enc_loss_iou: 0.2315  dn_loss_cls: 0.0020  dn_loss_bbox: 0.0661  dn_loss_iou: 0.1900  d0.dn_loss_cls: 0.0159  d0.dn_loss_bbox: 0.1040  d0.dn_loss_iou: 0.2566  d1.dn_loss_cls: 0.0037  d1.dn_loss_bbox: 0.0727  d1.dn_loss_iou: 0.2031  d2.dn_loss_cls: 0.0026  d2.dn_loss_bbox: 0.0687  d2.dn_loss_iou: 0.1942  d3.dn_loss_cls: 0.0023  d3.dn_loss_bbox: 0.0666  d3.dn_loss_iou: 0.1913  d4.dn_loss_cls: 0.0020  d4.dn_loss_bbox: 0.0662  d4.dn_loss_iou: 0.1899  contr_loss: 0.5470
08/07 15:09:34 - mmengine - INFO - Epoch(train) [20][150/698]  base_lr: 1.0000e-05 lr: 1.0000e-05  eta: 2:42:04  time: 1.0932  data_time: 0.0087  memory: 10209  grad_norm: 40.7606  loss: 4.8592  loss_cls: 0.0443  loss_bbox: 0.0586  loss_iou: 0.2438  d0.loss_cls: 0.0539  d0.loss_bbox: 0.0600  d0.loss_iou: 0.2489  d1.loss_cls: 0.0489  d1.loss_bbox: 0.0597  d1.loss_iou: 0.2477  d2.loss_cls: 0.0494  d2.loss_bbox: 0.0582  d2.loss_iou: 0.2443  d3.loss_cls: 0.0484  d3.loss_bbox: 0.0581  d3.loss_iou: 0.2429  d4.loss_cls: 0.0442  d4.loss_bbox: 0.0586  d4.loss_iou: 0.2438  enc_loss_cls: 0.0691  enc_loss_bbox: 0.0694  enc_loss_iou: 0.2687  dn_loss_cls: 0.0017  dn_loss_bbox: 0.0637  dn_loss_iou: 0.1834  d0.dn_loss_cls: 0.0149  d0.dn_loss_bbox: 0.0943  d0.dn_loss_iou: 0.2494  d1.dn_loss_cls: 0.0032  d1.dn_loss_bbox: 0.0685  d1.dn_loss_iou: 0.1969  d2.dn_loss_cls: 0.0022  d2.dn_loss_bbox: 0.0641  d2.dn_loss_iou: 0.1867  d3.dn_loss_cls: 0.0018  d3.dn_loss_bbox: 0.0639  d3.dn_loss_iou: 0.1843  d4.dn_loss_cls: 0.0016  d4.dn_loss_bbox: 0.0636  d4.dn_loss_iou: 0.1835  contr_loss: 0.7103
08/07 15:10:29 - mmengine - INFO - Epoch(train) [20][200/698]  base_lr: 1.0000e-05 lr: 1.0000e-05  eta: 2:41:10  time: 1.0961  data_time: 0.0091  memory: 9805  grad_norm: 124.4727  loss: 5.4296  loss_cls: 0.0445  loss_bbox: 0.0595  loss_iou: 0.2978  d0.loss_cls: 0.0581  d0.loss_bbox: 0.0652  d0.loss_iou: 0.3057  d1.loss_cls: 0.0529  d1.loss_bbox: 0.0625  d1.loss_iou: 0.3023  d2.loss_cls: 0.0489  d2.loss_bbox: 0.0603  d2.loss_iou: 0.2998  d3.loss_cls: 0.0469  d3.loss_bbox: 0.0597  d3.loss_iou: 0.2987  d4.loss_cls: 0.0450  d4.loss_bbox: 0.0595  d4.loss_iou: 0.2975  enc_loss_cls: 0.0666  enc_loss_bbox: 0.0699  enc_loss_iou: 0.3197  dn_loss_cls: 0.0018  dn_loss_bbox: 0.0630  dn_loss_iou: 0.1880  d0.dn_loss_cls: 0.0127  d0.dn_loss_bbox: 0.0905  d0.dn_loss_iou: 0.2457  d1.dn_loss_cls: 0.0030  d1.dn_loss_bbox: 0.0675  d1.dn_loss_iou: 0.2007  d2.dn_loss_cls: 0.0024  d2.dn_loss_bbox: 0.0643  d2.dn_loss_iou: 0.1913  d3.dn_loss_cls: 0.0021  d3.dn_loss_bbox: 0.0633  d3.dn_loss_iou: 0.1891  d4.dn_loss_cls: 0.0018  d4.dn_loss_bbox: 0.0630  d4.dn_loss_iou: 0.1880  contr_loss: 0.8703
08/07 15:11:24 - mmengine - INFO - Epoch(train) [20][250/698]  base_lr: 1.0000e-05 lr: 1.0000e-05  eta: 2:40:16  time: 1.1028  data_time: 0.0091  memory: 10541  grad_norm: 39.1394  loss: 4.3130  loss_cls: 0.0397  loss_bbox: 0.0485  loss_iou: 0.1964  d0.loss_cls: 0.0465  d0.loss_bbox: 0.0521  d0.loss_iou: 0.2048  d1.loss_cls: 0.0418  d1.loss_bbox: 0.0503  d1.loss_iou: 0.2010  d2.loss_cls: 0.0388  d2.loss_bbox: 0.0496  d2.loss_iou: 0.1997  d3.loss_cls: 0.0391  d3.loss_bbox: 0.0491  d3.loss_iou: 0.1977  d4.loss_cls: 0.0398  d4.loss_bbox: 0.0487  d4.loss_iou: 0.1965  enc_loss_cls: 0.0601  enc_loss_bbox: 0.0588  enc_loss_iou: 0.2171  dn_loss_cls: 0.0011  dn_loss_bbox: 0.0640  dn_loss_iou: 0.1767  d0.dn_loss_cls: 0.0122  d0.dn_loss_bbox: 0.0992  d0.dn_loss_iou: 0.2318  d1.dn_loss_cls: 0.0023  d1.dn_loss_bbox: 0.0689  d1.dn_loss_iou: 0.1852  d2.dn_loss_cls: 0.0014  d2.dn_loss_bbox: 0.0656  d2.dn_loss_iou: 0.1786  d3.dn_loss_cls: 0.0010  d3.dn_loss_bbox: 0.0644  d3.dn_loss_iou: 0.1775  d4.dn_loss_cls: 0.0009  d4.dn_loss_bbox: 0.0640  d4.dn_loss_iou: 0.1767  contr_loss: 0.6653
08/07 15:12:20 - mmengine - INFO - Epoch(train) [20][300/698]  base_lr: 1.0000e-05 lr: 1.0000e-05  eta: 2:39:22  time: 1.1058  data_time: 0.0096  memory: 10228  grad_norm: 34.5162  loss: 4.5433  loss_cls: 0.0322  loss_bbox: 0.0501  loss_iou: 0.2162  d0.loss_cls: 0.0416  d0.loss_bbox: 0.0518  d0.loss_iou: 0.2239  d1.loss_cls: 0.0379  d1.loss_bbox: 0.0513  d1.loss_iou: 0.2210  d2.loss_cls: 0.0346  d2.loss_bbox: 0.0507  d2.loss_iou: 0.2190  d3.loss_cls: 0.0324  d3.loss_bbox: 0.0504  d3.loss_iou: 0.2184  d4.loss_cls: 0.0327  d4.loss_bbox: 0.0501  d4.loss_iou: 0.2161  enc_loss_cls: 0.0523  enc_loss_bbox: 0.0574  enc_loss_iou: 0.2348  dn_loss_cls: 0.0013  dn_loss_bbox: 0.0598  dn_loss_iou: 0.1746  d0.dn_loss_cls: 0.0098  d0.dn_loss_bbox: 0.0887  d0.dn_loss_iou: 0.2293  d1.dn_loss_cls: 0.0021  d1.dn_loss_bbox: 0.0645  d1.dn_loss_iou: 0.1832  d2.dn_loss_cls: 0.0017  d2.dn_loss_bbox: 0.0608  d2.dn_loss_iou: 0.1767  d3.dn_loss_cls: 0.0015  d3.dn_loss_bbox: 0.0601  d3.dn_loss_iou: 0.1752  d4.dn_loss_cls: 0.0014  d4.dn_loss_bbox: 0.0598  d4.dn_loss_iou: 0.1746  contr_loss: 0.8433
08/07 15:13:14 - mmengine - INFO - Epoch(train) [20][350/698]  base_lr: 1.0000e-05 lr: 1.0000e-05  eta: 2:38:28  time: 1.0975  data_time: 0.0098  memory: 10153  grad_norm: 42.4168  loss: 5.7096  loss_cls: 0.0548  loss_bbox: 0.0595  loss_iou: 0.2718  d0.loss_cls: 0.0712  d0.loss_bbox: 0.0663  d0.loss_iou: 0.2801  d1.loss_cls: 0.0630  d1.loss_bbox: 0.0616  d1.loss_iou: 0.2764  d2.loss_cls: 0.0611  d2.loss_bbox: 0.0607  d2.loss_iou: 0.2718  d3.loss_cls: 0.0586  d3.loss_bbox: 0.0597  d3.loss_iou: 0.2715  d4.loss_cls: 0.0560  d4.loss_bbox: 0.0594  d4.loss_iou: 0.2720  enc_loss_cls: 0.0790  enc_loss_bbox: 0.0710  enc_loss_iou: 0.2930  dn_loss_cls: 0.0017  dn_loss_bbox: 0.0672  dn_loss_iou: 0.1739  d0.dn_loss_cls: 0.0150  d0.dn_loss_bbox: 0.1005  d0.dn_loss_iou: 0.2381  d1.dn_loss_cls: 0.0034  d1.dn_loss_bbox: 0.0726  d1.dn_loss_iou: 0.1852  d2.dn_loss_cls: 0.0025  d2.dn_loss_bbox: 0.0689  d2.dn_loss_iou: 0.1775  d3.dn_loss_cls: 0.0018  d3.dn_loss_bbox: 0.0673  d3.dn_loss_iou: 0.1746  d4.dn_loss_cls: 0.0017  d4.dn_loss_bbox: 0.0671  d4.dn_loss_iou: 0.1739  contr_loss: 1.2980
08/07 15:14:08 - mmengine - INFO - Epoch(train) [20][400/698]  base_lr: 1.0000e-05 lr: 1.0000e-05  eta: 2:37:33  time: 1.0762  data_time: 0.0089  memory: 9643  grad_norm: 37.2625  loss: 4.8072  loss_cls: 0.0376  loss_bbox: 0.0464  loss_iou: 0.1878  d0.loss_cls: 0.0490  d0.loss_bbox: 0.0489  d0.loss_iou: 0.1952  d1.loss_cls: 0.0428  d1.loss_bbox: 0.0483  d1.loss_iou: 0.1928  d2.loss_cls: 0.0408  d2.loss_bbox: 0.0470  d2.loss_iou: 0.1910  d3.loss_cls: 0.0396  d3.loss_bbox: 0.0455  d3.loss_iou: 0.1881  d4.loss_cls: 0.0382  d4.loss_bbox: 0.0464  d4.loss_iou: 0.1879  enc_loss_cls: 0.0591  enc_loss_bbox: 0.0547  enc_loss_iou: 0.2072  dn_loss_cls: 0.0020  dn_loss_bbox: 0.0592  dn_loss_iou: 0.1847  d0.dn_loss_cls: 0.0179  d0.dn_loss_bbox: 0.0920  d0.dn_loss_iou: 0.2495  d1.dn_loss_cls: 0.0038  d1.dn_loss_bbox: 0.0642  d1.dn_loss_iou: 0.1958  d2.dn_loss_cls: 0.0024  d2.dn_loss_bbox: 0.0611  d2.dn_loss_iou: 0.1882  d3.dn_loss_cls: 0.0020  d3.dn_loss_bbox: 0.0598  d3.dn_loss_iou: 0.1861  d4.dn_loss_cls: 0.0018  d4.dn_loss_bbox: 0.0592  d4.dn_loss_iou: 0.1847  contr_loss: 1.1985
08/07 15:15:03 - mmengine - INFO - Epoch(train) [20][450/698]  base_lr: 1.0000e-05 lr: 1.0000e-05  eta: 2:36:38  time: 1.0887  data_time: 0.0093  memory: 10224  grad_norm: 42.0125  loss: 5.2034  loss_cls: 0.0355  loss_bbox: 0.0592  loss_iou: 0.2668  d0.loss_cls: 0.0478  d0.loss_bbox: 0.0629  d0.loss_iou: 0.2765  d1.loss_cls: 0.0405  d1.loss_bbox: 0.0614  d1.loss_iou: 0.2722  d2.loss_cls: 0.0402  d2.loss_bbox: 0.0588  d2.loss_iou: 0.2679  d3.loss_cls: 0.0387  d3.loss_bbox: 0.0583  d3.loss_iou: 0.2671  d4.loss_cls: 0.0355  d4.loss_bbox: 0.0592  d4.loss_iou: 0.2670  enc_loss_cls: 0.0631  enc_loss_bbox: 0.0701  enc_loss_iou: 0.2901  dn_loss_cls: 0.0012  dn_loss_bbox: 0.0515  dn_loss_iou: 0.1591  d0.dn_loss_cls: 0.0082  d0.dn_loss_bbox: 0.0764  d0.dn_loss_iou: 0.2076  d1.dn_loss_cls: 0.0020  d1.dn_loss_bbox: 0.0543  d1.dn_loss_iou: 0.1669  d2.dn_loss_cls: 0.0014  d2.dn_loss_bbox: 0.0516  d2.dn_loss_iou: 0.1599  d3.dn_loss_cls: 0.0012  d3.dn_loss_bbox: 0.0517  d3.dn_loss_iou: 0.1597  d4.dn_loss_cls: 0.0011  d4.dn_loss_bbox: 0.0515  d4.dn_loss_iou: 0.1590  contr_loss: 1.2000
08/07 15:15:58 - mmengine - INFO - Epoch(train) [20][500/698]  base_lr: 1.0000e-05 lr: 1.0000e-05  eta: 2:35:44  time: 1.0974  data_time: 0.0086  memory: 10053  grad_norm: 36.0696  loss: 4.8740  loss_cls: 0.0380  loss_bbox: 0.0792  loss_iou: 0.2576  d0.loss_cls: 0.0545  d0.loss_bbox: 0.0817  d0.loss_iou: 0.2637  d1.loss_cls: 0.0432  d1.loss_bbox: 0.0814  d1.loss_iou: 0.2597  d2.loss_cls: 0.0504  d2.loss_bbox: 0.0772  d2.loss_iou: 0.2572  d3.loss_cls: 0.0402  d3.loss_bbox: 0.0797  d3.loss_iou: 0.2564  d4.loss_cls: 0.0418  d4.loss_bbox: 0.0783  d4.loss_iou: 0.2577  enc_loss_cls: 0.0579  enc_loss_bbox: 0.0920  enc_loss_iou: 0.2751  dn_loss_cls: 0.0009  dn_loss_bbox: 0.0766  dn_loss_iou: 0.1820  d0.dn_loss_cls: 0.0130  d0.dn_loss_bbox: 0.1111  d0.dn_loss_iou: 0.2442  d1.dn_loss_cls: 0.0024  d1.dn_loss_bbox: 0.0826  d1.dn_loss_iou: 0.1923  d2.dn_loss_cls: 0.0012  d2.dn_loss_bbox: 0.0774  d2.dn_loss_iou: 0.1830  d3.dn_loss_cls: 0.0009  d3.dn_loss_bbox: 0.0768  d3.dn_loss_iou: 0.1820  d4.dn_loss_cls: 0.0009  d4.dn_loss_bbox: 0.0765  d4.dn_loss_iou: 0.1819  contr_loss: 0.4655
08/07 15:16:52 - mmengine - INFO - Epoch(train) [20][550/698]  base_lr: 1.0000e-05 lr: 1.0000e-05  eta: 2:34:49  time: 1.0871  data_time: 0.0094  memory: 9847  grad_norm: 41.0478  loss: 5.4172  loss_cls: 0.0431  loss_bbox: 0.0547  loss_iou: 0.2722  d0.loss_cls: 0.0542  d0.loss_bbox: 0.0590  d0.loss_iou: 0.2863  d1.loss_cls: 0.0502  d1.loss_bbox: 0.0562  d1.loss_iou: 0.2791  d2.loss_cls: 0.0477  d2.loss_bbox: 0.0551  d2.loss_iou: 0.2753  d3.loss_cls: 0.0463  d3.loss_bbox: 0.0549  d3.loss_iou: 0.2721  d4.loss_cls: 0.0435  d4.loss_bbox: 0.0545  d4.loss_iou: 0.2720  enc_loss_cls: 0.0725  enc_loss_bbox: 0.0645  enc_loss_iou: 0.2963  dn_loss_cls: 0.0021  dn_loss_bbox: 0.0510  dn_loss_iou: 0.1819  d0.dn_loss_cls: 0.0114  d0.dn_loss_bbox: 0.0748  d0.dn_loss_iou: 0.2398  d1.dn_loss_cls: 0.0026  d1.dn_loss_bbox: 0.0551  d1.dn_loss_iou: 0.1922  d2.dn_loss_cls: 0.0021  d2.dn_loss_bbox: 0.0521  d2.dn_loss_iou: 0.1842  d3.dn_loss_cls: 0.0020  d3.dn_loss_bbox: 0.0514  d3.dn_loss_iou: 0.1829  d4.dn_loss_cls: 0.0020  d4.dn_loss_bbox: 0.0511  d4.dn_loss_iou: 0.1819  contr_loss: 1.1874
08/07 15:17:47 - mmengine - INFO - Epoch(train) [20][600/698]  base_lr: 1.0000e-05 lr: 1.0000e-05  eta: 2:33:55  time: 1.0948  data_time: 0.0098  memory: 10325  grad_norm: 39.6670  loss: 5.4637  loss_cls: 0.0619  loss_bbox: 0.0600  loss_iou: 0.3012  d0.loss_cls: 0.0762  d0.loss_bbox: 0.0633  d0.loss_iou: 0.3097  d1.loss_cls: 0.0695  d1.loss_bbox: 0.0623  d1.loss_iou: 0.3054  d2.loss_cls: 0.0660  d2.loss_bbox: 0.0604  d2.loss_iou: 0.3026  d3.loss_cls: 0.0644  d3.loss_bbox: 0.0600  d3.loss_iou: 0.3015  d4.loss_cls: 0.0614  d4.loss_bbox: 0.0600  d4.loss_iou: 0.3010  enc_loss_cls: 0.0863  enc_loss_bbox: 0.0694  enc_loss_iou: 0.3218  dn_loss_cls: 0.0013  dn_loss_bbox: 0.0552  dn_loss_iou: 0.1742  d0.dn_loss_cls: 0.0124  d0.dn_loss_bbox: 0.0829  d0.dn_loss_iou: 0.2278  d1.dn_loss_cls: 0.0040  d1.dn_loss_bbox: 0.0603  d1.dn_loss_iou: 0.1837  d2.dn_loss_cls: 0.0031  d2.dn_loss_bbox: 0.0571  d2.dn_loss_iou: 0.1770  d3.dn_loss_cls: 0.0018  d3.dn_loss_bbox: 0.0555  d3.dn_loss_iou: 0.1749  d4.dn_loss_cls: 0.0015  d4.dn_loss_bbox: 0.0552  d4.dn_loss_iou: 0.1742  contr_loss: 0.8973
08/07 15:18:41 - mmengine - INFO - Epoch(train) [20][650/698]  base_lr: 1.0000e-05 lr: 1.0000e-05  eta: 2:33:01  time: 1.0960  data_time: 0.0088  memory: 9923  grad_norm: 41.7582  loss: 5.1901  loss_cls: 0.0474  loss_bbox: 0.0581  loss_iou: 0.2716  d0.loss_cls: 0.0577  d0.loss_bbox: 0.0650  d0.loss_iou: 0.2849  d1.loss_cls: 0.0504  d1.loss_bbox: 0.0623  d1.loss_iou: 0.2789  d2.loss_cls: 0.0504  d2.loss_bbox: 0.0598  d2.loss_iou: 0.2748  d3.loss_cls: 0.0486  d3.loss_bbox: 0.0588  d3.loss_iou: 0.2738  d4.loss_cls: 0.0467  d4.loss_bbox: 0.0586  d4.loss_iou: 0.2719  enc_loss_cls: 0.0719  enc_loss_bbox: 0.0724  enc_loss_iou: 0.3001  dn_loss_cls: 0.0021  dn_loss_bbox: 0.0575  dn_loss_iou: 0.1768  d0.dn_loss_cls: 0.0149  d0.dn_loss_bbox: 0.0862  d0.dn_loss_iou: 0.2341  d1.dn_loss_cls: 0.0037  d1.dn_loss_bbox: 0.0628  d1.dn_loss_iou: 0.1873  d2.dn_loss_cls: 0.0026  d2.dn_loss_bbox: 0.0591  d2.dn_loss_iou: 0.1801  d3.dn_loss_cls: 0.0023  d3.dn_loss_bbox: 0.0581  d3.dn_loss_iou: 0.1776  d4.dn_loss_cls: 0.0023  d4.dn_loss_bbox: 0.0575  d4.dn_loss_iou: 0.1769  contr_loss: 0.8842
08/07 15:19:33 - mmengine - INFO - Exp name: lae_dino_swin-t_finetune_DIOR_20260807_105315
08/07 15:19:33 - mmengine - INFO - Saving checkpoint at 20 epochs
08/07 15:19:45 - mmengine - INFO - Epoch(val) [20][ 50/147]    eta: 0:00:09  time: 0.1015  data_time: 0.0023  memory: 10262  
08/07 15:19:50 - mmengine - INFO - Epoch(val) [20][100/147]    eta: 0:00:04  time: 0.1013  data_time: 0.0020  memory: 3800  
08/07 15:19:58 - mmengine - INFO - Evaluating bbox...
Loading and preparing results...
DONE (t=0.41s)
creating index...
index created!
Running per image evaluation...
Evaluate annotation type *bbox*
DONE (t=8.56s).
Accumulating evaluation results...
DONE (t=3.11s).
 Average Precision  (AP) @[ IoU=0.50:0.95 | area=   all | maxDets=100 ] = 0.739
 Average Precision  (AP) @[ IoU=0.50      | area=   all | maxDets=1000 ] = 0.914
 Average Precision  (AP) @[ IoU=0.75      | area=   all | maxDets=1000 ] = 0.806
 Average Precision  (AP) @[ IoU=0.50:0.95 | area= small | maxDets=1000 ] = 0.265
 Average Precision  (AP) @[ IoU=0.50:0.95 | area=medium | maxDets=1000 ] = 0.622
 Average Precision  (AP) @[ IoU=0.50:0.95 | area= large | maxDets=1000 ] = 0.846
 Average Recall     (AR) @[ IoU=0.50:0.95 | area=   all | maxDets=100 ] = 0.839
 Average Recall     (AR) @[ IoU=0.50:0.95 | area=   all | maxDets=300 ] = 0.846
 Average Recall     (AR) @[ IoU=0.50:0.95 | area=   all | maxDets=1000 ] = 0.846
 Average Recall     (AR) @[ IoU=0.50:0.95 | area= small | maxDets=1000 ] = 0.445
 Average Recall     (AR) @[ IoU=0.50:0.95 | area=medium | maxDets=1000 ] = 0.780
 Average Recall     (AR) @[ IoU=0.50:0.95 | area= large | maxDets=1000 ] = 0.923
08/07 15:20:11 - mmengine - INFO - bbox_mAP_copypaste: 0.739 0.914 0.806 0.265 0.622 0.846
================DIOR/coco================
08/07 15:20:11 - mmengine - INFO - Epoch(val) [20][147/147]    DIOR/coco/bbox_mAP: 0.7390  DIOR/coco/bbox_mAP_50: 0.9140  DIOR/coco/bbox_mAP_75: 0.8060  DIOR/coco/bbox_mAP_s: 0.2650  DIOR/coco/bbox_mAP_m: 0.6220  DIOR/coco/bbox_mAP_l: 0.8460  data_time: 0.0021  time: 0.1007
08/07 15:20:55 - mmengine - INFO - Exp name: lae_dino_swin-t_finetune_DIOR_20260807_105315
08/07 15:21:06 - mmengine - INFO - Epoch(train) [21][ 50/698]  base_lr: 1.0000e-05 lr: 1.0000e-05  eta: 2:31:14  time: 1.1046  data_time: 0.0142  memory: 9789  grad_norm: 38.8771  loss: 5.1863  loss_cls: 0.0518  loss_bbox: 0.0617  loss_iou: 0.2604  d0.loss_cls: 0.0631  d0.loss_bbox: 0.0676  d0.loss_iou: 0.2655  d1.loss_cls: 0.0569  d1.loss_bbox: 0.0649  d1.loss_iou: 0.2624  d2.loss_cls: 0.0564  d2.loss_bbox: 0.0613  d2.loss_iou: 0.2613  d3.loss_cls: 0.0543  d3.loss_bbox: 0.0612  d3.loss_iou: 0.2608  d4.loss_cls: 0.0535  d4.loss_bbox: 0.0617  d4.loss_iou: 0.2595  enc_loss_cls: 0.0768  enc_loss_bbox: 0.0753  enc_loss_iou: 0.2783  dn_loss_cls: 0.0051  dn_loss_bbox: 0.0628  dn_loss_iou: 0.1868  d0.dn_loss_cls: 0.0219  d0.dn_loss_bbox: 0.0933  d0.dn_loss_iou: 0.2445  d1.dn_loss_cls: 0.0073  d1.dn_loss_bbox: 0.0682  d1.dn_loss_iou: 0.1998  d2.dn_loss_cls: 0.0060  d2.dn_loss_bbox: 0.0643  d2.dn_loss_iou: 0.1898  d3.dn_loss_cls: 0.0054  d3.dn_loss_bbox: 0.0633  d3.dn_loss_iou: 0.1875  d4.dn_loss_cls: 0.0051  d4.dn_loss_bbox: 0.0629  d4.dn_loss_iou: 0.1869  contr_loss: 0.8109
08/07 15:22:01 - mmengine - INFO - Epoch(train) [21][100/698]  base_lr: 1.0000e-05 lr: 1.0000e-05  eta: 2:30:20  time: 1.0984  data_time: 0.0093  memory: 9847  grad_norm: 37.4602  loss: 4.8522  loss_cls: 0.0352  loss_bbox: 0.0639  loss_iou: 0.2551  d0.loss_cls: 0.0454  d0.loss_bbox: 0.0647  d0.loss_iou: 0.2598  d1.loss_cls: 0.0408  d1.loss_bbox: 0.0633  d1.loss_iou: 0.2583  d2.loss_cls: 0.0423  d2.loss_bbox: 0.0619  d2.loss_iou: 0.2538  d3.loss_cls: 0.0362  d3.loss_bbox: 0.0638  d3.loss_iou: 0.2556  d4.loss_cls: 0.0357  d4.loss_bbox: 0.0636  d4.loss_iou: 0.2553  enc_loss_cls: 0.0540  enc_loss_bbox: 0.0713  enc_loss_iou: 0.2757  dn_loss_cls: 0.0015  dn_loss_bbox: 0.0548  dn_loss_iou: 0.1576  d0.dn_loss_cls: 0.0102  d0.dn_loss_bbox: 0.0820  d0.dn_loss_iou: 0.2113  d1.dn_loss_cls: 0.0024  d1.dn_loss_bbox: 0.0610  d1.dn_loss_iou: 0.1673  d2.dn_loss_cls: 0.0016  d2.dn_loss_bbox: 0.0562  d2.dn_loss_iou: 0.1598  d3.dn_loss_cls: 0.0017  d3.dn_loss_bbox: 0.0549  d3.dn_loss_iou: 0.1579  d4.dn_loss_cls: 0.0015  d4.dn_loss_bbox: 0.0547  d4.dn_loss_iou: 0.1574  contr_loss: 0.9028
08/07 15:22:55 - mmengine - INFO - Epoch(train) [21][150/698]  base_lr: 1.0000e-05 lr: 1.0000e-05  eta: 2:29:25  time: 1.0799  data_time: 0.0097  memory: 9840  grad_norm: 37.0518  loss: 6.1156  loss_cls: 0.0824  loss_bbox: 0.0709  loss_iou: 0.3082  d0.loss_cls: 0.0935  d0.loss_bbox: 0.0715  d0.loss_iou: 0.3132  d1.loss_cls: 0.0870  d1.loss_bbox: 0.0724  d1.loss_iou: 0.3107  d2.loss_cls: 0.0841  d2.loss_bbox: 0.0715  d2.loss_iou: 0.3092  d3.loss_cls: 0.0820  d3.loss_bbox: 0.0712  d3.loss_iou: 0.3092  d4.loss_cls: 0.0818  d4.loss_bbox: 0.0709  d4.loss_iou: 0.3084  enc_loss_cls: 0.0975  enc_loss_bbox: 0.0817  enc_loss_iou: 0.3295  dn_loss_cls: 0.0032  dn_loss_bbox: 0.0708  dn_loss_iou: 0.2164  d0.dn_loss_cls: 0.0215  d0.dn_loss_bbox: 0.1043  d0.dn_loss_iou: 0.2891  d1.dn_loss_cls: 0.0062  d1.dn_loss_bbox: 0.0763  d1.dn_loss_iou: 0.2307  d2.dn_loss_cls: 0.0048  d2.dn_loss_bbox: 0.0711  d2.dn_loss_iou: 0.2199  d3.dn_loss_cls: 0.0035  d3.dn_loss_bbox: 0.0708  d3.dn_loss_iou: 0.2174  d4.dn_loss_cls: 0.0033  d4.dn_loss_bbox: 0.0708  d4.dn_loss_iou: 0.2163  contr_loss: 0.9123
08/07 15:23:50 - mmengine - INFO - Epoch(train) [21][200/698]  base_lr: 1.0000e-05 lr: 1.0000e-05  eta: 2:28:31  time: 1.1062  data_time: 0.0088  memory: 10231  grad_norm: 40.1844  loss: 5.3685  loss_cls: 0.0540  loss_bbox: 0.0624  loss_iou: 0.2808  d0.loss_cls: 0.0678  d0.loss_bbox: 0.0649  d0.loss_iou: 0.2857  d1.loss_cls: 0.0649  d1.loss_bbox: 0.0640  d1.loss_iou: 0.2830  d2.loss_cls: 0.0596  d2.loss_bbox: 0.0626  d2.loss_iou: 0.2804  d3.loss_cls: 0.0562  d3.loss_bbox: 0.0626  d3.loss_iou: 0.2798  d4.loss_cls: 0.0549  d4.loss_bbox: 0.0624  d4.loss_iou: 0.2809  enc_loss_cls: 0.0838  enc_loss_bbox: 0.0704  enc_loss_iou: 0.2971  dn_loss_cls: 0.0014  dn_loss_bbox: 0.0582  dn_loss_iou: 0.1724  d0.dn_loss_cls: 0.0143  d0.dn_loss_bbox: 0.0835  d0.dn_loss_iou: 0.2237  d1.dn_loss_cls: 0.0031  d1.dn_loss_bbox: 0.0605  d1.dn_loss_iou: 0.1797  d2.dn_loss_cls: 0.0021  d2.dn_loss_bbox: 0.0583  d2.dn_loss_iou: 0.1742  d3.dn_loss_cls: 0.0016  d3.dn_loss_bbox: 0.0583  d3.dn_loss_iou: 0.1728  d4.dn_loss_cls: 0.0014  d4.dn_loss_bbox: 0.0582  d4.dn_loss_iou: 0.1723  contr_loss: 0.9941
08/07 15:24:45 - mmengine - INFO - Epoch(train) [21][250/698]  base_lr: 1.0000e-05 lr: 1.0000e-05  eta: 2:27:37  time: 1.1005  data_time: 0.0091  memory: 10330  grad_norm: 37.6849  loss: 5.1870  loss_cls: 0.0557  loss_bbox: 0.0578  loss_iou: 0.2512  d0.loss_cls: 0.0657  d0.loss_bbox: 0.0642  d0.loss_iou: 0.2614  d1.loss_cls: 0.0619  d1.loss_bbox: 0.0591  d1.loss_iou: 0.2527  d2.loss_cls: 0.0615  d2.loss_bbox: 0.0588  d2.loss_iou: 0.2527  d3.loss_cls: 0.0582  d3.loss_bbox: 0.0583  d3.loss_iou: 0.2509  d4.loss_cls: 0.0573  d4.loss_bbox: 0.0578  d4.loss_iou: 0.2508  enc_loss_cls: 0.0777  enc_loss_bbox: 0.0691  enc_loss_iou: 0.2742  dn_loss_cls: 0.0009  dn_loss_bbox: 0.0669  dn_loss_iou: 0.1819  d0.dn_loss_cls: 0.0128  d0.dn_loss_bbox: 0.0960  d0.dn_loss_iou: 0.2461  d1.dn_loss_cls: 0.0021  d1.dn_loss_bbox: 0.0716  d1.dn_loss_iou: 0.1949  d2.dn_loss_cls: 0.0013  d2.dn_loss_bbox: 0.0681  d2.dn_loss_iou: 0.1860  d3.dn_loss_cls: 0.0011  d3.dn_loss_bbox: 0.0674  d3.dn_loss_iou: 0.1835  d4.dn_loss_cls: 0.0009  d4.dn_loss_bbox: 0.0670  d4.dn_loss_iou: 0.1820  contr_loss: 0.8995
08/07 15:25:40 - mmengine - INFO - Epoch(train) [21][300/698]  base_lr: 1.0000e-05 lr: 1.0000e-05  eta: 2:26:43  time: 1.1004  data_time: 0.0102  memory: 10218  grad_norm: 44.9151  loss: 5.8750  loss_cls: 0.0566  loss_bbox: 0.0647  loss_iou: 0.3131  d0.loss_cls: 0.0673  d0.loss_bbox: 0.0722  d0.loss_iou: 0.3274  d1.loss_cls: 0.0613  d1.loss_bbox: 0.0689  d1.loss_iou: 0.3186  d2.loss_cls: 0.0620  d2.loss_bbox: 0.0669  d2.loss_iou: 0.3150  d3.loss_cls: 0.0604  d3.loss_bbox: 0.0647  d3.loss_iou: 0.3134  d4.loss_cls: 0.0572  d4.loss_bbox: 0.0646  d4.loss_iou: 0.3127  enc_loss_cls: 0.0753  enc_loss_bbox: 0.0821  enc_loss_iou: 0.3439  dn_loss_cls: 0.0031  dn_loss_bbox: 0.0578  dn_loss_iou: 0.1961  d0.dn_loss_cls: 0.0178  d0.dn_loss_bbox: 0.0948  d0.dn_loss_iou: 0.2632  d1.dn_loss_cls: 0.0055  d1.dn_loss_bbox: 0.0630  d1.dn_loss_iou: 0.2069  d2.dn_loss_cls: 0.0045  d2.dn_loss_bbox: 0.0592  d2.dn_loss_iou: 0.1984  d3.dn_loss_cls: 0.0036  d3.dn_loss_bbox: 0.0581  d3.dn_loss_iou: 0.1969  d4.dn_loss_cls: 0.0031  d4.dn_loss_bbox: 0.0579  d4.dn_loss_iou: 0.1962  contr_loss: 1.0205
08/07 15:26:35 - mmengine - INFO - Epoch(train) [21][350/698]  base_lr: 1.0000e-05 lr: 1.0000e-05  eta: 2:25:48  time: 1.0997  data_time: 0.0088  memory: 10859  grad_norm: 35.6721  loss: 4.8457  loss_cls: 0.0336  loss_bbox: 0.0550  loss_iou: 0.2046  d0.loss_cls: 0.0405  d0.loss_bbox: 0.0580  d0.loss_iou: 0.2091  d1.loss_cls: 0.0378  d1.loss_bbox: 0.0559  d1.loss_iou: 0.2074  d2.loss_cls: 0.0358  d2.loss_bbox: 0.0553  d2.loss_iou: 0.2054  d3.loss_cls: 0.0350  d3.loss_bbox: 0.0552  d3.loss_iou: 0.2049  d4.loss_cls: 0.0341  d4.loss_bbox: 0.0551  d4.loss_iou: 0.2045  enc_loss_cls: 0.0551  enc_loss_bbox: 0.0625  enc_loss_iou: 0.2153  dn_loss_cls: 0.0012  dn_loss_bbox: 0.0652  dn_loss_iou: 0.1766  d0.dn_loss_cls: 0.0141  d0.dn_loss_bbox: 0.0989  d0.dn_loss_iou: 0.2386  d1.dn_loss_cls: 0.0022  d1.dn_loss_bbox: 0.0709  d1.dn_loss_iou: 0.1882  d2.dn_loss_cls: 0.0013  d2.dn_loss_bbox: 0.0668  d2.dn_loss_iou: 0.1798  d3.dn_loss_cls: 0.0011  d3.dn_loss_bbox: 0.0657  d3.dn_loss_iou: 0.1777  d4.dn_loss_cls: 0.0011  d4.dn_loss_bbox: 0.0652  d4.dn_loss_iou: 0.1768  contr_loss: 1.1342
08/07 15:27:29 - mmengine - INFO - Epoch(train) [21][400/698]  base_lr: 1.0000e-05 lr: 1.0000e-05  eta: 2:24:54  time: 1.0783  data_time: 0.0088  memory: 9538  grad_norm: 42.4033  loss: 4.9733  loss_cls: 0.0343  loss_bbox: 0.0569  loss_iou: 0.2309  d0.loss_cls: 0.0405  d0.loss_bbox: 0.0616  d0.loss_iou: 0.2415  d1.loss_cls: 0.0386  d1.loss_bbox: 0.0590  d1.loss_iou: 0.2370  d2.loss_cls: 0.0367  d2.loss_bbox: 0.0576  d2.loss_iou: 0.2332  d3.loss_cls: 0.0352  d3.loss_bbox: 0.0573  d3.loss_iou: 0.2317  d4.loss_cls: 0.0353  d4.loss_bbox: 0.0569  d4.loss_iou: 0.2308  enc_loss_cls: 0.0553  enc_loss_bbox: 0.0674  enc_loss_iou: 0.2506  dn_loss_cls: 0.0020  dn_loss_bbox: 0.0634  dn_loss_iou: 0.1776  d0.dn_loss_cls: 0.0134  d0.dn_loss_bbox: 0.0970  d0.dn_loss_iou: 0.2373  d1.dn_loss_cls: 0.0030  d1.dn_loss_bbox: 0.0684  d1.dn_loss_iou: 0.1878  d2.dn_loss_cls: 0.0020  d2.dn_loss_bbox: 0.0646  d2.dn_loss_iou: 0.1806  d3.dn_loss_cls: 0.0018  d3.dn_loss_bbox: 0.0639  d3.dn_loss_iou: 0.1788  d4.dn_loss_cls: 0.0019  d4.dn_loss_bbox: 0.0634  d4.dn_loss_iou: 0.1776  contr_loss: 1.0404
08/07 15:28:23 - mmengine - INFO - Epoch(train) [21][450/698]  base_lr: 1.0000e-05 lr: 1.0000e-05  eta: 2:23:59  time: 1.0746  data_time: 0.0088  memory: 9856  grad_norm: 32.6500  loss: 4.8372  loss_cls: 0.0362  loss_bbox: 0.0518  loss_iou: 0.2221  d0.loss_cls: 0.0439  d0.loss_bbox: 0.0543  d0.loss_iou: 0.2281  d1.loss_cls: 0.0419  d1.loss_bbox: 0.0522  d1.loss_iou: 0.2236  d2.loss_cls: 0.0410  d2.loss_bbox: 0.0522  d2.loss_iou: 0.2225  d3.loss_cls: 0.0384  d3.loss_bbox: 0.0519  d3.loss_iou: 0.2214  d4.loss_cls: 0.0367  d4.loss_bbox: 0.0517  d4.loss_iou: 0.2214  enc_loss_cls: 0.0600  enc_loss_bbox: 0.0603  enc_loss_iou: 0.2380  dn_loss_cls: 0.0015  dn_loss_bbox: 0.0498  dn_loss_iou: 0.1838  d0.dn_loss_cls: 0.0124  d0.dn_loss_bbox: 0.0737  d0.dn_loss_iou: 0.2439  d1.dn_loss_cls: 0.0028  d1.dn_loss_bbox: 0.0539  d1.dn_loss_iou: 0.1951  d2.dn_loss_cls: 0.0021  d2.dn_loss_bbox: 0.0506  d2.dn_loss_iou: 0.1863  d3.dn_loss_cls: 0.0023  d3.dn_loss_bbox: 0.0500  d3.dn_loss_iou: 0.1845  d4.dn_loss_cls: 0.0014  d4.dn_loss_bbox: 0.0498  d4.dn_loss_iou: 0.1838  contr_loss: 1.0598
08/07 15:29:17 - mmengine - INFO - Epoch(train) [21][500/698]  base_lr: 1.0000e-05 lr: 1.0000e-05  eta: 2:23:04  time: 1.0788  data_time: 0.0091  memory: 9916  grad_norm: 36.8768  loss: 5.2996  loss_cls: 0.0597  loss_bbox: 0.0572  loss_iou: 0.2829  d0.loss_cls: 0.0660  d0.loss_bbox: 0.0610  d0.loss_iou: 0.2878  d1.loss_cls: 0.0648  d1.loss_bbox: 0.0580  d1.loss_iou: 0.2829  d2.loss_cls: 0.0645  d2.loss_bbox: 0.0575  d2.loss_iou: 0.2849  d3.loss_cls: 0.0610  d3.loss_bbox: 0.0576  d3.loss_iou: 0.2850  d4.loss_cls: 0.0595  d4.loss_bbox: 0.0574  d4.loss_iou: 0.2858  enc_loss_cls: 0.0781  enc_loss_bbox: 0.0677  enc_loss_iou: 0.2951  dn_loss_cls: 0.0063  dn_loss_bbox: 0.0676  dn_loss_iou: 0.2110  d0.dn_loss_cls: 0.0200  d0.dn_loss_bbox: 0.0972  d0.dn_loss_iou: 0.2838  d1.dn_loss_cls: 0.0083  d1.dn_loss_bbox: 0.0714  d1.dn_loss_iou: 0.2232  d2.dn_loss_cls: 0.0071  d2.dn_loss_bbox: 0.0680  d2.dn_loss_iou: 0.2136  d3.dn_loss_cls: 0.0067  d3.dn_loss_bbox: 0.0680  d3.dn_loss_iou: 0.2118  d4.dn_loss_cls: 0.0067  d4.dn_loss_bbox: 0.0676  d4.dn_loss_iou: 0.2112  contr_loss: 0.5753
08/07 15:30:11 - mmengine - INFO - Epoch(train) [21][550/698]  base_lr: 1.0000e-05 lr: 1.0000e-05  eta: 2:22:09  time: 1.0751  data_time: 0.0090  memory: 10015  grad_norm: 39.7272  loss: 4.9106  loss_cls: 0.0481  loss_bbox: 0.0575  loss_iou: 0.2590  d0.loss_cls: 0.0572  d0.loss_bbox: 0.0612  d0.loss_iou: 0.2678  d1.loss_cls: 0.0504  d1.loss_bbox: 0.0605  d1.loss_iou: 0.2648  d2.loss_cls: 0.0502  d2.loss_bbox: 0.0581  d2.loss_iou: 0.2614  d3.loss_cls: 0.0491  d3.loss_bbox: 0.0580  d3.loss_iou: 0.2614  d4.loss_cls: 0.0482  d4.loss_bbox: 0.0575  d4.loss_iou: 0.2588  enc_loss_cls: 0.0696  enc_loss_bbox: 0.0668  enc_loss_iou: 0.2827  dn_loss_cls: 0.0013  dn_loss_bbox: 0.0477  dn_loss_iou: 0.1675  d0.dn_loss_cls: 0.0125  d0.dn_loss_bbox: 0.0711  d0.dn_loss_iou: 0.2233  d1.dn_loss_cls: 0.0029  d1.dn_loss_bbox: 0.0512  d1.dn_loss_iou: 0.1779  d2.dn_loss_cls: 0.0019  d2.dn_loss_bbox: 0.0485  d2.dn_loss_iou: 0.1696  d3.dn_loss_cls: 0.0017  d3.dn_loss_bbox: 0.0480  d3.dn_loss_iou: 0.1682  d4.dn_loss_cls: 0.0015  d4.dn_loss_bbox: 0.0478  d4.dn_loss_iou: 0.1675  contr_loss: 0.8521
08/07 15:31:06 - mmengine - INFO - Epoch(train) [21][600/698]  base_lr: 1.0000e-05 lr: 1.0000e-05  eta: 2:21:15  time: 1.1002  data_time: 0.0095  memory: 10023  grad_norm: 40.4625  loss: 5.7066  loss_cls: 0.0593  loss_bbox: 0.0533  loss_iou: 0.2553  d0.loss_cls: 0.0683  d0.loss_bbox: 0.0572  d0.loss_iou: 0.2623  d1.loss_cls: 0.0660  d1.loss_bbox: 0.0541  d1.loss_iou: 0.2551  d2.loss_cls: 0.0644  d2.loss_bbox: 0.0531  d2.loss_iou: 0.2539  d3.loss_cls: 0.0611  d3.loss_bbox: 0.0534  d3.loss_iou: 0.2538  d4.loss_cls: 0.0595  d4.loss_bbox: 0.0532  d4.loss_iou: 0.2538  enc_loss_cls: 0.0770  enc_loss_bbox: 0.0651  enc_loss_iou: 0.2757  dn_loss_cls: 0.0065  dn_loss_bbox: 0.0649  dn_loss_iou: 0.1986  d0.dn_loss_cls: 0.0202  d0.dn_loss_bbox: 0.0983  d0.dn_loss_iou: 0.2657  d1.dn_loss_cls: 0.0082  d1.dn_loss_bbox: 0.0706  d1.dn_loss_iou: 0.2107  d2.dn_loss_cls: 0.0072  d2.dn_loss_bbox: 0.0673  d2.dn_loss_iou: 0.2020  d3.dn_loss_cls: 0.0068  d3.dn_loss_bbox: 0.0649  d3.dn_loss_iou: 0.1991  d4.dn_loss_cls: 0.0065  d4.dn_loss_bbox: 0.0650  d4.dn_loss_iou: 0.1986  contr_loss: 1.2906
08/07 15:32:00 - mmengine - INFO - Epoch(train) [21][650/698]  base_lr: 1.0000e-05 lr: 1.0000e-05  eta: 2:20:20  time: 1.0869  data_time: 0.0099  memory: 9706  grad_norm: 38.5946  loss: 4.5444  loss_cls: 0.0361  loss_bbox: 0.0540  loss_iou: 0.2035  d0.loss_cls: 0.0494  d0.loss_bbox: 0.0586  d0.loss_iou: 0.2097  d1.loss_cls: 0.0429  d1.loss_bbox: 0.0572  d1.loss_iou: 0.2080  d2.loss_cls: 0.0388  d2.loss_bbox: 0.0552  d2.loss_iou: 0.2056  d3.loss_cls: 0.0370  d3.loss_bbox: 0.0543  d3.loss_iou: 0.2041  d4.loss_cls: 0.0364  d4.loss_bbox: 0.0541  d4.loss_iou: 0.2040  enc_loss_cls: 0.0601  enc_loss_bbox: 0.0631  enc_loss_iou: 0.2164  dn_loss_cls: 0.0018  dn_loss_bbox: 0.0698  dn_loss_iou: 0.1784  d0.dn_loss_cls: 0.0135  d0.dn_loss_bbox: 0.1018  d0.dn_loss_iou: 0.2402  d1.dn_loss_cls: 0.0034  d1.dn_loss_bbox: 0.0742  d1.dn_loss_iou: 0.1882  d2.dn_loss_cls: 0.0025  d2.dn_loss_bbox: 0.0709  d2.dn_loss_iou: 0.1810  d3.dn_loss_cls: 0.0021  d3.dn_loss_bbox: 0.0704  d3.dn_loss_iou: 0.1793  d4.dn_loss_cls: 0.0018  d4.dn_loss_bbox: 0.0698  d4.dn_loss_iou: 0.1783  contr_loss: 0.7687
08/07 15:32:52 - mmengine - INFO - Exp name: lae_dino_swin-t_finetune_DIOR_20260807_105315
08/07 15:32:52 - mmengine - INFO - Saving checkpoint at 21 epochs
08/07 15:33:04 - mmengine - INFO - Epoch(val) [21][ 50/147]    eta: 0:00:09  time: 0.1031  data_time: 0.0025  memory: 9597  
08/07 15:33:09 - mmengine - INFO - Epoch(val) [21][100/147]    eta: 0:00:04  time: 0.1012  data_time: 0.0020  memory: 3800  
08/07 15:33:16 - mmengine - INFO - Evaluating bbox...
Loading and preparing results...
DONE (t=0.41s)
creating index...
index created!
Running per image evaluation...
Evaluate annotation type *bbox*
DONE (t=8.51s).
Accumulating evaluation results...
DONE (t=3.21s).
 Average Precision  (AP) @[ IoU=0.50:0.95 | area=   all | maxDets=100 ] = 0.736
 Average Precision  (AP) @[ IoU=0.50      | area=   all | maxDets=1000 ] = 0.914
 Average Precision  (AP) @[ IoU=0.75      | area=   all | maxDets=1000 ] = 0.799
 Average Precision  (AP) @[ IoU=0.50:0.95 | area= small | maxDets=1000 ] = 0.256
 Average Precision  (AP) @[ IoU=0.50:0.95 | area=medium | maxDets=1000 ] = 0.624
 Average Precision  (AP) @[ IoU=0.50:0.95 | area= large | maxDets=1000 ] = 0.846
 Average Recall     (AR) @[ IoU=0.50:0.95 | area=   all | maxDets=100 ] = 0.835
 Average Recall     (AR) @[ IoU=0.50:0.95 | area=   all | maxDets=300 ] = 0.841
 Average Recall     (AR) @[ IoU=0.50:0.95 | area=   all | maxDets=1000 ] = 0.841
 Average Recall     (AR) @[ IoU=0.50:0.95 | area= small | maxDets=1000 ] = 0.429
 Average Recall     (AR) @[ IoU=0.50:0.95 | area=medium | maxDets=1000 ] = 0.770
 Average Recall     (AR) @[ IoU=0.50:0.95 | area= large | maxDets=1000 ] = 0.918
08/07 15:33:29 - mmengine - INFO - bbox_mAP_copypaste: 0.736 0.914 0.799 0.256 0.624 0.846
================DIOR/coco================
08/07 15:33:30 - mmengine - INFO - Epoch(val) [21][147/147]    DIOR/coco/bbox_mAP: 0.7360  DIOR/coco/bbox_mAP_50: 0.9140  DIOR/coco/bbox_mAP_75: 0.7990  DIOR/coco/bbox_mAP_s: 0.2560  DIOR/coco/bbox_mAP_m: 0.6240  DIOR/coco/bbox_mAP_l: 0.8460  data_time: 0.0021  time: 0.1011
08/07 15:34:25 - mmengine - INFO - Epoch(train) [22][ 50/698]  base_lr: 1.0000e-05 lr: 1.0000e-05  eta: 2:18:34  time: 1.1063  data_time: 0.0143  memory: 10227  grad_norm: 36.1031  loss: 4.4087  loss_cls: 0.0294  loss_bbox: 0.0524  loss_iou: 0.2214  d0.loss_cls: 0.0422  d0.loss_bbox: 0.0553  d0.loss_iou: 0.2267  d1.loss_cls: 0.0365  d1.loss_bbox: 0.0532  d1.loss_iou: 0.2235  d2.loss_cls: 0.0334  d2.loss_bbox: 0.0530  d2.loss_iou: 0.2214  d3.loss_cls: 0.0326  d3.loss_bbox: 0.0524  d3.loss_iou: 0.2211  d4.loss_cls: 0.0315  d4.loss_bbox: 0.0523  d4.loss_iou: 0.2209  enc_loss_cls: 0.0611  enc_loss_bbox: 0.0603  enc_loss_iou: 0.2347  dn_loss_cls: 0.0024  dn_loss_bbox: 0.0634  dn_loss_iou: 0.1834  d0.dn_loss_cls: 0.0125  d0.dn_loss_bbox: 0.0915  d0.dn_loss_iou: 0.2410  d1.dn_loss_cls: 0.0035  d1.dn_loss_bbox: 0.0674  d1.dn_loss_iou: 0.1924  d2.dn_loss_cls: 0.0027  d2.dn_loss_bbox: 0.0645  d2.dn_loss_iou: 0.1853  d3.dn_loss_cls: 0.0025  d3.dn_loss_bbox: 0.0634  d3.dn_loss_iou: 0.1841  d4.dn_loss_cls: 0.0024  d4.dn_loss_bbox: 0.0635  d4.dn_loss_iou: 0.1835  contr_loss: 0.5840
08/07 15:35:18 - mmengine - INFO - Epoch(train) [22][100/698]  base_lr: 1.0000e-05 lr: 1.0000e-05  eta: 2:17:38  time: 1.0629  data_time: 0.0098  memory: 9544  grad_norm: 40.4258  loss: 4.8921  loss_cls: 0.0426  loss_bbox: 0.0509  loss_iou: 0.2266  d0.loss_cls: 0.0508  d0.loss_bbox: 0.0536  d0.loss_iou: 0.2321  d1.loss_cls: 0.0494  d1.loss_bbox: 0.0520  d1.loss_iou: 0.2287  d2.loss_cls: 0.0493  d2.loss_bbox: 0.0511  d2.loss_iou: 0.2264  d3.loss_cls: 0.0453  d3.loss_bbox: 0.0513  d3.loss_iou: 0.2269  d4.loss_cls: 0.0418  d4.loss_bbox: 0.0510  d4.loss_iou: 0.2267  enc_loss_cls: 0.0652  enc_loss_bbox: 0.0595  enc_loss_iou: 0.2434  dn_loss_cls: 0.0010  dn_loss_bbox: 0.0556  dn_loss_iou: 0.1796  d0.dn_loss_cls: 0.0106  d0.dn_loss_bbox: 0.0800  d0.dn_loss_iou: 0.2365  d1.dn_loss_cls: 0.0021  d1.dn_loss_bbox: 0.0589  d1.dn_loss_iou: 0.1887  d2.dn_loss_cls: 0.0015  d2.dn_loss_bbox: 0.0563  d2.dn_loss_iou: 0.1810  d3.dn_loss_cls: 0.0012  d3.dn_loss_bbox: 0.0559  d3.dn_loss_iou: 0.1798  d4.dn_loss_cls: 0.0010  d4.dn_loss_bbox: 0.0556  d4.dn_loss_iou: 0.1795  contr_loss: 1.0425
08/07 15:36:12 - mmengine - INFO - Epoch(train) [22][150/698]  base_lr: 1.0000e-05 lr: 1.0000e-05  eta: 2:16:44  time: 1.0775  data_time: 0.0096  memory: 10170  grad_norm: 33.7928  loss: 4.4430  loss_cls: 0.0425  loss_bbox: 0.0496  loss_iou: 0.2197  d0.loss_cls: 0.0507  d0.loss_bbox: 0.0511  d0.loss_iou: 0.2249  d1.loss_cls: 0.0463  d1.loss_bbox: 0.0497  d1.loss_iou: 0.2195  d2.loss_cls: 0.0434  d2.loss_bbox: 0.0497  d2.loss_iou: 0.2196  d3.loss_cls: 0.0417  d3.loss_bbox: 0.0496  d3.loss_iou: 0.2198  d4.loss_cls: 0.0420  d4.loss_bbox: 0.0496  d4.loss_iou: 0.2199  enc_loss_cls: 0.0678  enc_loss_bbox: 0.0570  enc_loss_iou: 0.2401  dn_loss_cls: 0.0019  dn_loss_bbox: 0.0568  dn_loss_iou: 0.1627  d0.dn_loss_cls: 0.0135  d0.dn_loss_bbox: 0.0807  d0.dn_loss_iou: 0.2106  d1.dn_loss_cls: 0.0035  d1.dn_loss_bbox: 0.0597  d1.dn_loss_iou: 0.1714  d2.dn_loss_cls: 0.0026  d2.dn_loss_bbox: 0.0576  d2.dn_loss_iou: 0.1643  d3.dn_loss_cls: 0.0019  d3.dn_loss_bbox: 0.0570  d3.dn_loss_iou: 0.1633  d4.dn_loss_cls: 0.0019  d4.dn_loss_bbox: 0.0569  d4.dn_loss_iou: 0.1628  contr_loss: 0.7600
08/07 15:37:06 - mmengine - INFO - Epoch(train) [22][200/698]  base_lr: 1.0000e-05 lr: 1.0000e-05  eta: 2:15:49  time: 1.0838  data_time: 0.0088  memory: 9946  grad_norm: 36.7836  loss: 5.4747  loss_cls: 0.0380  loss_bbox: 0.0627  loss_iou: 0.2876  d0.loss_cls: 0.0520  d0.loss_bbox: 0.0667  d0.loss_iou: 0.2983  d1.loss_cls: 0.0420  d1.loss_bbox: 0.0653  d1.loss_iou: 0.2964  d2.loss_cls: 0.0442  d2.loss_bbox: 0.0620  d2.loss_iou: 0.2902  d3.loss_cls: 0.0406  d3.loss_bbox: 0.0630  d3.loss_iou: 0.2888  d4.loss_cls: 0.0385  d4.loss_bbox: 0.0627  d4.loss_iou: 0.2874  enc_loss_cls: 0.0682  enc_loss_bbox: 0.0717  enc_loss_iou: 0.3100  dn_loss_cls: 0.0022  dn_loss_bbox: 0.0553  dn_loss_iou: 0.1835  d0.dn_loss_cls: 0.0167  d0.dn_loss_bbox: 0.0846  d0.dn_loss_iou: 0.2467  d1.dn_loss_cls: 0.0052  d1.dn_loss_bbox: 0.0594  d1.dn_loss_iou: 0.1943  d2.dn_loss_cls: 0.0034  d2.dn_loss_bbox: 0.0556  d2.dn_loss_iou: 0.1853  d3.dn_loss_cls: 0.0023  d3.dn_loss_bbox: 0.0552  d3.dn_loss_iou: 0.1840  d4.dn_loss_cls: 0.0022  d4.dn_loss_bbox: 0.0552  d4.dn_loss_iou: 0.1836  contr_loss: 1.0641
08/07 15:38:00 - mmengine - INFO - Epoch(train) [22][250/698]  base_lr: 1.0000e-05 lr: 1.0000e-05  eta: 2:14:54  time: 1.0884  data_time: 0.0098  memory: 10073  grad_norm: 43.5014  loss: 6.0951  loss_cls: 0.0671  loss_bbox: 0.0708  loss_iou: 0.3607  d0.loss_cls: 0.0839  d0.loss_bbox: 0.0741  d0.loss_iou: 0.3710  d1.loss_cls: 0.0759  d1.loss_bbox: 0.0720  d1.loss_iou: 0.3674  d2.loss_cls: 0.0711  d2.loss_bbox: 0.0720  d2.loss_iou: 0.3642  d3.loss_cls: 0.0733  d3.loss_bbox: 0.0701  d3.loss_iou: 0.3615  d4.loss_cls: 0.0672  d4.loss_bbox: 0.0702  d4.loss_iou: 0.3608  enc_loss_cls: 0.0933  enc_loss_bbox: 0.0772  enc_loss_iou: 0.3849  dn_loss_cls: 0.0025  dn_loss_bbox: 0.0618  dn_loss_iou: 0.1899  d0.dn_loss_cls: 0.0177  d0.dn_loss_bbox: 0.0908  d0.dn_loss_iou: 0.2517  d1.dn_loss_cls: 0.0049  d1.dn_loss_bbox: 0.0674  d1.dn_loss_iou: 0.2044  d2.dn_loss_cls: 0.0032  d2.dn_loss_bbox: 0.0637  d2.dn_loss_iou: 0.1940  d3.dn_loss_cls: 0.0029  d3.dn_loss_bbox: 0.0620  d3.dn_loss_iou: 0.1914  d4.dn_loss_cls: 0.0026  d4.dn_loss_bbox: 0.0618  d4.dn_loss_iou: 0.1900  contr_loss: 0.8236
08/07 15:38:56 - mmengine - INFO - Epoch(train) [22][300/698]  base_lr: 1.0000e-05 lr: 1.0000e-05  eta: 2:14:00  time: 1.1086  data_time: 0.0088  memory: 9847  grad_norm: 37.6410  loss: 4.8277  loss_cls: 0.0485  loss_bbox: 0.0524  loss_iou: 0.2460  d0.loss_cls: 0.0622  d0.loss_bbox: 0.0561  d0.loss_iou: 0.2537  d1.loss_cls: 0.0558  d1.loss_bbox: 0.0543  d1.loss_iou: 0.2525  d2.loss_cls: 0.0536  d2.loss_bbox: 0.0530  d2.loss_iou: 0.2479  d3.loss_cls: 0.0513  d3.loss_bbox: 0.0528  d3.loss_iou: 0.2477  d4.loss_cls: 0.0486  d4.loss_bbox: 0.0526  d4.loss_iou: 0.2471  enc_loss_cls: 0.0774  enc_loss_bbox: 0.0620  enc_loss_iou: 0.2637  dn_loss_cls: 0.0030  dn_loss_bbox: 0.0638  dn_loss_iou: 0.1933  d0.dn_loss_cls: 0.0167  d0.dn_loss_bbox: 0.0938  d0.dn_loss_iou: 0.2533  d1.dn_loss_cls: 0.0052  d1.dn_loss_bbox: 0.0673  d1.dn_loss_iou: 0.2042  d2.dn_loss_cls: 0.0035  d2.dn_loss_bbox: 0.0642  d2.dn_loss_iou: 0.1949  d3.dn_loss_cls: 0.0031  d3.dn_loss_bbox: 0.0642  d3.dn_loss_iou: 0.1944  d4.dn_loss_cls: 0.0031  d4.dn_loss_bbox: 0.0638  d4.dn_loss_iou: 0.1934  contr_loss: 0.6032
08/07 15:39:43 - mmengine - INFO - Exp name: lae_dino_swin-t_finetune_DIOR_20260807_105315
08/07 15:39:51 - mmengine - INFO - Epoch(train) [22][350/698]  base_lr: 1.0000e-05 lr: 1.0000e-05  eta: 2:13:06  time: 1.1085  data_time: 0.0101  memory: 10499  grad_norm: 38.8691  loss: 5.0299  loss_cls: 0.0386  loss_bbox: 0.0572  loss_iou: 0.2775  d0.loss_cls: 0.0477  d0.loss_bbox: 0.0607  d0.loss_iou: 0.2896  d1.loss_cls: 0.0447  d1.loss_bbox: 0.0591  d1.loss_iou: 0.2841  d2.loss_cls: 0.0441  d2.loss_bbox: 0.0572  d2.loss_iou: 0.2780  d3.loss_cls: 0.0432  d3.loss_bbox: 0.0562  d3.loss_iou: 0.2768  d4.loss_cls: 0.0427  d4.loss_bbox: 0.0561  d4.loss_iou: 0.2764  enc_loss_cls: 0.0610  enc_loss_bbox: 0.0676  enc_loss_iou: 0.3019  dn_loss_cls: 0.0052  dn_loss_bbox: 0.0596  dn_loss_iou: 0.1862  d0.dn_loss_cls: 0.0168  d0.dn_loss_bbox: 0.0911  d0.dn_loss_iou: 0.2550  d1.dn_loss_cls: 0.0056  d1.dn_loss_bbox: 0.0649  d1.dn_loss_iou: 0.1976  d2.dn_loss_cls: 0.0049  d2.dn_loss_bbox: 0.0610  d2.dn_loss_iou: 0.1887  d3.dn_loss_cls: 0.0055  d3.dn_loss_bbox: 0.0598  d3.dn_loss_iou: 0.1869  d4.dn_loss_cls: 0.0054  d4.dn_loss_bbox: 0.0596  d4.dn_loss_iou: 0.1861  contr_loss: 0.6698
08/07 15:40:45 - mmengine - INFO - Epoch(train) [22][400/698]  base_lr: 1.0000e-05 lr: 1.0000e-05  eta: 2:12:11  time: 1.0748  data_time: 0.0089  memory: 9904  grad_norm: 38.7137  loss: 4.7862  loss_cls: 0.0489  loss_bbox: 0.0572  loss_iou: 0.2347  d0.loss_cls: 0.0550  d0.loss_bbox: 0.0616  d0.loss_iou: 0.2416  d1.loss_cls: 0.0522  d1.loss_bbox: 0.0596  d1.loss_iou: 0.2374  d2.loss_cls: 0.0512  d2.loss_bbox: 0.0581  d2.loss_iou: 0.2364  d3.loss_cls: 0.0491  d3.loss_bbox: 0.0576  d3.loss_iou: 0.2346  d4.loss_cls: 0.0492  d4.loss_bbox: 0.0574  d4.loss_iou: 0.2347  enc_loss_cls: 0.0691  enc_loss_bbox: 0.0687  enc_loss_iou: 0.2610  dn_loss_cls: 0.0006  dn_loss_bbox: 0.0677  dn_loss_iou: 0.1877  d0.dn_loss_cls: 0.0106  d0.dn_loss_bbox: 0.0947  d0.dn_loss_iou: 0.2510  d1.dn_loss_cls: 0.0019  d1.dn_loss_bbox: 0.0717  d1.dn_loss_iou: 0.1987  d2.dn_loss_cls: 0.0011  d2.dn_loss_bbox: 0.0691  d2.dn_loss_iou: 0.1904  d3.dn_loss_cls: 0.0008  d3.dn_loss_bbox: 0.0679  d3.dn_loss_iou: 0.1882  d4.dn_loss_cls: 0.0006  d4.dn_loss_bbox: 0.0677  d4.dn_loss_iou: 0.1877  contr_loss: 0.6531
08/07 15:41:39 - mmengine - INFO - Epoch(train) [22][450/698]  base_lr: 1.0000e-05 lr: 1.0000e-05  eta: 2:11:17  time: 1.0718  data_time: 0.0090  memory: 9660  grad_norm: 38.0077  loss: 5.1586  loss_cls: 0.0428  loss_bbox: 0.0585  loss_iou: 0.2446  d0.loss_cls: 0.0589  d0.loss_bbox: 0.0646  d0.loss_iou: 0.2533  d1.loss_cls: 0.0513  d1.loss_bbox: 0.0610  d1.loss_iou: 0.2482  d2.loss_cls: 0.0486  d2.loss_bbox: 0.0596  d2.loss_iou: 0.2449  d3.loss_cls: 0.0439  d3.loss_bbox: 0.0598  d3.loss_iou: 0.2461  d4.loss_cls: 0.0430  d4.loss_bbox: 0.0585  d4.loss_iou: 0.2446  enc_loss_cls: 0.0723  enc_loss_bbox: 0.0705  enc_loss_iou: 0.2692  dn_loss_cls: 0.0006  dn_loss_bbox: 0.0577  dn_loss_iou: 0.1814  d0.dn_loss_cls: 0.0135  d0.dn_loss_bbox: 0.0903  d0.dn_loss_iou: 0.2396  d1.dn_loss_cls: 0.0017  d1.dn_loss_bbox: 0.0628  d1.dn_loss_iou: 0.1916  d2.dn_loss_cls: 0.0009  d2.dn_loss_bbox: 0.0587  d2.dn_loss_iou: 0.1834  d3.dn_loss_cls: 0.0007  d3.dn_loss_bbox: 0.0581  d3.dn_loss_iou: 0.1822  d4.dn_loss_cls: 0.0006  d4.dn_loss_bbox: 0.0577  d4.dn_loss_iou: 0.1815  contr_loss: 1.0512
08/07 15:42:33 - mmengine - INFO - Epoch(train) [22][500/698]  base_lr: 1.0000e-05 lr: 1.0000e-05  eta: 2:10:22  time: 1.0844  data_time: 0.0087  memory: 9736  grad_norm: 37.2860  loss: 4.5790  loss_cls: 0.0358  loss_bbox: 0.0597  loss_iou: 0.2429  d0.loss_cls: 0.0473  d0.loss_bbox: 0.0656  d0.loss_iou: 0.2523  d1.loss_cls: 0.0464  d1.loss_bbox: 0.0605  d1.loss_iou: 0.2443  d2.loss_cls: 0.0426  d2.loss_bbox: 0.0601  d2.loss_iou: 0.2444  d3.loss_cls: 0.0410  d3.loss_bbox: 0.0602  d3.loss_iou: 0.2444  d4.loss_cls: 0.0364  d4.loss_bbox: 0.0598  d4.loss_iou: 0.2441  enc_loss_cls: 0.0575  enc_loss_bbox: 0.0710  enc_loss_iou: 0.2619  dn_loss_cls: 0.0033  dn_loss_bbox: 0.0559  dn_loss_iou: 0.1725  d0.dn_loss_cls: 0.0150  d0.dn_loss_bbox: 0.0880  d0.dn_loss_iou: 0.2340  d1.dn_loss_cls: 0.0046  d1.dn_loss_bbox: 0.0616  d1.dn_loss_iou: 0.1837  d2.dn_loss_cls: 0.0036  d2.dn_loss_bbox: 0.0571  d2.dn_loss_iou: 0.1750  d3.dn_loss_cls: 0.0034  d3.dn_loss_bbox: 0.0562  d3.dn_loss_iou: 0.1732  d4.dn_loss_cls: 0.0033  d4.dn_loss_bbox: 0.0560  d4.dn_loss_iou: 0.1727  contr_loss: 0.5814
08/07 15:43:28 - mmengine - INFO - Epoch(train) [22][550/698]  base_lr: 1.0000e-05 lr: 1.0000e-05  eta: 2:09:28  time: 1.1041  data_time: 0.0089  memory: 9794  grad_norm: 43.3163  loss: 4.9177  loss_cls: 0.0524  loss_bbox: 0.0563  loss_iou: 0.2227  d0.loss_cls: 0.0603  d0.loss_bbox: 0.0586  d0.loss_iou: 0.2292  d1.loss_cls: 0.0548  d1.loss_bbox: 0.0586  d1.loss_iou: 0.2250  d2.loss_cls: 0.0540  d2.loss_bbox: 0.0571  d2.loss_iou: 0.2226  d3.loss_cls: 0.0529  d3.loss_bbox: 0.0561  d3.loss_iou: 0.2224  d4.loss_cls: 0.0544  d4.loss_bbox: 0.0549  d4.loss_iou: 0.2225  enc_loss_cls: 0.0717  enc_loss_bbox: 0.0643  enc_loss_iou: 0.2392  dn_loss_cls: 0.0011  dn_loss_bbox: 0.0724  dn_loss_iou: 0.1886  d0.dn_loss_cls: 0.0159  d0.dn_loss_bbox: 0.1009  d0.dn_loss_iou: 0.2487  d1.dn_loss_cls: 0.0026  d1.dn_loss_bbox: 0.0755  d1.dn_loss_iou: 0.1993  d2.dn_loss_cls: 0.0016  d2.dn_loss_bbox: 0.0731  d2.dn_loss_iou: 0.1909  d3.dn_loss_cls: 0.0012  d3.dn_loss_bbox: 0.0725  d3.dn_loss_iou: 0.1886  d4.dn_loss_cls: 0.0012  d4.dn_loss_bbox: 0.0723  d4.dn_loss_iou: 0.1881  contr_loss: 0.8334
08/07 15:44:23 - mmengine - INFO - Epoch(train) [22][600/698]  base_lr: 1.0000e-05 lr: 1.0000e-05  eta: 2:08:34  time: 1.1014  data_time: 0.0103  memory: 10672  grad_norm: 43.5788  loss: 4.9075  loss_cls: 0.0439  loss_bbox: 0.0548  loss_iou: 0.2375  d0.loss_cls: 0.0551  d0.loss_bbox: 0.0572  d0.loss_iou: 0.2446  d1.loss_cls: 0.0512  d1.loss_bbox: 0.0555  d1.loss_iou: 0.2395  d2.loss_cls: 0.0475  d2.loss_bbox: 0.0551  d2.loss_iou: 0.2381  d3.loss_cls: 0.0454  d3.loss_bbox: 0.0546  d3.loss_iou: 0.2387  d4.loss_cls: 0.0438  d4.loss_bbox: 0.0548  d4.loss_iou: 0.2373  enc_loss_cls: 0.0718  enc_loss_bbox: 0.0649  enc_loss_iou: 0.2583  dn_loss_cls: 0.0028  dn_loss_bbox: 0.0573  dn_loss_iou: 0.1684  d0.dn_loss_cls: 0.0143  d0.dn_loss_bbox: 0.0904  d0.dn_loss_iou: 0.2269  d1.dn_loss_cls: 0.0042  d1.dn_loss_bbox: 0.0634  d1.dn_loss_iou: 0.1813  d2.dn_loss_cls: 0.0030  d2.dn_loss_bbox: 0.0592  d2.dn_loss_iou: 0.1717  d3.dn_loss_cls: 0.0028  d3.dn_loss_bbox: 0.0577  d3.dn_loss_iou: 0.1693  d4.dn_loss_cls: 0.0028  d4.dn_loss_bbox: 0.0573  d4.dn_loss_iou: 0.1685  contr_loss: 0.9567
08/07 15:45:18 - mmengine - INFO - Epoch(train) [22][650/698]  base_lr: 1.0000e-05 lr: 1.0000e-05  eta: 2:07:39  time: 1.0998  data_time: 0.0085  memory: 10292  grad_norm: 35.1364  loss: 5.3164  loss_cls: 0.0635  loss_bbox: 0.0560  loss_iou: 0.2603  d0.loss_cls: 0.0750  d0.loss_bbox: 0.0633  d0.loss_iou: 0.2676  d1.loss_cls: 0.0711  d1.loss_bbox: 0.0596  d1.loss_iou: 0.2636  d2.loss_cls: 0.0715  d2.loss_bbox: 0.0578  d2.loss_iou: 0.2617  d3.loss_cls: 0.0693  d3.loss_bbox: 0.0555  d3.loss_iou: 0.2594  d4.loss_cls: 0.0623  d4.loss_bbox: 0.0576  d4.loss_iou: 0.2621  enc_loss_cls: 0.0896  enc_loss_bbox: 0.0698  enc_loss_iou: 0.2814  dn_loss_cls: 0.0015  dn_loss_bbox: 0.0601  dn_loss_iou: 0.1931  d0.dn_loss_cls: 0.0139  d0.dn_loss_bbox: 0.0881  d0.dn_loss_iou: 0.2534  d1.dn_loss_cls: 0.0030  d1.dn_loss_bbox: 0.0639  d1.dn_loss_iou: 0.2027  d2.dn_loss_cls: 0.0019  d2.dn_loss_bbox: 0.0612  d2.dn_loss_iou: 0.1961  d3.dn_loss_cls: 0.0017  d3.dn_loss_bbox: 0.0605  d3.dn_loss_iou: 0.1935  d4.dn_loss_cls: 0.0015  d4.dn_loss_bbox: 0.0602  d4.dn_loss_iou: 0.1932  contr_loss: 0.8891
08/07 15:46:10 - mmengine - INFO - Exp name: lae_dino_swin-t_finetune_DIOR_20260807_105315
08/07 15:46:10 - mmengine - INFO - Saving checkpoint at 22 epochs
08/07 15:46:21 - mmengine - INFO - Epoch(val) [22][ 50/147]    eta: 0:00:09  time: 0.1026  data_time: 0.0023  memory: 10606  
08/07 15:46:27 - mmengine - INFO - Epoch(val) [22][100/147]    eta: 0:00:04  time: 0.1025  data_time: 0.0020  memory: 3800  
08/07 15:46:34 - mmengine - INFO - Evaluating bbox...
Loading and preparing results...
DONE (t=0.41s)
creating index...
index created!
Running per image evaluation...
Evaluate annotation type *bbox*
DONE (t=8.62s).
Accumulating evaluation results...
DONE (t=3.12s).
 Average Precision  (AP) @[ IoU=0.50:0.95 | area=   all | maxDets=100 ] = 0.737
 Average Precision  (AP) @[ IoU=0.50      | area=   all | maxDets=1000 ] = 0.912
 Average Precision  (AP) @[ IoU=0.75      | area=   all | maxDets=1000 ] = 0.805
 Average Precision  (AP) @[ IoU=0.50:0.95 | area= small | maxDets=1000 ] = 0.258
 Average Precision  (AP) @[ IoU=0.50:0.95 | area=medium | maxDets=1000 ] = 0.620
 Average Precision  (AP) @[ IoU=0.50:0.95 | area= large | maxDets=1000 ] = 0.847
 Average Recall     (AR) @[ IoU=0.50:0.95 | area=   all | maxDets=100 ] = 0.839
 Average Recall     (AR) @[ IoU=0.50:0.95 | area=   all | maxDets=300 ] = 0.844
 Average Recall     (AR) @[ IoU=0.50:0.95 | area=   all | maxDets=1000 ] = 0.844
 Average Recall     (AR) @[ IoU=0.50:0.95 | area= small | maxDets=1000 ] = 0.436
 Average Recall     (AR) @[ IoU=0.50:0.95 | area=medium | maxDets=1000 ] = 0.770
 Average Recall     (AR) @[ IoU=0.50:0.95 | area= large | maxDets=1000 ] = 0.922
08/07 15:46:47 - mmengine - INFO - bbox_mAP_copypaste: 0.737 0.912 0.805 0.258 0.620 0.847
================DIOR/coco================
08/07 15:46:47 - mmengine - INFO - Epoch(val) [22][147/147]    DIOR/coco/bbox_mAP: 0.7370  DIOR/coco/bbox_mAP_50: 0.9120  DIOR/coco/bbox_mAP_75: 0.8050  DIOR/coco/bbox_mAP_s: 0.2580  DIOR/coco/bbox_mAP_m: 0.6200  DIOR/coco/bbox_mAP_l: 0.8470  data_time: 0.0020  time: 0.1014
08/07 15:47:44 - mmengine - INFO - Epoch(train) [23][ 50/698]  base_lr: 1.0000e-05 lr: 1.0000e-05  eta: 2:05:53  time: 1.1239  data_time: 0.0134  memory: 10123  grad_norm: 43.5320  loss: 5.3540  loss_cls: 0.0571  loss_bbox: 0.0593  loss_iou: 0.2883  d0.loss_cls: 0.0719  d0.loss_bbox: 0.0632  d0.loss_iou: 0.2960  d1.loss_cls: 0.0651  d1.loss_bbox: 0.0610  d1.loss_iou: 0.2920  d2.loss_cls: 0.0625  d2.loss_bbox: 0.0600  d2.loss_iou: 0.2902  d3.loss_cls: 0.0604  d3.loss_bbox: 0.0594  d3.loss_iou: 0.2894  d4.loss_cls: 0.0572  d4.loss_bbox: 0.0594  d4.loss_iou: 0.2887  enc_loss_cls: 0.0858  enc_loss_bbox: 0.0666  enc_loss_iou: 0.3055  dn_loss_cls: 0.0021  dn_loss_bbox: 0.0655  dn_loss_iou: 0.2032  d0.dn_loss_cls: 0.0152  d0.dn_loss_bbox: 0.0964  d0.dn_loss_iou: 0.2673  d1.dn_loss_cls: 0.0042  d1.dn_loss_bbox: 0.0706  d1.dn_loss_iou: 0.2141  d2.dn_loss_cls: 0.0031  d2.dn_loss_bbox: 0.0663  d2.dn_loss_iou: 0.2052  d3.dn_loss_cls: 0.0023  d3.dn_loss_bbox: 0.0659  d3.dn_loss_iou: 0.2034  d4.dn_loss_cls: 0.0022  d4.dn_loss_bbox: 0.0655  d4.dn_loss_iou: 0.2031  contr_loss: 0.6595
08/07 15:48:38 - mmengine - INFO - Epoch(train) [23][100/698]  base_lr: 1.0000e-05 lr: 1.0000e-05  eta: 2:04:58  time: 1.0893  data_time: 0.0089  memory: 10222  grad_norm: 37.0203  loss: 5.0208  loss_cls: 0.0430  loss_bbox: 0.0606  loss_iou: 0.2619  d0.loss_cls: 0.0472  d0.loss_bbox: 0.0669  d0.loss_iou: 0.2707  d1.loss_cls: 0.0458  d1.loss_bbox: 0.0623  d1.loss_iou: 0.2678  d2.loss_cls: 0.0444  d2.loss_bbox: 0.0608  d2.loss_iou: 0.2648  d3.loss_cls: 0.0428  d3.loss_bbox: 0.0602  d3.loss_iou: 0.2623  d4.loss_cls: 0.0423  d4.loss_bbox: 0.0603  d4.loss_iou: 0.2636  enc_loss_cls: 0.0602  enc_loss_bbox: 0.0683  enc_loss_iou: 0.2786  dn_loss_cls: 0.0021  dn_loss_bbox: 0.0682  dn_loss_iou: 0.1852  d0.dn_loss_cls: 0.0172  d0.dn_loss_bbox: 0.1050  d0.dn_loss_iou: 0.2510  d1.dn_loss_cls: 0.0034  d1.dn_loss_bbox: 0.0733  d1.dn_loss_iou: 0.1953  d2.dn_loss_cls: 0.0023  d2.dn_loss_bbox: 0.0695  d2.dn_loss_iou: 0.1884  d3.dn_loss_cls: 0.0021  d3.dn_loss_bbox: 0.0685  d3.dn_loss_iou: 0.1855  d4.dn_loss_cls: 0.0019  d4.dn_loss_bbox: 0.0683  d4.dn_loss_iou: 0.1845  contr_loss: 0.7142
08/07 15:49:32 - mmengine - INFO - Epoch(train) [23][150/698]  base_lr: 1.0000e-05 lr: 1.0000e-05  eta: 2:04:04  time: 1.0819  data_time: 0.0094  memory: 9902  grad_norm: 42.2282  loss: 5.1174  loss_cls: 0.0514  loss_bbox: 0.0631  loss_iou: 0.2420  d0.loss_cls: 0.0624  d0.loss_bbox: 0.0644  d0.loss_iou: 0.2469  d1.loss_cls: 0.0587  d1.loss_bbox: 0.0640  d1.loss_iou: 0.2467  d2.loss_cls: 0.0574  d2.loss_bbox: 0.0635  d2.loss_iou: 0.2433  d3.loss_cls: 0.0536  d3.loss_bbox: 0.0633  d3.loss_iou: 0.2415  d4.loss_cls: 0.0527  d4.loss_bbox: 0.0629  d4.loss_iou: 0.2420  enc_loss_cls: 0.0791  enc_loss_bbox: 0.0692  enc_loss_iou: 0.2567  dn_loss_cls: 0.0016  dn_loss_bbox: 0.0565  dn_loss_iou: 0.1707  d0.dn_loss_cls: 0.0122  d0.dn_loss_bbox: 0.0847  d0.dn_loss_iou: 0.2247  d1.dn_loss_cls: 0.0028  d1.dn_loss_bbox: 0.0601  d1.dn_loss_iou: 0.1809  d2.dn_loss_cls: 0.0021  d2.dn_loss_bbox: 0.0578  d2.dn_loss_iou: 0.1738  d3.dn_loss_cls: 0.0015  d3.dn_loss_bbox: 0.0569  d3.dn_loss_iou: 0.1713  d4.dn_loss_cls: 0.0015  d4.dn_loss_bbox: 0.0565  d4.dn_loss_iou: 0.1707  contr_loss: 1.0464
08/07 15:50:27 - mmengine - INFO - Epoch(train) [23][200/698]  base_lr: 1.0000e-05 lr: 1.0000e-05  eta: 2:03:09  time: 1.0969  data_time: 0.0089  memory: 10232  grad_norm: 39.1583  loss: 4.4673  loss_cls: 0.0464  loss_bbox: 0.0497  loss_iou: 0.2189  d0.loss_cls: 0.0559  d0.loss_bbox: 0.0530  d0.loss_iou: 0.2277  d1.loss_cls: 0.0495  d1.loss_bbox: 0.0510  d1.loss_iou: 0.2246  d2.loss_cls: 0.0491  d2.loss_bbox: 0.0494  d2.loss_iou: 0.2188  d3.loss_cls: 0.0466  d3.loss_bbox: 0.0493  d3.loss_iou: 0.2183  d4.loss_cls: 0.0469  d4.loss_bbox: 0.0497  d4.loss_iou: 0.2188  enc_loss_cls: 0.0666  enc_loss_bbox: 0.0597  enc_loss_iou: 0.2421  dn_loss_cls: 0.0021  dn_loss_bbox: 0.0610  dn_loss_iou: 0.1850  d0.dn_loss_cls: 0.0142  d0.dn_loss_bbox: 0.0908  d0.dn_loss_iou: 0.2453  d1.dn_loss_cls: 0.0037  d1.dn_loss_bbox: 0.0636  d1.dn_loss_iou: 0.1943  d2.dn_loss_cls: 0.0027  d2.dn_loss_bbox: 0.0612  d2.dn_loss_iou: 0.1867  d3.dn_loss_cls: 0.0023  d3.dn_loss_bbox: 0.0609  d3.dn_loss_iou: 0.1852  d4.dn_loss_cls: 0.0022  d4.dn_loss_bbox: 0.0610  d4.dn_loss_iou: 0.1849  contr_loss: 0.5683
08/07 15:51:20 - mmengine - INFO - Epoch(train) [23][250/698]  base_lr: 1.0000e-05 lr: 1.0000e-05  eta: 2:02:14  time: 1.0675  data_time: 0.0096  memory: 10042  grad_norm: 40.3383  loss: 5.5072  loss_cls: 0.0458  loss_bbox: 0.0631  loss_iou: 0.2588  d0.loss_cls: 0.0577  d0.loss_bbox: 0.0667  d0.loss_iou: 0.2668  d1.loss_cls: 0.0554  d1.loss_bbox: 0.0638  d1.loss_iou: 0.2628  d2.loss_cls: 0.0510  d2.loss_bbox: 0.0633  d2.loss_iou: 0.2621  d3.loss_cls: 0.0492  d3.loss_bbox: 0.0638  d3.loss_iou: 0.2603  d4.loss_cls: 0.0475  d4.loss_bbox: 0.0622  d4.loss_iou: 0.2582  enc_loss_cls: 0.0768  enc_loss_bbox: 0.0757  enc_loss_iou: 0.2819  dn_loss_cls: 0.0023  dn_loss_bbox: 0.0582  dn_loss_iou: 0.1756  d0.dn_loss_cls: 0.0146  d0.dn_loss_bbox: 0.0867  d0.dn_loss_iou: 0.2365  d1.dn_loss_cls: 0.0033  d1.dn_loss_bbox: 0.0624  d1.dn_loss_iou: 0.1868  d2.dn_loss_cls: 0.0025  d2.dn_loss_bbox: 0.0595  d2.dn_loss_iou: 0.1790  d3.dn_loss_cls: 0.0022  d3.dn_loss_bbox: 0.0587  d3.dn_loss_iou: 0.1768  d4.dn_loss_cls: 0.0022  d4.dn_loss_bbox: 0.0581  d4.dn_loss_iou: 0.1757  contr_loss: 1.2731
08/07 15:52:15 - mmengine - INFO - Epoch(train) [23][300/698]  base_lr: 1.0000e-05 lr: 1.0000e-05  eta: 2:01:20  time: 1.0942  data_time: 0.0099  memory: 10027  grad_norm: 40.0570  loss: 4.3736  loss_cls: 0.0307  loss_bbox: 0.0510  loss_iou: 0.1986  d0.loss_cls: 0.0356  d0.loss_bbox: 0.0547  d0.loss_iou: 0.2045  d1.loss_cls: 0.0325  d1.loss_bbox: 0.0519  d1.loss_iou: 0.2011  d2.loss_cls: 0.0313  d2.loss_bbox: 0.0514  d2.loss_iou: 0.1995  d3.loss_cls: 0.0315  d3.loss_bbox: 0.0510  d3.loss_iou: 0.1991  d4.loss_cls: 0.0306  d4.loss_bbox: 0.0513  d4.loss_iou: 0.1991  enc_loss_cls: 0.0434  enc_loss_bbox: 0.0615  enc_loss_iou: 0.2150  dn_loss_cls: 0.0011  dn_loss_bbox: 0.0794  dn_loss_iou: 0.1905  d0.dn_loss_cls: 0.0121  d0.dn_loss_bbox: 0.1106  d0.dn_loss_iou: 0.2517  d1.dn_loss_cls: 0.0022  d1.dn_loss_bbox: 0.0820  d1.dn_loss_iou: 0.1998  d2.dn_loss_cls: 0.0014  d2.dn_loss_bbox: 0.0793  d2.dn_loss_iou: 0.1930  d3.dn_loss_cls: 0.0011  d3.dn_loss_bbox: 0.0792  d3.dn_loss_iou: 0.1912  d4.dn_loss_cls: 0.0011  d4.dn_loss_bbox: 0.0794  d4.dn_loss_iou: 0.1904  contr_loss: 0.6029
08/07 15:53:09 - mmengine - INFO - Epoch(train) [23][350/698]  base_lr: 1.0000e-05 lr: 1.0000e-05  eta: 2:00:25  time: 1.0822  data_time: 0.0086  memory: 9963  grad_norm: 39.3609  loss: 4.8110  loss_cls: 0.0394  loss_bbox: 0.0541  loss_iou: 0.2447  d0.loss_cls: 0.0497  d0.loss_bbox: 0.0578  d0.loss_iou: 0.2536  d1.loss_cls: 0.0473  d1.loss_bbox: 0.0564  d1.loss_iou: 0.2487  d2.loss_cls: 0.0451  d2.loss_bbox: 0.0548  d2.loss_iou: 0.2463  d3.loss_cls: 0.0418  d3.loss_bbox: 0.0550  d3.loss_iou: 0.2463  d4.loss_cls: 0.0399  d4.loss_bbox: 0.0543  d4.loss_iou: 0.2449  enc_loss_cls: 0.0635  enc_loss_bbox: 0.0660  enc_loss_iou: 0.2662  dn_loss_cls: 0.0015  dn_loss_bbox: 0.0575  dn_loss_iou: 0.1684  d0.dn_loss_cls: 0.0135  d0.dn_loss_bbox: 0.0825  d0.dn_loss_iou: 0.2231  d1.dn_loss_cls: 0.0031  d1.dn_loss_bbox: 0.0604  d1.dn_loss_iou: 0.1785  d2.dn_loss_cls: 0.0026  d2.dn_loss_bbox: 0.0575  d2.dn_loss_iou: 0.1699  d3.dn_loss_cls: 0.0018  d3.dn_loss_bbox: 0.0580  d3.dn_loss_iou: 0.1689  d4.dn_loss_cls: 0.0014  d4.dn_loss_bbox: 0.0575  d4.dn_loss_iou: 0.1683  contr_loss: 0.8606
08/07 15:54:04 - mmengine - INFO - Epoch(train) [23][400/698]  base_lr: 1.0000e-05 lr: 1.0000e-05  eta: 1:59:31  time: 1.1005  data_time: 0.0090  memory: 9764  grad_norm: 42.4365  loss: 5.0928  loss_cls: 0.0378  loss_bbox: 0.0598  loss_iou: 0.2221  d0.loss_cls: 0.0537  d0.loss_bbox: 0.0630  d0.loss_iou: 0.2286  d1.loss_cls: 0.0483  d1.loss_bbox: 0.0615  d1.loss_iou: 0.2262  d2.loss_cls: 0.0447  d2.loss_bbox: 0.0600  d2.loss_iou: 0.2235  d3.loss_cls: 0.0404  d3.loss_bbox: 0.0600  d3.loss_iou: 0.2232  d4.loss_cls: 0.0384  d4.loss_bbox: 0.0598  d4.loss_iou: 0.2222  enc_loss_cls: 0.0647  enc_loss_bbox: 0.0706  enc_loss_iou: 0.2410  dn_loss_cls: 0.0016  dn_loss_bbox: 0.0613  dn_loss_iou: 0.1788  d0.dn_loss_cls: 0.0127  d0.dn_loss_bbox: 0.0958  d0.dn_loss_iou: 0.2382  d1.dn_loss_cls: 0.0032  d1.dn_loss_bbox: 0.0679  d1.dn_loss_iou: 0.1906  d2.dn_loss_cls: 0.0021  d2.dn_loss_bbox: 0.0635  d2.dn_loss_iou: 0.1815  d3.dn_loss_cls: 0.0016  d3.dn_loss_bbox: 0.0619  d3.dn_loss_iou: 0.1797  d4.dn_loss_cls: 0.0016  d4.dn_loss_bbox: 0.0613  d4.dn_loss_iou: 0.1788  contr_loss: 1.1612
08/07 15:55:00 - mmengine - INFO - Epoch(train) [23][450/698]  base_lr: 1.0000e-05 lr: 1.0000e-05  eta: 1:58:37  time: 1.1078  data_time: 0.0094  memory: 9944  grad_norm: 38.3187  loss: 5.3084  loss_cls: 0.0477  loss_bbox: 0.0617  loss_iou: 0.2815  d0.loss_cls: 0.0667  d0.loss_bbox: 0.0642  d0.loss_iou: 0.2880  d1.loss_cls: 0.0591  d1.loss_bbox: 0.0633  d1.loss_iou: 0.2843  d2.loss_cls: 0.0561  d2.loss_bbox: 0.0621  d2.loss_iou: 0.2836  d3.loss_cls: 0.0528  d3.loss_bbox: 0.0621  d3.loss_iou: 0.2819  d4.loss_cls: 0.0488  d4.loss_bbox: 0.0617  d4.loss_iou: 0.2816  enc_loss_cls: 0.0772  enc_loss_bbox: 0.0717  enc_loss_iou: 0.3014  dn_loss_cls: 0.0019  dn_loss_bbox: 0.0607  dn_loss_iou: 0.1672  d0.dn_loss_cls: 0.0153  d0.dn_loss_bbox: 0.0918  d0.dn_loss_iou: 0.2266  d1.dn_loss_cls: 0.0041  d1.dn_loss_bbox: 0.0653  d1.dn_loss_iou: 0.1791  d2.dn_loss_cls: 0.0027  d2.dn_loss_bbox: 0.0618  d2.dn_loss_iou: 0.1705  d3.dn_loss_cls: 0.0022  d3.dn_loss_bbox: 0.0611  d3.dn_loss_iou: 0.1684  d4.dn_loss_cls: 0.0019  d4.dn_loss_bbox: 0.0608  d4.dn_loss_iou: 0.1673  contr_loss: 0.9420
08/07 15:55:55 - mmengine - INFO - Epoch(train) [23][500/698]  base_lr: 1.0000e-05 lr: 1.0000e-05  eta: 1:57:43  time: 1.1036  data_time: 0.0091  memory: 10901  grad_norm: 42.5920  loss: 5.5754  loss_cls: 0.0421  loss_bbox: 0.0656  loss_iou: 0.2997  d0.loss_cls: 0.0534  d0.loss_bbox: 0.0700  d0.loss_iou: 0.3116  d1.loss_cls: 0.0496  d1.loss_bbox: 0.0666  d1.loss_iou: 0.3061  d2.loss_cls: 0.0460  d2.loss_bbox: 0.0660  d2.loss_iou: 0.3031  d3.loss_cls: 0.0431  d3.loss_bbox: 0.0657  d3.loss_iou: 0.3009  d4.loss_cls: 0.0433  d4.loss_bbox: 0.0657  d4.loss_iou: 0.2993  enc_loss_cls: 0.0672  enc_loss_bbox: 0.0773  enc_loss_iou: 0.3250  dn_loss_cls: 0.0013  dn_loss_bbox: 0.0661  dn_loss_iou: 0.1658  d0.dn_loss_cls: 0.0111  d0.dn_loss_bbox: 0.0964  d0.dn_loss_iou: 0.2249  d1.dn_loss_cls: 0.0025  d1.dn_loss_bbox: 0.0695  d1.dn_loss_iou: 0.1762  d2.dn_loss_cls: 0.0020  d2.dn_loss_bbox: 0.0665  d2.dn_loss_iou: 0.1689  d3.dn_loss_cls: 0.0014  d3.dn_loss_bbox: 0.0662  d3.dn_loss_iou: 0.1668  d4.dn_loss_cls: 0.0013  d4.dn_loss_bbox: 0.0662  d4.dn_loss_iou: 0.1658  contr_loss: 1.0894
08/07 15:56:49 - mmengine - INFO - Epoch(train) [23][550/698]  base_lr: 1.0000e-05 lr: 1.0000e-05  eta: 1:56:48  time: 1.0882  data_time: 0.0088  memory: 10018  grad_norm: 36.4788  loss: 4.4977  loss_cls: 0.0390  loss_bbox: 0.0528  loss_iou: 0.2172  d0.loss_cls: 0.0504  d0.loss_bbox: 0.0554  d0.loss_iou: 0.2234  d1.loss_cls: 0.0437  d1.loss_bbox: 0.0543  d1.loss_iou: 0.2200  d2.loss_cls: 0.0434  d2.loss_bbox: 0.0532  d2.loss_iou: 0.2189  d3.loss_cls: 0.0412  d3.loss_bbox: 0.0532  d3.loss_iou: 0.2183  d4.loss_cls: 0.0392  d4.loss_bbox: 0.0528  d4.loss_iou: 0.2175  enc_loss_cls: 0.0675  enc_loss_bbox: 0.0604  enc_loss_iou: 0.2340  dn_loss_cls: 0.0011  dn_loss_bbox: 0.0567  dn_loss_iou: 0.1801  d0.dn_loss_cls: 0.0119  d0.dn_loss_bbox: 0.0849  d0.dn_loss_iou: 0.2373  d1.dn_loss_cls: 0.0023  d1.dn_loss_bbox: 0.0614  d1.dn_loss_iou: 0.1899  d2.dn_loss_cls: 0.0013  d2.dn_loss_bbox: 0.0582  d2.dn_loss_iou: 0.1829  d3.dn_loss_cls: 0.0011  d3.dn_loss_bbox: 0.0573  d3.dn_loss_iou: 0.1810  d4.dn_loss_cls: 0.0011  d4.dn_loss_bbox: 0.0567  d4.dn_loss_iou: 0.1802  contr_loss: 0.6965
08/07 15:57:43 - mmengine - INFO - Epoch(train) [23][600/698]  base_lr: 1.0000e-05 lr: 1.0000e-05  eta: 1:55:54  time: 1.0794  data_time: 0.0089  memory: 10014  grad_norm: 36.3050  loss: 5.3314  loss_cls: 0.0582  loss_bbox: 0.0572  loss_iou: 0.2794  d0.loss_cls: 0.0726  d0.loss_bbox: 0.0609  d0.loss_iou: 0.2909  d1.loss_cls: 0.0679  d1.loss_bbox: 0.0593  d1.loss_iou: 0.2865  d2.loss_cls: 0.0617  d2.loss_bbox: 0.0582  d2.loss_iou: 0.2821  d3.loss_cls: 0.0620  d3.loss_bbox: 0.0575  d3.loss_iou: 0.2798  d4.loss_cls: 0.0577  d4.loss_bbox: 0.0573  d4.loss_iou: 0.2796  enc_loss_cls: 0.0805  enc_loss_bbox: 0.0688  enc_loss_iou: 0.3049  dn_loss_cls: 0.0012  dn_loss_bbox: 0.0570  dn_loss_iou: 0.1747  d0.dn_loss_cls: 0.0136  d0.dn_loss_bbox: 0.0843  d0.dn_loss_iou: 0.2306  d1.dn_loss_cls: 0.0035  d1.dn_loss_bbox: 0.0607  d1.dn_loss_iou: 0.1850  d2.dn_loss_cls: 0.0023  d2.dn_loss_bbox: 0.0584  d2.dn_loss_iou: 0.1767  d3.dn_loss_cls: 0.0016  d3.dn_loss_bbox: 0.0572  d3.dn_loss_iou: 0.1753  d4.dn_loss_cls: 0.0013  d4.dn_loss_bbox: 0.0571  d4.dn_loss_iou: 0.1748  contr_loss: 0.9332
08/07 15:58:31 - mmengine - INFO - Exp name: lae_dino_swin-t_finetune_DIOR_20260807_105315
08/07 15:58:38 - mmengine - INFO - Epoch(train) [23][650/698]  base_lr: 1.0000e-05 lr: 1.0000e-05  eta: 1:54:59  time: 1.0937  data_time: 0.0091  memory: 9990  grad_norm: 35.5447  loss: 5.0579  loss_cls: 0.0406  loss_bbox: 0.0615  loss_iou: 0.2539  d0.loss_cls: 0.0528  d0.loss_bbox: 0.0632  d0.loss_iou: 0.2593  d1.loss_cls: 0.0463  d1.loss_bbox: 0.0624  d1.loss_iou: 0.2548  d2.loss_cls: 0.0444  d2.loss_bbox: 0.0621  d2.loss_iou: 0.2546  d3.loss_cls: 0.0432  d3.loss_bbox: 0.0615  d3.loss_iou: 0.2539  d4.loss_cls: 0.0415  d4.loss_bbox: 0.0616  d4.loss_iou: 0.2538  enc_loss_cls: 0.0650  enc_loss_bbox: 0.0704  enc_loss_iou: 0.2734  dn_loss_cls: 0.0018  dn_loss_bbox: 0.0580  dn_loss_iou: 0.1777  d0.dn_loss_cls: 0.0139  d0.dn_loss_bbox: 0.0888  d0.dn_loss_iou: 0.2370  d1.dn_loss_cls: 0.0032  d1.dn_loss_bbox: 0.0620  d1.dn_loss_iou: 0.1878  d2.dn_loss_cls: 0.0020  d2.dn_loss_bbox: 0.0588  d2.dn_loss_iou: 0.1801  d3.dn_loss_cls: 0.0016  d3.dn_loss_bbox: 0.0582  d3.dn_loss_iou: 0.1783  d4.dn_loss_cls: 0.0018  d4.dn_loss_bbox: 0.0580  d4.dn_loss_iou: 0.1777  contr_loss: 0.9309
08/07 15:59:30 - mmengine - INFO - Exp name: lae_dino_swin-t_finetune_DIOR_20260807_105315
08/07 15:59:30 - mmengine - INFO - Saving checkpoint at 23 epochs
08/07 15:59:41 - mmengine - INFO - Epoch(val) [23][ 50/147]    eta: 0:00:09  time: 0.1030  data_time: 0.0025  memory: 9783  
08/07 15:59:46 - mmengine - INFO - Epoch(val) [23][100/147]    eta: 0:00:04  time: 0.1007  data_time: 0.0019  memory: 3800  
08/07 15:59:54 - mmengine - INFO - Evaluating bbox...
Loading and preparing results...
DONE (t=0.58s)
creating index...
index created!
Running per image evaluation...
Evaluate annotation type *bbox*
DONE (t=8.52s).
Accumulating evaluation results...
DONE (t=3.13s).
 Average Precision  (AP) @[ IoU=0.50:0.95 | area=   all | maxDets=100 ] = 0.738
 Average Precision  (AP) @[ IoU=0.50      | area=   all | maxDets=1000 ] = 0.911
 Average Precision  (AP) @[ IoU=0.75      | area=   all | maxDets=1000 ] = 0.804
 Average Precision  (AP) @[ IoU=0.50:0.95 | area= small | maxDets=1000 ] = 0.252
 Average Precision  (AP) @[ IoU=0.50:0.95 | area=medium | maxDets=1000 ] = 0.622
 Average Precision  (AP) @[ IoU=0.50:0.95 | area= large | maxDets=1000 ] = 0.849
 Average Recall     (AR) @[ IoU=0.50:0.95 | area=   all | maxDets=100 ] = 0.838
 Average Recall     (AR) @[ IoU=0.50:0.95 | area=   all | maxDets=300 ] = 0.845
 Average Recall     (AR) @[ IoU=0.50:0.95 | area=   all | maxDets=1000 ] = 0.845
 Average Recall     (AR) @[ IoU=0.50:0.95 | area= small | maxDets=1000 ] = 0.422
 Average Recall     (AR) @[ IoU=0.50:0.95 | area=medium | maxDets=1000 ] = 0.777
 Average Recall     (AR) @[ IoU=0.50:0.95 | area= large | maxDets=1000 ] = 0.926
08/07 16:00:07 - mmengine - INFO - bbox_mAP_copypaste: 0.738 0.911 0.804 0.252 0.622 0.849
================DIOR/coco================
08/07 16:00:07 - mmengine - INFO - Epoch(val) [23][147/147]    DIOR/coco/bbox_mAP: 0.7380  DIOR/coco/bbox_mAP_50: 0.9110  DIOR/coco/bbox_mAP_75: 0.8040  DIOR/coco/bbox_mAP_s: 0.2520  DIOR/coco/bbox_mAP_m: 0.6220  DIOR/coco/bbox_mAP_l: 0.8490  data_time: 0.0022  time: 0.1012
08/07 16:01:02 - mmengine - INFO - Epoch(train) [24][ 50/698]  base_lr: 1.0000e-05 lr: 1.0000e-05  eta: 1:53:12  time: 1.0937  data_time: 0.0151  memory: 9952  grad_norm: 38.5583  loss: 5.3712  loss_cls: 0.0417  loss_bbox: 0.0583  loss_iou: 0.2370  d0.loss_cls: 0.0502  d0.loss_bbox: 0.0609  d0.loss_iou: 0.2454  d1.loss_cls: 0.0443  d1.loss_bbox: 0.0596  d1.loss_iou: 0.2412  d2.loss_cls: 0.0446  d2.loss_bbox: 0.0588  d2.loss_iou: 0.2393  d3.loss_cls: 0.0418  d3.loss_bbox: 0.0585  d3.loss_iou: 0.2375  d4.loss_cls: 0.0421  d4.loss_bbox: 0.0583  d4.loss_iou: 0.2369  enc_loss_cls: 0.0619  enc_loss_bbox: 0.0694  enc_loss_iou: 0.2552  dn_loss_cls: 0.0011  dn_loss_bbox: 0.0720  dn_loss_iou: 0.1967  d0.dn_loss_cls: 0.0138  d0.dn_loss_bbox: 0.1003  d0.dn_loss_iou: 0.2531  d1.dn_loss_cls: 0.0032  d1.dn_loss_bbox: 0.0754  d1.dn_loss_iou: 0.2053  d2.dn_loss_cls: 0.0017  d2.dn_loss_bbox: 0.0730  d2.dn_loss_iou: 0.1992  d3.dn_loss_cls: 0.0012  d3.dn_loss_bbox: 0.0722  d3.dn_loss_iou: 0.1973  d4.dn_loss_cls: 0.0011  d4.dn_loss_bbox: 0.0721  d4.dn_loss_iou: 0.1968  contr_loss: 1.1929
08/07 16:01:57 - mmengine - INFO - Epoch(train) [24][100/698]  base_lr: 1.0000e-05 lr: 1.0000e-05  eta: 1:52:18  time: 1.0934  data_time: 0.0095  memory: 10951  grad_norm: 40.1970  loss: 5.6077  loss_cls: 0.0745  loss_bbox: 0.0617  loss_iou: 0.2837  d0.loss_cls: 0.0837  d0.loss_bbox: 0.0649  d0.loss_iou: 0.2899  d1.loss_cls: 0.0777  d1.loss_bbox: 0.0633  d1.loss_iou: 0.2871  d2.loss_cls: 0.0773  d2.loss_bbox: 0.0626  d2.loss_iou: 0.2828  d3.loss_cls: 0.0743  d3.loss_bbox: 0.0629  d3.loss_iou: 0.2848  d4.loss_cls: 0.0716  d4.loss_bbox: 0.0630  d4.loss_iou: 0.2843  enc_loss_cls: 0.0923  enc_loss_bbox: 0.0702  enc_loss_iou: 0.3020  dn_loss_cls: 0.0024  dn_loss_bbox: 0.0642  dn_loss_iou: 0.1941  d0.dn_loss_cls: 0.0145  d0.dn_loss_bbox: 0.0926  d0.dn_loss_iou: 0.2500  d1.dn_loss_cls: 0.0039  d1.dn_loss_bbox: 0.0688  d1.dn_loss_iou: 0.2056  d2.dn_loss_cls: 0.0028  d2.dn_loss_bbox: 0.0653  d2.dn_loss_iou: 0.1966  d3.dn_loss_cls: 0.0023  d3.dn_loss_bbox: 0.0643  d3.dn_loss_iou: 0.1948  d4.dn_loss_cls: 0.0022  d4.dn_loss_bbox: 0.0642  d4.dn_loss_iou: 0.1942  contr_loss: 0.9100
08/07 16:02:51 - mmengine - INFO - Epoch(train) [24][150/698]  base_lr: 1.0000e-05 lr: 1.0000e-05  eta: 1:51:23  time: 1.0967  data_time: 0.0089  memory: 10308  grad_norm: 36.6607  loss: 5.3727  loss_cls: 0.0509  loss_bbox: 0.0610  loss_iou: 0.2710  d0.loss_cls: 0.0593  d0.loss_bbox: 0.0643  d0.loss_iou: 0.2830  d1.loss_cls: 0.0555  d1.loss_bbox: 0.0643  d1.loss_iou: 0.2768  d2.loss_cls: 0.0533  d2.loss_bbox: 0.0638  d2.loss_iou: 0.2741  d3.loss_cls: 0.0527  d3.loss_bbox: 0.0621  d3.loss_iou: 0.2729  d4.loss_cls: 0.0499  d4.loss_bbox: 0.0617  d4.loss_iou: 0.2719  enc_loss_cls: 0.0730  enc_loss_bbox: 0.0702  enc_loss_iou: 0.2920  dn_loss_cls: 0.0018  dn_loss_bbox: 0.0668  dn_loss_iou: 0.1804  d0.dn_loss_cls: 0.0120  d0.dn_loss_bbox: 0.0961  d0.dn_loss_iou: 0.2379  d1.dn_loss_cls: 0.0025  d1.dn_loss_bbox: 0.0711  d1.dn_loss_iou: 0.1914  d2.dn_loss_cls: 0.0020  d2.dn_loss_bbox: 0.0679  d2.dn_loss_iou: 0.1833  d3.dn_loss_cls: 0.0017  d3.dn_loss_bbox: 0.0671  d3.dn_loss_iou: 0.1813  d4.dn_loss_cls: 0.0017  d4.dn_loss_bbox: 0.0668  d4.dn_loss_iou: 0.1804  contr_loss: 0.9769
08/07 16:03:46 - mmengine - INFO - Epoch(train) [24][200/698]  base_lr: 1.0000e-05 lr: 1.0000e-05  eta: 1:50:29  time: 1.0943  data_time: 0.0091  memory: 9691  grad_norm: 35.0015  loss: 5.0212  loss_cls: 0.0530  loss_bbox: 0.0626  loss_iou: 0.2726  d0.loss_cls: 0.0633  d0.loss_bbox: 0.0649  d0.loss_iou: 0.2747  d1.loss_cls: 0.0564  d1.loss_bbox: 0.0631  d1.loss_iou: 0.2742  d2.loss_cls: 0.0566  d2.loss_bbox: 0.0630  d2.loss_iou: 0.2725  d3.loss_cls: 0.0534  d3.loss_bbox: 0.0628  d3.loss_iou: 0.2732  d4.loss_cls: 0.0529  d4.loss_bbox: 0.0626  d4.loss_iou: 0.2724  enc_loss_cls: 0.0739  enc_loss_bbox: 0.0720  enc_loss_iou: 0.2872  dn_loss_cls: 0.0022  dn_loss_bbox: 0.0566  dn_loss_iou: 0.1773  d0.dn_loss_cls: 0.0136  d0.dn_loss_bbox: 0.0827  d0.dn_loss_iou: 0.2344  d1.dn_loss_cls: 0.0041  d1.dn_loss_bbox: 0.0601  d1.dn_loss_iou: 0.1874  d2.dn_loss_cls: 0.0029  d2.dn_loss_bbox: 0.0573  d2.dn_loss_iou: 0.1794  d3.dn_loss_cls: 0.0025  d3.dn_loss_bbox: 0.0570  d3.dn_loss_iou: 0.1780  d4.dn_loss_cls: 0.0023  d4.dn_loss_bbox: 0.0566  d4.dn_loss_iou: 0.1772  contr_loss: 0.7025
08/07 16:04:40 - mmengine - INFO - Epoch(train) [24][250/698]  base_lr: 1.0000e-05 lr: 1.0000e-05  eta: 1:49:34  time: 1.0779  data_time: 0.0089  memory: 10125  grad_norm: 44.2693  loss: 5.6535  loss_cls: 0.0596  loss_bbox: 0.0664  loss_iou: 0.2900  d0.loss_cls: 0.0725  d0.loss_bbox: 0.0732  d0.loss_iou: 0.2967  d1.loss_cls: 0.0668  d1.loss_bbox: 0.0704  d1.loss_iou: 0.2944  d2.loss_cls: 0.0635  d2.loss_bbox: 0.0674  d2.loss_iou: 0.2894  d3.loss_cls: 0.0642  d3.loss_bbox: 0.0669  d3.loss_iou: 0.2907  d4.loss_cls: 0.0607  d4.loss_bbox: 0.0674  d4.loss_iou: 0.2908  enc_loss_cls: 0.0807  enc_loss_bbox: 0.0778  enc_loss_iou: 0.3088  dn_loss_cls: 0.0023  dn_loss_bbox: 0.0767  dn_loss_iou: 0.2010  d0.dn_loss_cls: 0.0193  d0.dn_loss_bbox: 0.1171  d0.dn_loss_iou: 0.2747  d1.dn_loss_cls: 0.0047  d1.dn_loss_bbox: 0.0834  d1.dn_loss_iou: 0.2166  d2.dn_loss_cls: 0.0029  d2.dn_loss_bbox: 0.0787  d2.dn_loss_iou: 0.2051  d3.dn_loss_cls: 0.0025  d3.dn_loss_bbox: 0.0776  d3.dn_loss_iou: 0.2023  d4.dn_loss_cls: 0.0024  d4.dn_loss_bbox: 0.0767  d4.dn_loss_iou: 0.2011  contr_loss: 0.7901
08/07 16:05:34 - mmengine - INFO - Epoch(train) [24][300/698]  base_lr: 1.0000e-05 lr: 1.0000e-05  eta: 1:48:39  time: 1.0804  data_time: 0.0087  memory: 9635  grad_norm: 46.0317  loss: 4.5331  loss_cls: 0.0319  loss_bbox: 0.0581  loss_iou: 0.2354  d0.loss_cls: 0.0439  d0.loss_bbox: 0.0599  d0.loss_iou: 0.2397  d1.loss_cls: 0.0374  d1.loss_bbox: 0.0587  d1.loss_iou: 0.2376  d2.loss_cls: 0.0348  d2.loss_bbox: 0.0584  d2.loss_iou: 0.2371  d3.loss_cls: 0.0321  d3.loss_bbox: 0.0583  d3.loss_iou: 0.2359  d4.loss_cls: 0.0320  d4.loss_bbox: 0.0580  d4.loss_iou: 0.2354  enc_loss_cls: 0.0550  enc_loss_bbox: 0.0679  enc_loss_iou: 0.2549  dn_loss_cls: 0.0008  dn_loss_bbox: 0.0655  dn_loss_iou: 0.1748  d0.dn_loss_cls: 0.0113  d0.dn_loss_bbox: 0.0929  d0.dn_loss_iou: 0.2271  d1.dn_loss_cls: 0.0016  d1.dn_loss_bbox: 0.0704  d1.dn_loss_iou: 0.1828  d2.dn_loss_cls: 0.0012  d2.dn_loss_bbox: 0.0668  d2.dn_loss_iou: 0.1762  d3.dn_loss_cls: 0.0009  d3.dn_loss_bbox: 0.0657  d3.dn_loss_iou: 0.1749  d4.dn_loss_cls: 0.0008  d4.dn_loss_bbox: 0.0655  d4.dn_loss_iou: 0.1748  contr_loss: 0.6167
08/07 16:06:28 - mmengine - INFO - Epoch(train) [24][350/698]  base_lr: 1.0000e-05 lr: 1.0000e-05  eta: 1:47:45  time: 1.0854  data_time: 0.0100  memory: 9592  grad_norm: 39.8783  loss: 5.4234  loss_cls: 0.0409  loss_bbox: 0.0646  loss_iou: 0.2915  d0.loss_cls: 0.0533  d0.loss_bbox: 0.0696  d0.loss_iou: 0.3038  d1.loss_cls: 0.0481  d1.loss_bbox: 0.0673  d1.loss_iou: 0.2973  d2.loss_cls: 0.0464  d2.loss_bbox: 0.0650  d2.loss_iou: 0.2939  d3.loss_cls: 0.0434  d3.loss_bbox: 0.0647  d3.loss_iou: 0.2925  d4.loss_cls: 0.0421  d4.loss_bbox: 0.0640  d4.loss_iou: 0.2910  enc_loss_cls: 0.0711  enc_loss_bbox: 0.0749  enc_loss_iou: 0.3134  dn_loss_cls: 0.0020  dn_loss_bbox: 0.0634  dn_loss_iou: 0.1941  d0.dn_loss_cls: 0.0141  d0.dn_loss_bbox: 0.0929  d0.dn_loss_iou: 0.2538  d1.dn_loss_cls: 0.0032  d1.dn_loss_bbox: 0.0690  d1.dn_loss_iou: 0.2054  d2.dn_loss_cls: 0.0025  d2.dn_loss_bbox: 0.0664  d2.dn_loss_iou: 0.1977  d3.dn_loss_cls: 0.0022  d3.dn_loss_bbox: 0.0646  d3.dn_loss_iou: 0.1952  d4.dn_loss_cls: 0.0020  d4.dn_loss_bbox: 0.0634  d4.dn_loss_iou: 0.1941  contr_loss: 0.8389
08/07 16:07:22 - mmengine - INFO - Epoch(train) [24][400/698]  base_lr: 1.0000e-05 lr: 1.0000e-05  eta: 1:46:50  time: 1.0800  data_time: 0.0089  memory: 9868  grad_norm: 35.8426  loss: 5.0109  loss_cls: 0.0428  loss_bbox: 0.0524  loss_iou: 0.2646  d0.loss_cls: 0.0509  d0.loss_bbox: 0.0588  d0.loss_iou: 0.2776  d1.loss_cls: 0.0461  d1.loss_bbox: 0.0550  d1.loss_iou: 0.2699  d2.loss_cls: 0.0444  d2.loss_bbox: 0.0534  d2.loss_iou: 0.2675  d3.loss_cls: 0.0439  d3.loss_bbox: 0.0523  d3.loss_iou: 0.2654  d4.loss_cls: 0.0437  d4.loss_bbox: 0.0523  d4.loss_iou: 0.2646  enc_loss_cls: 0.0595  enc_loss_bbox: 0.0631  enc_loss_iou: 0.2911  dn_loss_cls: 0.0017  dn_loss_bbox: 0.0586  dn_loss_iou: 0.1912  d0.dn_loss_cls: 0.0141  d0.dn_loss_bbox: 0.0846  d0.dn_loss_iou: 0.2510  d1.dn_loss_cls: 0.0032  d1.dn_loss_bbox: 0.0635  d1.dn_loss_iou: 0.2039  d2.dn_loss_cls: 0.0022  d2.dn_loss_bbox: 0.0598  d2.dn_loss_iou: 0.1948  d3.dn_loss_cls: 0.0020  d3.dn_loss_bbox: 0.0586  d3.dn_loss_iou: 0.1918  d4.dn_loss_cls: 0.0019  d4.dn_loss_bbox: 0.0585  d4.dn_loss_iou: 0.1912  contr_loss: 0.7592
08/07 16:08:17 - mmengine - INFO - Epoch(train) [24][450/698]  base_lr: 1.0000e-05 lr: 1.0000e-05  eta: 1:45:56  time: 1.0900  data_time: 0.0095  memory: 9607  grad_norm: 41.5297  loss: 4.9770  loss_cls: 0.0490  loss_bbox: 0.0498  loss_iou: 0.2439  d0.loss_cls: 0.0624  d0.loss_bbox: 0.0536  d0.loss_iou: 0.2552  d1.loss_cls: 0.0558  d1.loss_bbox: 0.0522  d1.loss_iou: 0.2533  d2.loss_cls: 0.0543  d2.loss_bbox: 0.0502  d2.loss_iou: 0.2466  d3.loss_cls: 0.0519  d3.loss_bbox: 0.0499  d3.loss_iou: 0.2448  d4.loss_cls: 0.0487  d4.loss_bbox: 0.0498  d4.loss_iou: 0.2447  enc_loss_cls: 0.0802  enc_loss_bbox: 0.0601  enc_loss_iou: 0.2706  dn_loss_cls: 0.0029  dn_loss_bbox: 0.0631  dn_loss_iou: 0.1805  d0.dn_loss_cls: 0.0166  d0.dn_loss_bbox: 0.0929  d0.dn_loss_iou: 0.2422  d1.dn_loss_cls: 0.0044  d1.dn_loss_bbox: 0.0664  d1.dn_loss_iou: 0.1901  d2.dn_loss_cls: 0.0031  d2.dn_loss_bbox: 0.0639  d2.dn_loss_iou: 0.1817  d3.dn_loss_cls: 0.0027  d3.dn_loss_bbox: 0.0631  d3.dn_loss_iou: 0.1802  d4.dn_loss_cls: 0.0028  d4.dn_loss_bbox: 0.0631  d4.dn_loss_iou: 0.1804  contr_loss: 0.8498
08/07 16:09:11 - mmengine - INFO - Epoch(train) [24][500/698]  base_lr: 1.0000e-05 lr: 1.0000e-05  eta: 1:45:01  time: 1.0770  data_time: 0.0090  memory: 10108  grad_norm: 41.0098  loss: 4.7962  loss_cls: 0.0321  loss_bbox: 0.0547  loss_iou: 0.2044  d0.loss_cls: 0.0421  d0.loss_bbox: 0.0576  d0.loss_iou: 0.2105  d1.loss_cls: 0.0381  d1.loss_bbox: 0.0558  d1.loss_iou: 0.2073  d2.loss_cls: 0.0362  d2.loss_bbox: 0.0555  d2.loss_iou: 0.2058  d3.loss_cls: 0.0340  d3.loss_bbox: 0.0549  d3.loss_iou: 0.2054  d4.loss_cls: 0.0331  d4.loss_bbox: 0.0547  d4.loss_iou: 0.2044  enc_loss_cls: 0.0553  enc_loss_bbox: 0.0646  enc_loss_iou: 0.2196  dn_loss_cls: 0.0019  dn_loss_bbox: 0.0690  dn_loss_iou: 0.1811  d0.dn_loss_cls: 0.0143  d0.dn_loss_bbox: 0.0961  d0.dn_loss_iou: 0.2327  d1.dn_loss_cls: 0.0033  d1.dn_loss_bbox: 0.0727  d1.dn_loss_iou: 0.1903  d2.dn_loss_cls: 0.0022  d2.dn_loss_bbox: 0.0698  d2.dn_loss_iou: 0.1830  d3.dn_loss_cls: 0.0018  d3.dn_loss_bbox: 0.0690  d3.dn_loss_iou: 0.1816  d4.dn_loss_cls: 0.0019  d4.dn_loss_bbox: 0.0689  d4.dn_loss_iou: 0.1811  contr_loss: 1.0494
08/07 16:10:06 - mmengine - INFO - Epoch(train) [24][550/698]  base_lr: 1.0000e-05 lr: 1.0000e-05  eta: 1:44:07  time: 1.1056  data_time: 0.0087  memory: 9740  grad_norm: 41.9255  loss: 4.9023  loss_cls: 0.0378  loss_bbox: 0.0597  loss_iou: 0.2574  d0.loss_cls: 0.0481  d0.loss_bbox: 0.0601  d0.loss_iou: 0.2646  d1.loss_cls: 0.0401  d1.loss_bbox: 0.0618  d1.loss_iou: 0.2623  d2.loss_cls: 0.0398  d2.loss_bbox: 0.0608  d2.loss_iou: 0.2610  d3.loss_cls: 0.0375  d3.loss_bbox: 0.0604  d3.loss_iou: 0.2586  d4.loss_cls: 0.0409  d4.loss_bbox: 0.0562  d4.loss_iou: 0.2548  enc_loss_cls: 0.0535  enc_loss_bbox: 0.0706  enc_loss_iou: 0.2792  dn_loss_cls: 0.0032  dn_loss_bbox: 0.0583  dn_loss_iou: 0.1675  d0.dn_loss_cls: 0.0154  d0.dn_loss_bbox: 0.0837  d0.dn_loss_iou: 0.2235  d1.dn_loss_cls: 0.0058  d1.dn_loss_bbox: 0.0620  d1.dn_loss_iou: 0.1788  d2.dn_loss_cls: 0.0045  d2.dn_loss_bbox: 0.0590  d2.dn_loss_iou: 0.1702  d3.dn_loss_cls: 0.0036  d3.dn_loss_bbox: 0.0585  d3.dn_loss_iou: 0.1684  d4.dn_loss_cls: 0.0033  d4.dn_loss_bbox: 0.0582  d4.dn_loss_iou: 0.1675  contr_loss: 0.8458
08/07 16:11:01 - mmengine - INFO - Epoch(train) [24][600/698]  base_lr: 1.0000e-05 lr: 1.0000e-05  eta: 1:43:13  time: 1.1059  data_time: 0.0091  memory: 9749  grad_norm: 37.4152  loss: 5.0050  loss_cls: 0.0363  loss_bbox: 0.0641  loss_iou: 0.2694  d0.loss_cls: 0.0424  d0.loss_bbox: 0.0678  d0.loss_iou: 0.2775  d1.loss_cls: 0.0395  d1.loss_bbox: 0.0655  d1.loss_iou: 0.2734  d2.loss_cls: 0.0381  d2.loss_bbox: 0.0659  d2.loss_iou: 0.2725  d3.loss_cls: 0.0379  d3.loss_bbox: 0.0647  d3.loss_iou: 0.2699  d4.loss_cls: 0.0371  d4.loss_bbox: 0.0638  d4.loss_iou: 0.2673  enc_loss_cls: 0.0579  enc_loss_bbox: 0.0715  enc_loss_iou: 0.2878  dn_loss_cls: 0.0022  dn_loss_bbox: 0.0651  dn_loss_iou: 0.1819  d0.dn_loss_cls: 0.0122  d0.dn_loss_bbox: 0.0949  d0.dn_loss_iou: 0.2409  d1.dn_loss_cls: 0.0041  d1.dn_loss_bbox: 0.0711  d1.dn_loss_iou: 0.1925  d2.dn_loss_cls: 0.0032  d2.dn_loss_bbox: 0.0668  d2.dn_loss_iou: 0.1848  d3.dn_loss_cls: 0.0024  d3.dn_loss_bbox: 0.0657  d3.dn_loss_iou: 0.1831  d4.dn_loss_cls: 0.0022  d4.dn_loss_bbox: 0.0652  d4.dn_loss_iou: 0.1820  contr_loss: 0.7145
08/07 16:11:55 - mmengine - INFO - Epoch(train) [24][650/698]  base_lr: 1.0000e-05 lr: 1.0000e-05  eta: 1:42:18  time: 1.0729  data_time: 0.0097  memory: 9821  grad_norm: 36.8589  loss: 5.5204  loss_cls: 0.0437  loss_bbox: 0.0556  loss_iou: 0.2745  d0.loss_cls: 0.0577  d0.loss_bbox: 0.0583  d0.loss_iou: 0.2831  d1.loss_cls: 0.0508  d1.loss_bbox: 0.0562  d1.loss_iou: 0.2792  d2.loss_cls: 0.0481  d2.loss_bbox: 0.0557  d2.loss_iou: 0.2759  d3.loss_cls: 0.0451  d3.loss_bbox: 0.0553  d3.loss_iou: 0.2744  d4.loss_cls: 0.0442  d4.loss_bbox: 0.0555  d4.loss_iou: 0.2739  enc_loss_cls: 0.0650  enc_loss_bbox: 0.0634  enc_loss_iou: 0.2957  dn_loss_cls: 0.0025  dn_loss_bbox: 0.0682  dn_loss_iou: 0.1907  d0.dn_loss_cls: 0.0150  d0.dn_loss_bbox: 0.0913  d0.dn_loss_iou: 0.2477  d1.dn_loss_cls: 0.0041  d1.dn_loss_bbox: 0.0709  d1.dn_loss_iou: 0.2018  d2.dn_loss_cls: 0.0029  d2.dn_loss_bbox: 0.0690  d2.dn_loss_iou: 0.1935  d3.dn_loss_cls: 0.0026  d3.dn_loss_bbox: 0.0682  d3.dn_loss_iou: 0.1912  d4.dn_loss_cls: 0.0025  d4.dn_loss_bbox: 0.0682  d4.dn_loss_iou: 0.1908  contr_loss: 1.1279
08/07 16:12:46 - mmengine - INFO - Exp name: lae_dino_swin-t_finetune_DIOR_20260807_105315
08/07 16:12:46 - mmengine - INFO - Saving checkpoint at 24 epochs
08/07 16:12:58 - mmengine - INFO - Epoch(val) [24][ 50/147]    eta: 0:00:09  time: 0.1018  data_time: 0.0023  memory: 9669  
08/07 16:13:03 - mmengine - INFO - Epoch(val) [24][100/147]    eta: 0:00:04  time: 0.0999  data_time: 0.0020  memory: 3800  
08/07 16:13:10 - mmengine - INFO - Evaluating bbox...
Loading and preparing results...
DONE (t=0.59s)
creating index...
index created!
Running per image evaluation...
Evaluate annotation type *bbox*
DONE (t=8.16s).
Accumulating evaluation results...
DONE (t=3.26s).
 Average Precision  (AP) @[ IoU=0.50:0.95 | area=   all | maxDets=100 ] = 0.740
 Average Precision  (AP) @[ IoU=0.50      | area=   all | maxDets=1000 ] = 0.913
 Average Precision  (AP) @[ IoU=0.75      | area=   all | maxDets=1000 ] = 0.809
 Average Precision  (AP) @[ IoU=0.50:0.95 | area= small | maxDets=1000 ] = 0.251
 Average Precision  (AP) @[ IoU=0.50:0.95 | area=medium | maxDets=1000 ] = 0.625
 Average Precision  (AP) @[ IoU=0.50:0.95 | area= large | maxDets=1000 ] = 0.853
 Average Recall     (AR) @[ IoU=0.50:0.95 | area=   all | maxDets=100 ] = 0.839
 Average Recall     (AR) @[ IoU=0.50:0.95 | area=   all | maxDets=300 ] = 0.844
 Average Recall     (AR) @[ IoU=0.50:0.95 | area=   all | maxDets=1000 ] = 0.844
 Average Recall     (AR) @[ IoU=0.50:0.95 | area= small | maxDets=1000 ] = 0.429
 Average Recall     (AR) @[ IoU=0.50:0.95 | area=medium | maxDets=1000 ] = 0.770
 Average Recall     (AR) @[ IoU=0.50:0.95 | area= large | maxDets=1000 ] = 0.923
08/07 16:13:23 - mmengine - INFO - bbox_mAP_copypaste: 0.740 0.913 0.809 0.251 0.625 0.853
================DIOR/coco================
08/07 16:13:23 - mmengine - INFO - Epoch(val) [24][147/147]    DIOR/coco/bbox_mAP: 0.7400  DIOR/coco/bbox_mAP_50: 0.9130  DIOR/coco/bbox_mAP_75: 0.8090  DIOR/coco/bbox_mAP_s: 0.2510  DIOR/coco/bbox_mAP_m: 0.6250  DIOR/coco/bbox_mAP_l: 0.8530  data_time: 0.0020  time: 0.1001
08/07 16:14:17 - mmengine - INFO - Epoch(train) [25][ 50/698]  base_lr: 1.0000e-05 lr: 1.0000e-05  eta: 1:40:31  time: 1.0856  data_time: 0.0121  memory: 9818  grad_norm: 36.9826  loss: 5.3617  loss_cls: 0.0490  loss_bbox: 0.0575  loss_iou: 0.2355  d0.loss_cls: 0.0597  d0.loss_bbox: 0.0627  d0.loss_iou: 0.2432  d1.loss_cls: 0.0623  d1.loss_bbox: 0.0601  d1.loss_iou: 0.2356  d2.loss_cls: 0.0522  d2.loss_bbox: 0.0594  d2.loss_iou: 0.2353  d3.loss_cls: 0.0479  d3.loss_bbox: 0.0581  d3.loss_iou: 0.2357  d4.loss_cls: 0.0485  d4.loss_bbox: 0.0576  d4.loss_iou: 0.2354  enc_loss_cls: 0.0741  enc_loss_bbox: 0.0692  enc_loss_iou: 0.2584  dn_loss_cls: 0.0014  dn_loss_bbox: 0.0610  dn_loss_iou: 0.1695  d0.dn_loss_cls: 0.0125  d0.dn_loss_bbox: 0.0848  d0.dn_loss_iou: 0.2196  d1.dn_loss_cls: 0.0026  d1.dn_loss_bbox: 0.0644  d1.dn_loss_iou: 0.1783  d2.dn_loss_cls: 0.0020  d2.dn_loss_bbox: 0.0618  d2.dn_loss_iou: 0.1716  d3.dn_loss_cls: 0.0016  d3.dn_loss_bbox: 0.0612  d3.dn_loss_iou: 0.1702  d4.dn_loss_cls: 0.0015  d4.dn_loss_bbox: 0.0611  d4.dn_loss_iou: 0.1696  contr_loss: 1.3696
08/07 16:15:12 - mmengine - INFO - Epoch(train) [25][100/698]  base_lr: 1.0000e-05 lr: 1.0000e-05  eta: 1:39:36  time: 1.0952  data_time: 0.0091  memory: 10128  grad_norm: 41.3706  loss: 4.8760  loss_cls: 0.0345  loss_bbox: 0.0543  loss_iou: 0.2248  d0.loss_cls: 0.0416  d0.loss_bbox: 0.0589  d0.loss_iou: 0.2332  d1.loss_cls: 0.0387  d1.loss_bbox: 0.0567  d1.loss_iou: 0.2279  d2.loss_cls: 0.0372  d2.loss_bbox: 0.0551  d2.loss_iou: 0.2280  d3.loss_cls: 0.0358  d3.loss_bbox: 0.0549  d3.loss_iou: 0.2259  d4.loss_cls: 0.0340  d4.loss_bbox: 0.0543  d4.loss_iou: 0.2252  enc_loss_cls: 0.0586  enc_loss_bbox: 0.0644  enc_loss_iou: 0.2476  dn_loss_cls: 0.0055  dn_loss_bbox: 0.0565  dn_loss_iou: 0.1700  d0.dn_loss_cls: 0.0148  d0.dn_loss_bbox: 0.0804  d0.dn_loss_iou: 0.2214  d1.dn_loss_cls: 0.0061  d1.dn_loss_bbox: 0.0607  d1.dn_loss_iou: 0.1794  d2.dn_loss_cls: 0.0061  d2.dn_loss_bbox: 0.0576  d2.dn_loss_iou: 0.1727  d3.dn_loss_cls: 0.0062  d3.dn_loss_bbox: 0.0570  d3.dn_loss_iou: 0.1711  d4.dn_loss_cls: 0.0063  d4.dn_loss_bbox: 0.0566  d4.dn_loss_iou: 0.1702  contr_loss: 1.0857
08/07 16:16:06 - mmengine - INFO - Epoch(train) [25][150/698]  base_lr: 1.0000e-05 lr: 1.0000e-05  eta: 1:38:41  time: 1.0720  data_time: 0.0090  memory: 10148  grad_norm: 36.9826  loss: 4.8171  loss_cls: 0.0394  loss_bbox: 0.0505  loss_iou: 0.2206  d0.loss_cls: 0.0512  d0.loss_bbox: 0.0537  d0.loss_iou: 0.2268  d1.loss_cls: 0.0457  d1.loss_bbox: 0.0523  d1.loss_iou: 0.2245  d2.loss_cls: 0.0427  d2.loss_bbox: 0.0517  d2.loss_iou: 0.2222  d3.loss_cls: 0.0422  d3.loss_bbox: 0.0505  d3.loss_iou: 0.2206  d4.loss_cls: 0.0399  d4.loss_bbox: 0.0511  d4.loss_iou: 0.2211  enc_loss_cls: 0.0614  enc_loss_bbox: 0.0579  enc_loss_iou: 0.2386  dn_loss_cls: 0.0011  dn_loss_bbox: 0.0595  dn_loss_iou: 0.1807  d0.dn_loss_cls: 0.0135  d0.dn_loss_bbox: 0.0864  d0.dn_loss_iou: 0.2390  d1.dn_loss_cls: 0.0026  d1.dn_loss_bbox: 0.0641  d1.dn_loss_iou: 0.1926  d2.dn_loss_cls: 0.0017  d2.dn_loss_bbox: 0.0608  d2.dn_loss_iou: 0.1831  d3.dn_loss_cls: 0.0013  d3.dn_loss_bbox: 0.0597  d3.dn_loss_iou: 0.1811  d4.dn_loss_cls: 0.0011  d4.dn_loss_bbox: 0.0596  d4.dn_loss_iou: 0.1813  contr_loss: 0.9831
08/07 16:17:00 - mmengine - INFO - Epoch(train) [25][200/698]  base_lr: 1.0000e-05 lr: 1.0000e-05  eta: 1:37:47  time: 1.0826  data_time: 0.0088  memory: 9974  grad_norm: 38.0203  loss: 4.7037  loss_cls: 0.0238  loss_bbox: 0.0547  loss_iou: 0.2268  d0.loss_cls: 0.0351  d0.loss_bbox: 0.0593  d0.loss_iou: 0.2314  d1.loss_cls: 0.0277  d1.loss_bbox: 0.0571  d1.loss_iou: 0.2291  d2.loss_cls: 0.0265  d2.loss_bbox: 0.0560  d2.loss_iou: 0.2282  d3.loss_cls: 0.0255  d3.loss_bbox: 0.0550  d3.loss_iou: 0.2275  d4.loss_cls: 0.0241  d4.loss_bbox: 0.0547  d4.loss_iou: 0.2267  enc_loss_cls: 0.0417  enc_loss_bbox: 0.0662  enc_loss_iou: 0.2429  dn_loss_cls: 0.0019  dn_loss_bbox: 0.0601  dn_loss_iou: 0.1684  d0.dn_loss_cls: 0.0134  d0.dn_loss_bbox: 0.0955  d0.dn_loss_iou: 0.2252  d1.dn_loss_cls: 0.0039  d1.dn_loss_bbox: 0.0648  d1.dn_loss_iou: 0.1769  d2.dn_loss_cls: 0.0024  d2.dn_loss_bbox: 0.0610  d2.dn_loss_iou: 0.1701  d3.dn_loss_cls: 0.0020  d3.dn_loss_bbox: 0.0603  d3.dn_loss_iou: 0.1692  d4.dn_loss_cls: 0.0019  d4.dn_loss_bbox: 0.0601  d4.dn_loss_iou: 0.1684  contr_loss: 0.9780
08/07 16:17:52 - mmengine - INFO - Exp name: lae_dino_swin-t_finetune_DIOR_20260807_105315
08/07 16:17:54 - mmengine - INFO - Epoch(train) [25][250/698]  base_lr: 1.0000e-05 lr: 1.0000e-05  eta: 1:36:52  time: 1.0848  data_time: 0.0089  memory: 9892  grad_norm: 39.7478  loss: 5.2980  loss_cls: 0.0300  loss_bbox: 0.0625  loss_iou: 0.2713  d0.loss_cls: 0.0452  d0.loss_bbox: 0.0659  d0.loss_iou: 0.2826  d1.loss_cls: 0.0398  d1.loss_bbox: 0.0627  d1.loss_iou: 0.2758  d2.loss_cls: 0.0354  d2.loss_bbox: 0.0628  d2.loss_iou: 0.2730  d3.loss_cls: 0.0323  d3.loss_bbox: 0.0624  d3.loss_iou: 0.2717  d4.loss_cls: 0.0302  d4.loss_bbox: 0.0626  d4.loss_iou: 0.2713  enc_loss_cls: 0.0619  enc_loss_bbox: 0.0720  enc_loss_iou: 0.2921  dn_loss_cls: 0.0020  dn_loss_bbox: 0.0646  dn_loss_iou: 0.1955  d0.dn_loss_cls: 0.0210  d0.dn_loss_bbox: 0.0992  d0.dn_loss_iou: 0.2643  d1.dn_loss_cls: 0.0054  d1.dn_loss_bbox: 0.0691  d1.dn_loss_iou: 0.2080  d2.dn_loss_cls: 0.0024  d2.dn_loss_bbox: 0.0660  d2.dn_loss_iou: 0.1995  d3.dn_loss_cls: 0.0019  d3.dn_loss_bbox: 0.0651  d3.dn_loss_iou: 0.1968  d4.dn_loss_cls: 0.0018  d4.dn_loss_bbox: 0.0647  d4.dn_loss_iou: 0.1956  contr_loss: 0.9114
08/07 16:18:48 - mmengine - INFO - Epoch(train) [25][300/698]  base_lr: 1.0000e-05 lr: 1.0000e-05  eta: 1:35:57  time: 1.0677  data_time: 0.0090  memory: 9819  grad_norm: 36.8884  loss: 5.0201  loss_cls: 0.0402  loss_bbox: 0.0579  loss_iou: 0.2371  d0.loss_cls: 0.0479  d0.loss_bbox: 0.0632  d0.loss_iou: 0.2427  d1.loss_cls: 0.0471  d1.loss_bbox: 0.0603  d1.loss_iou: 0.2377  d2.loss_cls: 0.0461  d2.loss_bbox: 0.0585  d2.loss_iou: 0.2361  d3.loss_cls: 0.0436  d3.loss_bbox: 0.0578  d3.loss_iou: 0.2365  d4.loss_cls: 0.0417  d4.loss_bbox: 0.0577  d4.loss_iou: 0.2369  enc_loss_cls: 0.0604  enc_loss_bbox: 0.0665  enc_loss_iou: 0.2485  dn_loss_cls: 0.0030  dn_loss_bbox: 0.0664  dn_loss_iou: 0.1717  d0.dn_loss_cls: 0.0150  d0.dn_loss_bbox: 0.0979  d0.dn_loss_iou: 0.2331  d1.dn_loss_cls: 0.0036  d1.dn_loss_bbox: 0.0726  d1.dn_loss_iou: 0.1820  d2.dn_loss_cls: 0.0034  d2.dn_loss_bbox: 0.0694  d2.dn_loss_iou: 0.1748  d3.dn_loss_cls: 0.0028  d3.dn_loss_bbox: 0.0677  d3.dn_loss_iou: 0.1725  d4.dn_loss_cls: 0.0029  d4.dn_loss_bbox: 0.0665  d4.dn_loss_iou: 0.1716  contr_loss: 1.0186
08/07 16:19:42 - mmengine - INFO - Epoch(train) [25][350/698]  base_lr: 1.0000e-05 lr: 1.0000e-05  eta: 1:35:03  time: 1.0981  data_time: 0.0090  memory: 9479  grad_norm: 39.5955  loss: 5.4277  loss_cls: 0.0509  loss_bbox: 0.0618  loss_iou: 0.2961  d0.loss_cls: 0.0736  d0.loss_bbox: 0.0667  d0.loss_iou: 0.3028  d1.loss_cls: 0.0588  d1.loss_bbox: 0.0649  d1.loss_iou: 0.2998  d2.loss_cls: 0.0563  d2.loss_bbox: 0.0631  d2.loss_iou: 0.2952  d3.loss_cls: 0.0545  d3.loss_bbox: 0.0623  d3.loss_iou: 0.2946  d4.loss_cls: 0.0519  d4.loss_bbox: 0.0618  d4.loss_iou: 0.2959  enc_loss_cls: 0.0882  enc_loss_bbox: 0.0736  enc_loss_iou: 0.3164  dn_loss_cls: 0.0031  dn_loss_bbox: 0.0710  dn_loss_iou: 0.2058  d0.dn_loss_cls: 0.0186  d0.dn_loss_bbox: 0.1059  d0.dn_loss_iou: 0.2718  d1.dn_loss_cls: 0.0054  d1.dn_loss_bbox: 0.0778  d1.dn_loss_iou: 0.2189  d2.dn_loss_cls: 0.0038  d2.dn_loss_bbox: 0.0722  d2.dn_loss_iou: 0.2084  d3.dn_loss_cls: 0.0033  d3.dn_loss_bbox: 0.0710  d3.dn_loss_iou: 0.2062  d4.dn_loss_cls: 0.0032  d4.dn_loss_bbox: 0.0710  d4.dn_loss_iou: 0.2058  contr_loss: 0.6150
08/07 16:20:37 - mmengine - INFO - Epoch(train) [25][400/698]  base_lr: 1.0000e-05 lr: 1.0000e-05  eta: 1:34:09  time: 1.0982  data_time: 0.0090  memory: 10511  grad_norm: 36.9062  loss: 5.9047  loss_cls: 0.0640  loss_bbox: 0.0644  loss_iou: 0.3235  d0.loss_cls: 0.0820  d0.loss_bbox: 0.0699  d0.loss_iou: 0.3323  d1.loss_cls: 0.0750  d1.loss_bbox: 0.0658  d1.loss_iou: 0.3281  d2.loss_cls: 0.0699  d2.loss_bbox: 0.0650  d2.loss_iou: 0.3228  d3.loss_cls: 0.0659  d3.loss_bbox: 0.0649  d3.loss_iou: 0.3241  d4.loss_cls: 0.0633  d4.loss_bbox: 0.0651  d4.loss_iou: 0.3242  enc_loss_cls: 0.0872  enc_loss_bbox: 0.0776  enc_loss_iou: 0.3474  dn_loss_cls: 0.0023  dn_loss_bbox: 0.0682  dn_loss_iou: 0.2014  d0.dn_loss_cls: 0.0141  d0.dn_loss_bbox: 0.0997  d0.dn_loss_iou: 0.2676  d1.dn_loss_cls: 0.0048  d1.dn_loss_bbox: 0.0737  d1.dn_loss_iou: 0.2155  d2.dn_loss_cls: 0.0032  d2.dn_loss_bbox: 0.0704  d2.dn_loss_iou: 0.2055  d3.dn_loss_cls: 0.0029  d3.dn_loss_bbox: 0.0685  d3.dn_loss_iou: 0.2025  d4.dn_loss_cls: 0.0023  d4.dn_loss_bbox: 0.0683  d4.dn_loss_iou: 0.2015  contr_loss: 0.8499
08/07 16:21:32 - mmengine - INFO - Epoch(train) [25][450/698]  base_lr: 1.0000e-05 lr: 1.0000e-05  eta: 1:33:14  time: 1.0979  data_time: 0.0090  memory: 10319  grad_norm: 39.9669  loss: 4.6129  loss_cls: 0.0430  loss_bbox: 0.0533  loss_iou: 0.2176  d0.loss_cls: 0.0564  d0.loss_bbox: 0.0555  d0.loss_iou: 0.2248  d1.loss_cls: 0.0503  d1.loss_bbox: 0.0536  d1.loss_iou: 0.2178  d2.loss_cls: 0.0457  d2.loss_bbox: 0.0548  d2.loss_iou: 0.2221  d3.loss_cls: 0.0447  d3.loss_bbox: 0.0540  d3.loss_iou: 0.2176  d4.loss_cls: 0.0442  d4.loss_bbox: 0.0531  d4.loss_iou: 0.2176  enc_loss_cls: 0.0749  enc_loss_bbox: 0.0597  enc_loss_iou: 0.2348  dn_loss_cls: 0.0018  dn_loss_bbox: 0.0668  dn_loss_iou: 0.1754  d0.dn_loss_cls: 0.0143  d0.dn_loss_bbox: 0.1053  d0.dn_loss_iou: 0.2387  d1.dn_loss_cls: 0.0031  d1.dn_loss_bbox: 0.0733  d1.dn_loss_iou: 0.1878  d2.dn_loss_cls: 0.0023  d2.dn_loss_bbox: 0.0689  d2.dn_loss_iou: 0.1785  d3.dn_loss_cls: 0.0020  d3.dn_loss_bbox: 0.0674  d3.dn_loss_iou: 0.1764  d4.dn_loss_cls: 0.0019  d4.dn_loss_bbox: 0.0668  d4.dn_loss_iou: 0.1755  contr_loss: 0.7112
08/07 16:22:27 - mmengine - INFO - Epoch(train) [25][500/698]  base_lr: 1.0000e-05 lr: 1.0000e-05  eta: 1:32:20  time: 1.0910  data_time: 0.0088  memory: 10196  grad_norm: 37.9470  loss: 5.7466  loss_cls: 0.0522  loss_bbox: 0.0670  loss_iou: 0.3337  d0.loss_cls: 0.0640  d0.loss_bbox: 0.0701  d0.loss_iou: 0.3386  d1.loss_cls: 0.0580  d1.loss_bbox: 0.0667  d1.loss_iou: 0.3341  d2.loss_cls: 0.0555  d2.loss_bbox: 0.0667  d2.loss_iou: 0.3334  d3.loss_cls: 0.0546  d3.loss_bbox: 0.0668  d3.loss_iou: 0.3341  d4.loss_cls: 0.0534  d4.loss_bbox: 0.0670  d4.loss_iou: 0.3340  enc_loss_cls: 0.0804  enc_loss_bbox: 0.0780  enc_loss_iou: 0.3523  dn_loss_cls: 0.0021  dn_loss_bbox: 0.0574  dn_loss_iou: 0.1788  d0.dn_loss_cls: 0.0119  d0.dn_loss_bbox: 0.0798  d0.dn_loss_iou: 0.2334  d1.dn_loss_cls: 0.0037  d1.dn_loss_bbox: 0.0591  d1.dn_loss_iou: 0.1877  d2.dn_loss_cls: 0.0024  d2.dn_loss_bbox: 0.0578  d2.dn_loss_iou: 0.1808  d3.dn_loss_cls: 0.0023  d3.dn_loss_bbox: 0.0575  d3.dn_loss_iou: 0.1798  d4.dn_loss_cls: 0.0022  d4.dn_loss_bbox: 0.0573  d4.dn_loss_iou: 0.1788  contr_loss: 0.9533
08/07 16:23:20 - mmengine - INFO - Epoch(train) [25][550/698]  base_lr: 1.0000e-05 lr: 1.0000e-05  eta: 1:31:25  time: 1.0729  data_time: 0.0089  memory: 10202  grad_norm: 36.4830  loss: 5.4560  loss_cls: 0.0496  loss_bbox: 0.0668  loss_iou: 0.2888  d0.loss_cls: 0.0624  d0.loss_bbox: 0.0694  d0.loss_iou: 0.2933  d1.loss_cls: 0.0559  d1.loss_bbox: 0.0683  d1.loss_iou: 0.2906  d2.loss_cls: 0.0547  d2.loss_bbox: 0.0670  d2.loss_iou: 0.2889  d3.loss_cls: 0.0523  d3.loss_bbox: 0.0666  d3.loss_iou: 0.2888  d4.loss_cls: 0.0508  d4.loss_bbox: 0.0667  d4.loss_iou: 0.2884  enc_loss_cls: 0.0746  enc_loss_bbox: 0.0730  enc_loss_iou: 0.3034  dn_loss_cls: 0.0014  dn_loss_bbox: 0.0639  dn_loss_iou: 0.1816  d0.dn_loss_cls: 0.0136  d0.dn_loss_bbox: 0.0881  d0.dn_loss_iou: 0.2376  d1.dn_loss_cls: 0.0033  d1.dn_loss_bbox: 0.0667  d1.dn_loss_iou: 0.1908  d2.dn_loss_cls: 0.0022  d2.dn_loss_bbox: 0.0642  d2.dn_loss_iou: 0.1835  d3.dn_loss_cls: 0.0016  d3.dn_loss_bbox: 0.0640  d3.dn_loss_iou: 0.1821  d4.dn_loss_cls: 0.0014  d4.dn_loss_bbox: 0.0639  d4.dn_loss_iou: 0.1816  contr_loss: 0.9439
08/07 16:24:15 - mmengine - INFO - Epoch(train) [25][600/698]  base_lr: 1.0000e-05 lr: 1.0000e-05  eta: 1:30:31  time: 1.0883  data_time: 0.0090  memory: 10597  grad_norm: 35.7285  loss: 5.1706  loss_cls: 0.0512  loss_bbox: 0.0528  loss_iou: 0.2595  d0.loss_cls: 0.0633  d0.loss_bbox: 0.0573  d0.loss_iou: 0.2661  d1.loss_cls: 0.0586  d1.loss_bbox: 0.0539  d1.loss_iou: 0.2620  d2.loss_cls: 0.0543  d2.loss_bbox: 0.0536  d2.loss_iou: 0.2630  d3.loss_cls: 0.0522  d3.loss_bbox: 0.0533  d3.loss_iou: 0.2611  d4.loss_cls: 0.0517  d4.loss_bbox: 0.0526  d4.loss_iou: 0.2591  enc_loss_cls: 0.0788  enc_loss_bbox: 0.0610  enc_loss_iou: 0.2743  dn_loss_cls: 0.0026  dn_loss_bbox: 0.0645  dn_loss_iou: 0.1896  d0.dn_loss_cls: 0.0155  d0.dn_loss_bbox: 0.0990  d0.dn_loss_iou: 0.2567  d1.dn_loss_cls: 0.0047  d1.dn_loss_bbox: 0.0697  d1.dn_loss_iou: 0.2035  d2.dn_loss_cls: 0.0033  d2.dn_loss_bbox: 0.0659  d2.dn_loss_iou: 0.1932  d3.dn_loss_cls: 0.0029  d3.dn_loss_bbox: 0.0647  d3.dn_loss_iou: 0.1904  d4.dn_loss_cls: 0.0027  d4.dn_loss_bbox: 0.0645  d4.dn_loss_iou: 0.1896  contr_loss: 0.8477
08/07 16:25:09 - mmengine - INFO - Epoch(train) [25][650/698]  base_lr: 1.0000e-05 lr: 1.0000e-05  eta: 1:29:36  time: 1.0847  data_time: 0.0090  memory: 9925  grad_norm: 37.0973  loss: 5.1833  loss_cls: 0.0403  loss_bbox: 0.0642  loss_iou: 0.3022  d0.loss_cls: 0.0509  d0.loss_bbox: 0.0692  d0.loss_iou: 0.3135  d1.loss_cls: 0.0445  d1.loss_bbox: 0.0674  d1.loss_iou: 0.3077  d2.loss_cls: 0.0428  d2.loss_bbox: 0.0647  d2.loss_iou: 0.3036  d3.loss_cls: 0.0424  d3.loss_bbox: 0.0647  d3.loss_iou: 0.3027  d4.loss_cls: 0.0406  d4.loss_bbox: 0.0643  d4.loss_iou: 0.3025  enc_loss_cls: 0.0630  enc_loss_bbox: 0.0759  enc_loss_iou: 0.3259  dn_loss_cls: 0.0012  dn_loss_bbox: 0.0677  dn_loss_iou: 0.1958  d0.dn_loss_cls: 0.0111  d0.dn_loss_bbox: 0.0931  d0.dn_loss_iou: 0.2581  d1.dn_loss_cls: 0.0022  d1.dn_loss_bbox: 0.0720  d1.dn_loss_iou: 0.2078  d2.dn_loss_cls: 0.0016  d2.dn_loss_bbox: 0.0685  d2.dn_loss_iou: 0.1973  d3.dn_loss_cls: 0.0013  d3.dn_loss_bbox: 0.0686  d3.dn_loss_iou: 0.1966  d4.dn_loss_cls: 0.0012  d4.dn_loss_bbox: 0.0677  d4.dn_loss_iou: 0.1958  contr_loss: 0.5226
08/07 16:26:02 - mmengine - INFO - Exp name: lae_dino_swin-t_finetune_DIOR_20260807_105315
08/07 16:26:02 - mmengine - INFO - Saving checkpoint at 25 epochs
08/07 16:26:14 - mmengine - INFO - Epoch(val) [25][ 50/147]    eta: 0:00:09  time: 0.1025  data_time: 0.0024  memory: 10313  
08/07 16:26:19 - mmengine - INFO - Epoch(val) [25][100/147]    eta: 0:00:04  time: 0.1007  data_time: 0.0020  memory: 3800  
08/07 16:26:26 - mmengine - INFO - Evaluating bbox...
Loading and preparing results...
DONE (t=0.40s)
creating index...
index created!
Running per image evaluation...
Evaluate annotation type *bbox*
DONE (t=8.35s).
Accumulating evaluation results...
DONE (t=3.11s).
 Average Precision  (AP) @[ IoU=0.50:0.95 | area=   all | maxDets=100 ] = 0.741
 Average Precision  (AP) @[ IoU=0.50      | area=   all | maxDets=1000 ] = 0.913
 Average Precision  (AP) @[ IoU=0.75      | area=   all | maxDets=1000 ] = 0.810
 Average Precision  (AP) @[ IoU=0.50:0.95 | area= small | maxDets=1000 ] = 0.266
 Average Precision  (AP) @[ IoU=0.50:0.95 | area=medium | maxDets=1000 ] = 0.633
 Average Precision  (AP) @[ IoU=0.50:0.95 | area= large | maxDets=1000 ] = 0.850
 Average Recall     (AR) @[ IoU=0.50:0.95 | area=   all | maxDets=100 ] = 0.839
 Average Recall     (AR) @[ IoU=0.50:0.95 | area=   all | maxDets=300 ] = 0.844
 Average Recall     (AR) @[ IoU=0.50:0.95 | area=   all | maxDets=1000 ] = 0.844
 Average Recall     (AR) @[ IoU=0.50:0.95 | area= small | maxDets=1000 ] = 0.442
 Average Recall     (AR) @[ IoU=0.50:0.95 | area=medium | maxDets=1000 ] = 0.785
 Average Recall     (AR) @[ IoU=0.50:0.95 | area= large | maxDets=1000 ] = 0.921
08/07 16:26:39 - mmengine - INFO - bbox_mAP_copypaste: 0.741 0.913 0.810 0.266 0.633 0.850
================DIOR/coco================
08/07 16:26:39 - mmengine - INFO - Epoch(val) [25][147/147]    DIOR/coco/bbox_mAP: 0.7410  DIOR/coco/bbox_mAP_50: 0.9130  DIOR/coco/bbox_mAP_75: 0.8100  DIOR/coco/bbox_mAP_s: 0.2660  DIOR/coco/bbox_mAP_m: 0.6330  DIOR/coco/bbox_mAP_l: 0.8500  data_time: 0.0021  time: 0.1008
08/07 16:27:34 - mmengine - INFO - Epoch(train) [26][ 50/698]  base_lr: 1.0000e-05 lr: 1.0000e-05  eta: 1:27:50  time: 1.1015  data_time: 0.0158  memory: 10147  grad_norm: 35.0982  loss: 5.4156  loss_cls: 0.0481  loss_bbox: 0.0561  loss_iou: 0.2969  d0.loss_cls: 0.0631  d0.loss_bbox: 0.0602  d0.loss_iou: 0.3070  d1.loss_cls: 0.0545  d1.loss_bbox: 0.0587  d1.loss_iou: 0.3024  d2.loss_cls: 0.0508  d2.loss_bbox: 0.0579  d2.loss_iou: 0.3023  d3.loss_cls: 0.0502  d3.loss_bbox: 0.0565  d3.loss_iou: 0.2972  d4.loss_cls: 0.0481  d4.loss_bbox: 0.0561  d4.loss_iou: 0.2969  enc_loss_cls: 0.0752  enc_loss_bbox: 0.0684  enc_loss_iou: 0.3210  dn_loss_cls: 0.0042  dn_loss_bbox: 0.0552  dn_loss_iou: 0.1993  d0.dn_loss_cls: 0.0202  d0.dn_loss_bbox: 0.0869  d0.dn_loss_iou: 0.2637  d1.dn_loss_cls: 0.0068  d1.dn_loss_bbox: 0.0594  d1.dn_loss_iou: 0.2120  d2.dn_loss_cls: 0.0044  d2.dn_loss_bbox: 0.0561  d2.dn_loss_iou: 0.2013  d3.dn_loss_cls: 0.0041  d3.dn_loss_bbox: 0.0556  d3.dn_loss_iou: 0.2002  d4.dn_loss_cls: 0.0042  d4.dn_loss_bbox: 0.0552  d4.dn_loss_iou: 0.1992  contr_loss: 0.7998
08/07 16:28:28 - mmengine - INFO - Epoch(train) [26][100/698]  base_lr: 1.0000e-05 lr: 1.0000e-05  eta: 1:26:55  time: 1.0856  data_time: 0.0098  memory: 10147  grad_norm: 40.4357  loss: 5.2025  loss_cls: 0.0442  loss_bbox: 0.0575  loss_iou: 0.2587  d0.loss_cls: 0.0627  d0.loss_bbox: 0.0600  d0.loss_iou: 0.2633  d1.loss_cls: 0.0544  d1.loss_bbox: 0.0581  d1.loss_iou: 0.2613  d2.loss_cls: 0.0547  d2.loss_bbox: 0.0576  d2.loss_iou: 0.2585  d3.loss_cls: 0.0539  d3.loss_bbox: 0.0565  d3.loss_iou: 0.2560  d4.loss_cls: 0.0442  d4.loss_bbox: 0.0575  d4.loss_iou: 0.2587  enc_loss_cls: 0.0761  enc_loss_bbox: 0.0662  enc_loss_iou: 0.2759  dn_loss_cls: 0.0012  dn_loss_bbox: 0.0623  dn_loss_iou: 0.1933  d0.dn_loss_cls: 0.0133  d0.dn_loss_bbox: 0.0889  d0.dn_loss_iou: 0.2527  d1.dn_loss_cls: 0.0025  d1.dn_loss_bbox: 0.0669  d1.dn_loss_iou: 0.2052  d2.dn_loss_cls: 0.0015  d2.dn_loss_bbox: 0.0639  d2.dn_loss_iou: 0.1961  d3.dn_loss_cls: 0.0012  d3.dn_loss_bbox: 0.0628  d3.dn_loss_iou: 0.1942  d4.dn_loss_cls: 0.0012  d4.dn_loss_bbox: 0.0623  d4.dn_loss_iou: 0.1933  contr_loss: 0.9038
08/07 16:29:23 - mmengine - INFO - Epoch(train) [26][150/698]  base_lr: 1.0000e-05 lr: 1.0000e-05  eta: 1:26:01  time: 1.0890  data_time: 0.0090  memory: 10130  grad_norm: 39.9642  loss: 4.8093  loss_cls: 0.0425  loss_bbox: 0.0542  loss_iou: 0.2180  d0.loss_cls: 0.0492  d0.loss_bbox: 0.0582  d0.loss_iou: 0.2243  d1.loss_cls: 0.0467  d1.loss_bbox: 0.0560  d1.loss_iou: 0.2174  d2.loss_cls: 0.0454  d2.loss_bbox: 0.0550  d2.loss_iou: 0.2184  d3.loss_cls: 0.0441  d3.loss_bbox: 0.0534  d3.loss_iou: 0.2164  d4.loss_cls: 0.0430  d4.loss_bbox: 0.0543  d4.loss_iou: 0.2178  enc_loss_cls: 0.0616  enc_loss_bbox: 0.0670  enc_loss_iou: 0.2380  dn_loss_cls: 0.0025  dn_loss_bbox: 0.0733  dn_loss_iou: 0.1775  d0.dn_loss_cls: 0.0130  d0.dn_loss_bbox: 0.1073  d0.dn_loss_iou: 0.2322  d1.dn_loss_cls: 0.0033  d1.dn_loss_bbox: 0.0779  d1.dn_loss_iou: 0.1861  d2.dn_loss_cls: 0.0028  d2.dn_loss_bbox: 0.0748  d2.dn_loss_iou: 0.1794  d3.dn_loss_cls: 0.0028  d3.dn_loss_bbox: 0.0738  d3.dn_loss_iou: 0.1781  d4.dn_loss_cls: 0.0027  d4.dn_loss_bbox: 0.0734  d4.dn_loss_iou: 0.1776  contr_loss: 0.8897
08/07 16:30:18 - mmengine - INFO - Epoch(train) [26][200/698]  base_lr: 1.0000e-05 lr: 1.0000e-05  eta: 1:25:06  time: 1.0990  data_time: 0.0093  memory: 10614  grad_norm: 41.2394  loss: 5.1285  loss_cls: 0.0498  loss_bbox: 0.0606  loss_iou: 0.2823  d0.loss_cls: 0.0628  d0.loss_bbox: 0.0630  d0.loss_iou: 0.2905  d1.loss_cls: 0.0551  d1.loss_bbox: 0.0614  d1.loss_iou: 0.2870  d2.loss_cls: 0.0546  d2.loss_bbox: 0.0605  d2.loss_iou: 0.2854  d3.loss_cls: 0.0505  d3.loss_bbox: 0.0605  d3.loss_iou: 0.2848  d4.loss_cls: 0.0502  d4.loss_bbox: 0.0606  d4.loss_iou: 0.2827  enc_loss_cls: 0.0738  enc_loss_bbox: 0.0662  enc_loss_iou: 0.3003  dn_loss_cls: 0.0023  dn_loss_bbox: 0.0556  dn_loss_iou: 0.1798  d0.dn_loss_cls: 0.0149  d0.dn_loss_bbox: 0.0851  d0.dn_loss_iou: 0.2403  d1.dn_loss_cls: 0.0039  d1.dn_loss_bbox: 0.0605  d1.dn_loss_iou: 0.1911  d2.dn_loss_cls: 0.0030  d2.dn_loss_bbox: 0.0573  d2.dn_loss_iou: 0.1831  d3.dn_loss_cls: 0.0024  d3.dn_loss_bbox: 0.0561  d3.dn_loss_iou: 0.1805  d4.dn_loss_cls: 0.0023  d4.dn_loss_bbox: 0.0556  d4.dn_loss_iou: 0.1800  contr_loss: 0.7320
08/07 16:31:12 - mmengine - INFO - Epoch(train) [26][250/698]  base_lr: 1.0000e-05 lr: 1.0000e-05  eta: 1:24:12  time: 1.0797  data_time: 0.0100  memory: 10036  grad_norm: 43.8859  loss: 5.1725  loss_cls: 0.0399  loss_bbox: 0.0606  loss_iou: 0.2664  d0.loss_cls: 0.0496  d0.loss_bbox: 0.0631  d0.loss_iou: 0.2737  d1.loss_cls: 0.0432  d1.loss_bbox: 0.0615  d1.loss_iou: 0.2701  d2.loss_cls: 0.0418  d2.loss_bbox: 0.0610  d2.loss_iou: 0.2697  d3.loss_cls: 0.0404  d3.loss_bbox: 0.0609  d3.loss_iou: 0.2675  d4.loss_cls: 0.0404  d4.loss_bbox: 0.0606  d4.loss_iou: 0.2664  enc_loss_cls: 0.0619  enc_loss_bbox: 0.0678  enc_loss_iou: 0.2840  dn_loss_cls: 0.0017  dn_loss_bbox: 0.0633  dn_loss_iou: 0.1834  d0.dn_loss_cls: 0.0161  d0.dn_loss_bbox: 0.0899  d0.dn_loss_iou: 0.2434  d1.dn_loss_cls: 0.0036  d1.dn_loss_bbox: 0.0664  d1.dn_loss_iou: 0.1934  d2.dn_loss_cls: 0.0025  d2.dn_loss_bbox: 0.0634  d2.dn_loss_iou: 0.1849  d3.dn_loss_cls: 0.0018  d3.dn_loss_bbox: 0.0632  d3.dn_loss_iou: 0.1841  d4.dn_loss_cls: 0.0017  d4.dn_loss_bbox: 0.0634  d4.dn_loss_iou: 0.1835  contr_loss: 0.9119
08/07 16:32:06 - mmengine - INFO - Epoch(train) [26][300/698]  base_lr: 1.0000e-05 lr: 1.0000e-05  eta: 1:23:17  time: 1.0863  data_time: 0.0087  memory: 9676  grad_norm: 38.0295  loss: 4.6658  loss_cls: 0.0386  loss_bbox: 0.0512  loss_iou: 0.2002  d0.loss_cls: 0.0490  d0.loss_bbox: 0.0540  d0.loss_iou: 0.2045  d1.loss_cls: 0.0444  d1.loss_bbox: 0.0525  d1.loss_iou: 0.2012  d2.loss_cls: 0.0417  d2.loss_bbox: 0.0515  d2.loss_iou: 0.1995  d3.loss_cls: 0.0401  d3.loss_bbox: 0.0521  d3.loss_iou: 0.2001  d4.loss_cls: 0.0395  d4.loss_bbox: 0.0514  d4.loss_iou: 0.2003  enc_loss_cls: 0.0565  enc_loss_bbox: 0.0613  enc_loss_iou: 0.2181  dn_loss_cls: 0.0044  dn_loss_bbox: 0.0635  dn_loss_iou: 0.1861  d0.dn_loss_cls: 0.0164  d0.dn_loss_bbox: 0.0930  d0.dn_loss_iou: 0.2500  d1.dn_loss_cls: 0.0052  d1.dn_loss_bbox: 0.0685  d1.dn_loss_iou: 0.1989  d2.dn_loss_cls: 0.0046  d2.dn_loss_bbox: 0.0643  d2.dn_loss_iou: 0.1880  d3.dn_loss_cls: 0.0044  d3.dn_loss_bbox: 0.0636  d3.dn_loss_iou: 0.1860  d4.dn_loss_cls: 0.0047  d4.dn_loss_bbox: 0.0636  d4.dn_loss_iou: 0.1860  contr_loss: 0.9067
08/07 16:33:00 - mmengine - INFO - Epoch(train) [26][350/698]  base_lr: 1.0000e-05 lr: 1.0000e-05  eta: 1:22:23  time: 1.0853  data_time: 0.0099  memory: 10444  grad_norm: 36.6355  loss: 5.1863  loss_cls: 0.0535  loss_bbox: 0.0644  loss_iou: 0.2467  d0.loss_cls: 0.0642  d0.loss_bbox: 0.0644  d0.loss_iou: 0.2513  d1.loss_cls: 0.0617  d1.loss_bbox: 0.0597  d1.loss_iou: 0.2475  d2.loss_cls: 0.0631  d2.loss_bbox: 0.0590  d2.loss_iou: 0.2442  d3.loss_cls: 0.0565  d3.loss_bbox: 0.0636  d3.loss_iou: 0.2462  d4.loss_cls: 0.0537  d4.loss_bbox: 0.0644  d4.loss_iou: 0.2464  enc_loss_cls: 0.0741  enc_loss_bbox: 0.0752  enc_loss_iou: 0.2622  dn_loss_cls: 0.0024  dn_loss_bbox: 0.0753  dn_loss_iou: 0.1949  d0.dn_loss_cls: 0.0144  d0.dn_loss_bbox: 0.1072  d0.dn_loss_iou: 0.2559  d1.dn_loss_cls: 0.0043  d1.dn_loss_bbox: 0.0811  d1.dn_loss_iou: 0.2062  d2.dn_loss_cls: 0.0030  d2.dn_loss_bbox: 0.0776  d2.dn_loss_iou: 0.1977  d3.dn_loss_cls: 0.0025  d3.dn_loss_bbox: 0.0757  d3.dn_loss_iou: 0.1953  d4.dn_loss_cls: 0.0024  d4.dn_loss_bbox: 0.0754  d4.dn_loss_iou: 0.1949  contr_loss: 0.7982
08/07 16:33:56 - mmengine - INFO - Epoch(train) [26][400/698]  base_lr: 1.0000e-05 lr: 1.0000e-05  eta: 1:21:28  time: 1.1047  data_time: 0.0094  memory: 10419  grad_norm: 41.5296  loss: 5.1354  loss_cls: 0.0393  loss_bbox: 0.0563  loss_iou: 0.2486  d0.loss_cls: 0.0525  d0.loss_bbox: 0.0609  d0.loss_iou: 0.2551  d1.loss_cls: 0.0459  d1.loss_bbox: 0.0592  d1.loss_iou: 0.2526  d2.loss_cls: 0.0434  d2.loss_bbox: 0.0570  d2.loss_iou: 0.2506  d3.loss_cls: 0.0418  d3.loss_bbox: 0.0563  d3.loss_iou: 0.2490  d4.loss_cls: 0.0397  d4.loss_bbox: 0.0562  d4.loss_iou: 0.2485  enc_loss_cls: 0.0652  enc_loss_bbox: 0.0678  enc_loss_iou: 0.2697  dn_loss_cls: 0.0016  dn_loss_bbox: 0.0643  dn_loss_iou: 0.1779  d0.dn_loss_cls: 0.0140  d0.dn_loss_bbox: 0.0964  d0.dn_loss_iou: 0.2377  d1.dn_loss_cls: 0.0032  d1.dn_loss_bbox: 0.0690  d1.dn_loss_iou: 0.1881  d2.dn_loss_cls: 0.0025  d2.dn_loss_bbox: 0.0652  d2.dn_loss_iou: 0.1797  d3.dn_loss_cls: 0.0019  d3.dn_loss_bbox: 0.0643  d3.dn_loss_iou: 0.1777  d4.dn_loss_cls: 0.0016  d4.dn_loss_bbox: 0.0643  d4.dn_loss_iou: 0.1779  contr_loss: 1.0325
08/07 16:34:51 - mmengine - INFO - Epoch(train) [26][450/698]  base_lr: 1.0000e-05 lr: 1.0000e-05  eta: 1:20:34  time: 1.0967  data_time: 0.0094  memory: 10642  grad_norm: 50.4169  loss: 5.6816  loss_cls: 0.0484  loss_bbox: 0.0661  loss_iou: 0.3519  d0.loss_cls: 0.0611  d0.loss_bbox: 0.0701  d0.loss_iou: 0.3695  d1.loss_cls: 0.0566  d1.loss_bbox: 0.0675  d1.loss_iou: 0.3569  d2.loss_cls: 0.0540  d2.loss_bbox: 0.0661  d2.loss_iou: 0.3510  d3.loss_cls: 0.0508  d3.loss_bbox: 0.0663  d3.loss_iou: 0.3527  d4.loss_cls: 0.0486  d4.loss_bbox: 0.0662  d4.loss_iou: 0.3519  enc_loss_cls: 0.0736  enc_loss_bbox: 0.0784  enc_loss_iou: 0.3816  dn_loss_cls: 0.0029  dn_loss_bbox: 0.0540  dn_loss_iou: 0.1943  d0.dn_loss_cls: 0.0144  d0.dn_loss_bbox: 0.0821  d0.dn_loss_iou: 0.2586  d1.dn_loss_cls: 0.0050  d1.dn_loss_bbox: 0.0586  d1.dn_loss_iou: 0.2082  d2.dn_loss_cls: 0.0040  d2.dn_loss_bbox: 0.0553  d2.dn_loss_iou: 0.1975  d3.dn_loss_cls: 0.0033  d3.dn_loss_bbox: 0.0542  d3.dn_loss_iou: 0.1955  d4.dn_loss_cls: 0.0031  d4.dn_loss_bbox: 0.0540  d4.dn_loss_iou: 0.1943  contr_loss: 0.6530
08/07 16:35:45 - mmengine - INFO - Epoch(train) [26][500/698]  base_lr: 1.0000e-05 lr: 1.0000e-05  eta: 1:19:39  time: 1.0858  data_time: 0.0088  memory: 9937  grad_norm: 37.8129  loss: 4.9440  loss_cls: 0.0409  loss_bbox: 0.0548  loss_iou: 0.2411  d0.loss_cls: 0.0486  d0.loss_bbox: 0.0592  d0.loss_iou: 0.2518  d1.loss_cls: 0.0411  d1.loss_bbox: 0.0576  d1.loss_iou: 0.2492  d2.loss_cls: 0.0398  d2.loss_bbox: 0.0561  d2.loss_iou: 0.2459  d3.loss_cls: 0.0403  d3.loss_bbox: 0.0556  d3.loss_iou: 0.2444  d4.loss_cls: 0.0409  d4.loss_bbox: 0.0549  d4.loss_iou: 0.2411  enc_loss_cls: 0.0615  enc_loss_bbox: 0.0672  enc_loss_iou: 0.2684  dn_loss_cls: 0.0011  dn_loss_bbox: 0.0575  dn_loss_iou: 0.1806  d0.dn_loss_cls: 0.0130  d0.dn_loss_bbox: 0.0845  d0.dn_loss_iou: 0.2369  d1.dn_loss_cls: 0.0030  d1.dn_loss_bbox: 0.0620  d1.dn_loss_iou: 0.1905  d2.dn_loss_cls: 0.0018  d2.dn_loss_bbox: 0.0589  d2.dn_loss_iou: 0.1829  d3.dn_loss_cls: 0.0013  d3.dn_loss_bbox: 0.0577  d3.dn_loss_iou: 0.1813  d4.dn_loss_cls: 0.0011  d4.dn_loss_bbox: 0.0576  d4.dn_loss_iou: 0.1806  contr_loss: 0.9312
08/07 16:36:40 - mmengine - INFO - Exp name: lae_dino_swin-t_finetune_DIOR_20260807_105315
08/07 16:36:40 - mmengine - INFO - Epoch(train) [26][550/698]  base_lr: 1.0000e-05 lr: 1.0000e-05  eta: 1:18:45  time: 1.1007  data_time: 0.0091  memory: 10321  grad_norm: 34.6000  loss: 5.1073  loss_cls: 0.0433  loss_bbox: 0.0575  loss_iou: 0.2535  d0.loss_cls: 0.0587  d0.loss_bbox: 0.0606  d0.loss_iou: 0.2614  d1.loss_cls: 0.0503  d1.loss_bbox: 0.0586  d1.loss_iou: 0.2575  d2.loss_cls: 0.0477  d2.loss_bbox: 0.0573  d2.loss_iou: 0.2555  d3.loss_cls: 0.0441  d3.loss_bbox: 0.0578  d3.loss_iou: 0.2549  d4.loss_cls: 0.0435  d4.loss_bbox: 0.0575  d4.loss_iou: 0.2538  enc_loss_cls: 0.0728  enc_loss_bbox: 0.0657  enc_loss_iou: 0.2764  dn_loss_cls: 0.0017  dn_loss_bbox: 0.0647  dn_loss_iou: 0.1774  d0.dn_loss_cls: 0.0154  d0.dn_loss_bbox: 0.1018  d0.dn_loss_iou: 0.2422  d1.dn_loss_cls: 0.0036  d1.dn_loss_bbox: 0.0714  d1.dn_loss_iou: 0.1898  d2.dn_loss_cls: 0.0024  d2.dn_loss_bbox: 0.0668  d2.dn_loss_iou: 0.1808  d3.dn_loss_cls: 0.0018  d3.dn_loss_bbox: 0.0652  d3.dn_loss_iou: 0.1783  d4.dn_loss_cls: 0.0016  d4.dn_loss_bbox: 0.0647  d4.dn_loss_iou: 0.1775  contr_loss: 0.9117
08/07 16:37:35 - mmengine - INFO - Epoch(train) [26][600/698]  base_lr: 1.0000e-05 lr: 1.0000e-05  eta: 1:17:50  time: 1.0940  data_time: 0.0095  memory: 10320  grad_norm: 35.7860  loss: 4.5635  loss_cls: 0.0452  loss_bbox: 0.0494  loss_iou: 0.2232  d0.loss_cls: 0.0574  d0.loss_bbox: 0.0515  d0.loss_iou: 0.2272  d1.loss_cls: 0.0478  d1.loss_bbox: 0.0508  d1.loss_iou: 0.2253  d2.loss_cls: 0.0453  d2.loss_bbox: 0.0500  d2.loss_iou: 0.2232  d3.loss_cls: 0.0459  d3.loss_bbox: 0.0496  d3.loss_iou: 0.2232  d4.loss_cls: 0.0465  d4.loss_bbox: 0.0495  d4.loss_iou: 0.2234  enc_loss_cls: 0.0623  enc_loss_bbox: 0.0565  enc_loss_iou: 0.2380  dn_loss_cls: 0.0011  dn_loss_bbox: 0.0593  dn_loss_iou: 0.1919  d0.dn_loss_cls: 0.0103  d0.dn_loss_bbox: 0.0818  d0.dn_loss_iou: 0.2439  d1.dn_loss_cls: 0.0025  d1.dn_loss_bbox: 0.0611  d1.dn_loss_iou: 0.1989  d2.dn_loss_cls: 0.0016  d2.dn_loss_bbox: 0.0597  d2.dn_loss_iou: 0.1932  d3.dn_loss_cls: 0.0012  d3.dn_loss_bbox: 0.0593  d3.dn_loss_iou: 0.1918  d4.dn_loss_cls: 0.0011  d4.dn_loss_bbox: 0.0593  d4.dn_loss_iou: 0.1919  contr_loss: 0.6625
08/07 16:38:29 - mmengine - INFO - Epoch(train) [26][650/698]  base_lr: 1.0000e-05 lr: 1.0000e-05  eta: 1:16:56  time: 1.0915  data_time: 0.0098  memory: 9868  grad_norm: 37.6873  loss: 4.5653  loss_cls: 0.0458  loss_bbox: 0.0553  loss_iou: 0.2291  d0.loss_cls: 0.0567  d0.loss_bbox: 0.0578  d0.loss_iou: 0.2341  d1.loss_cls: 0.0507  d1.loss_bbox: 0.0563  d1.loss_iou: 0.2311  d2.loss_cls: 0.0488  d2.loss_bbox: 0.0543  d2.loss_iou: 0.2294  d3.loss_cls: 0.0482  d3.loss_bbox: 0.0545  d3.loss_iou: 0.2285  d4.loss_cls: 0.0476  d4.loss_bbox: 0.0547  d4.loss_iou: 0.2283  enc_loss_cls: 0.0776  enc_loss_bbox: 0.0637  enc_loss_iou: 0.2466  dn_loss_cls: 0.0022  dn_loss_bbox: 0.0613  dn_loss_iou: 0.1736  d0.dn_loss_cls: 0.0174  d0.dn_loss_bbox: 0.0955  d0.dn_loss_iou: 0.2356  d1.dn_loss_cls: 0.0039  d1.dn_loss_bbox: 0.0659  d1.dn_loss_iou: 0.1839  d2.dn_loss_cls: 0.0025  d2.dn_loss_bbox: 0.0622  d2.dn_loss_iou: 0.1761  d3.dn_loss_cls: 0.0021  d3.dn_loss_bbox: 0.0618  d3.dn_loss_iou: 0.1747  d4.dn_loss_cls: 0.0022  d4.dn_loss_bbox: 0.0613  d4.dn_loss_iou: 0.1737  contr_loss: 0.6104
08/07 16:39:22 - mmengine - INFO - Exp name: lae_dino_swin-t_finetune_DIOR_20260807_105315
08/07 16:39:22 - mmengine - INFO - Saving checkpoint at 26 epochs
08/07 16:39:33 - mmengine - INFO - Epoch(val) [26][ 50/147]    eta: 0:00:09  time: 0.1025  data_time: 0.0025  memory: 10529  
08/07 16:39:38 - mmengine - INFO - Epoch(val) [26][100/147]    eta: 0:00:04  time: 0.1016  data_time: 0.0020  memory: 3800  
08/07 16:39:46 - mmengine - INFO - Evaluating bbox...
Loading and preparing results...
DONE (t=0.40s)
creating index...
index created!
Running per image evaluation...
Evaluate annotation type *bbox*
DONE (t=8.50s).
Accumulating evaluation results...
DONE (t=3.21s).
 Average Precision  (AP) @[ IoU=0.50:0.95 | area=   all | maxDets=100 ] = 0.740
 Average Precision  (AP) @[ IoU=0.50      | area=   all | maxDets=1000 ] = 0.915
 Average Precision  (AP) @[ IoU=0.75      | area=   all | maxDets=1000 ] = 0.806
 Average Precision  (AP) @[ IoU=0.50:0.95 | area= small | maxDets=1000 ] = 0.267
 Average Precision  (AP) @[ IoU=0.50:0.95 | area=medium | maxDets=1000 ] = 0.632
 Average Precision  (AP) @[ IoU=0.50:0.95 | area= large | maxDets=1000 ] = 0.846
 Average Recall     (AR) @[ IoU=0.50:0.95 | area=   all | maxDets=100 ] = 0.839
 Average Recall     (AR) @[ IoU=0.50:0.95 | area=   all | maxDets=300 ] = 0.844
 Average Recall     (AR) @[ IoU=0.50:0.95 | area=   all | maxDets=1000 ] = 0.844
 Average Recall     (AR) @[ IoU=0.50:0.95 | area= small | maxDets=1000 ] = 0.448
 Average Recall     (AR) @[ IoU=0.50:0.95 | area=medium | maxDets=1000 ] = 0.782
 Average Recall     (AR) @[ IoU=0.50:0.95 | area= large | maxDets=1000 ] = 0.919
08/07 16:39:59 - mmengine - INFO - bbox_mAP_copypaste: 0.740 0.915 0.806 0.267 0.632 0.846
================DIOR/coco================
08/07 16:39:59 - mmengine - INFO - Epoch(val) [26][147/147]    DIOR/coco/bbox_mAP: 0.7400  DIOR/coco/bbox_mAP_50: 0.9150  DIOR/coco/bbox_mAP_75: 0.8060  DIOR/coco/bbox_mAP_s: 0.2670  DIOR/coco/bbox_mAP_m: 0.6320  DIOR/coco/bbox_mAP_l: 0.8460  data_time: 0.0021  time: 0.1010
08/07 16:40:54 - mmengine - INFO - Epoch(train) [27][ 50/698]  base_lr: 1.0000e-05 lr: 1.0000e-05  eta: 1:15:09  time: 1.0957  data_time: 0.0161  memory: 10939  grad_norm: 36.8728  loss: 4.4622  loss_cls: 0.0344  loss_bbox: 0.0535  loss_iou: 0.2452  d0.loss_cls: 0.0489  d0.loss_bbox: 0.0574  d0.loss_iou: 0.2486  d1.loss_cls: 0.0420  d1.loss_bbox: 0.0541  d1.loss_iou: 0.2458  d2.loss_cls: 0.0396  d2.loss_bbox: 0.0539  d2.loss_iou: 0.2469  d3.loss_cls: 0.0365  d3.loss_bbox: 0.0538  d3.loss_iou: 0.2461  d4.loss_cls: 0.0343  d4.loss_bbox: 0.0537  d4.loss_iou: 0.2457  enc_loss_cls: 0.0604  enc_loss_bbox: 0.0632  enc_loss_iou: 0.2595  dn_loss_cls: 0.0031  dn_loss_bbox: 0.0538  dn_loss_iou: 0.1702  d0.dn_loss_cls: 0.0167  d0.dn_loss_bbox: 0.0802  d0.dn_loss_iou: 0.2234  d1.dn_loss_cls: 0.0055  d1.dn_loss_bbox: 0.0575  d1.dn_loss_iou: 0.1776  d2.dn_loss_cls: 0.0038  d2.dn_loss_bbox: 0.0544  d2.dn_loss_iou: 0.1718  d3.dn_loss_cls: 0.0033  d3.dn_loss_bbox: 0.0540  d3.dn_loss_iou: 0.1702  d4.dn_loss_cls: 0.0030  d4.dn_loss_bbox: 0.0540  d4.dn_loss_iou: 0.1703  contr_loss: 0.5656
08/07 16:41:48 - mmengine - INFO - Epoch(train) [27][100/698]  base_lr: 1.0000e-05 lr: 1.0000e-05  eta: 1:14:15  time: 1.0757  data_time: 0.0093  memory: 9707  grad_norm: 40.6741  loss: 5.2521  loss_cls: 0.0424  loss_bbox: 0.0604  loss_iou: 0.2321  d0.loss_cls: 0.0551  d0.loss_bbox: 0.0643  d0.loss_iou: 0.2399  d1.loss_cls: 0.0504  d1.loss_bbox: 0.0617  d1.loss_iou: 0.2375  d2.loss_cls: 0.0485  d2.loss_bbox: 0.0606  d2.loss_iou: 0.2342  d3.loss_cls: 0.0460  d3.loss_bbox: 0.0606  d3.loss_iou: 0.2333  d4.loss_cls: 0.0454  d4.loss_bbox: 0.0604  d4.loss_iou: 0.2321  enc_loss_cls: 0.0653  enc_loss_bbox: 0.0706  enc_loss_iou: 0.2525  dn_loss_cls: 0.0035  dn_loss_bbox: 0.0765  dn_loss_iou: 0.1912  d0.dn_loss_cls: 0.0161  d0.dn_loss_bbox: 0.1110  d0.dn_loss_iou: 0.2528  d1.dn_loss_cls: 0.0053  d1.dn_loss_bbox: 0.0838  d1.dn_loss_iou: 0.2028  d2.dn_loss_cls: 0.0043  d2.dn_loss_bbox: 0.0778  d2.dn_loss_iou: 0.1940  d3.dn_loss_cls: 0.0039  d3.dn_loss_bbox: 0.0769  d3.dn_loss_iou: 0.1918  d4.dn_loss_cls: 0.0036  d4.dn_loss_bbox: 0.0766  d4.dn_loss_iou: 0.1914  contr_loss: 1.0350
08/07 16:42:42 - mmengine - INFO - Epoch(train) [27][150/698]  base_lr: 1.0000e-05 lr: 1.0000e-05  eta: 1:13:20  time: 1.0842  data_time: 0.0094  memory: 9974  grad_norm: 35.8893  loss: 4.4650  loss_cls: 0.0327  loss_bbox: 0.0500  loss_iou: 0.2105  d0.loss_cls: 0.0410  d0.loss_bbox: 0.0517  d0.loss_iou: 0.2163  d1.loss_cls: 0.0365  d1.loss_bbox: 0.0511  d1.loss_iou: 0.2152  d2.loss_cls: 0.0348  d2.loss_bbox: 0.0505  d2.loss_iou: 0.2120  d3.loss_cls: 0.0340  d3.loss_bbox: 0.0502  d3.loss_iou: 0.2115  d4.loss_cls: 0.0329  d4.loss_bbox: 0.0500  d4.loss_iou: 0.2103  enc_loss_cls: 0.0528  enc_loss_bbox: 0.0579  enc_loss_iou: 0.2271  dn_loss_cls: 0.0016  dn_loss_bbox: 0.0600  dn_loss_iou: 0.1809  d0.dn_loss_cls: 0.0164  d0.dn_loss_bbox: 0.0906  d0.dn_loss_iou: 0.2474  d1.dn_loss_cls: 0.0032  d1.dn_loss_bbox: 0.0640  d1.dn_loss_iou: 0.1923  d2.dn_loss_cls: 0.0020  d2.dn_loss_bbox: 0.0606  d2.dn_loss_iou: 0.1837  d3.dn_loss_cls: 0.0017  d3.dn_loss_bbox: 0.0600  d3.dn_loss_iou: 0.1814  d4.dn_loss_cls: 0.0015  d4.dn_loss_bbox: 0.0600  d4.dn_loss_iou: 0.1809  contr_loss: 0.7481
08/07 16:43:35 - mmengine - INFO - Epoch(train) [27][200/698]  base_lr: 1.0000e-05 lr: 1.0000e-05  eta: 1:12:25  time: 1.0692  data_time: 0.0090  memory: 10032  grad_norm: 40.0510  loss: 4.9644  loss_cls: 0.0236  loss_bbox: 0.0533  loss_iou: 0.2349  d0.loss_cls: 0.0298  d0.loss_bbox: 0.0570  d0.loss_iou: 0.2409  d1.loss_cls: 0.0255  d1.loss_bbox: 0.0547  d1.loss_iou: 0.2383  d2.loss_cls: 0.0262  d2.loss_bbox: 0.0533  d2.loss_iou: 0.2365  d3.loss_cls: 0.0252  d3.loss_bbox: 0.0532  d3.loss_iou: 0.2353  d4.loss_cls: 0.0241  d4.loss_bbox: 0.0533  d4.loss_iou: 0.2349  enc_loss_cls: 0.0386  enc_loss_bbox: 0.0632  enc_loss_iou: 0.2518  dn_loss_cls: 0.0023  dn_loss_bbox: 0.0593  dn_loss_iou: 0.1675  d0.dn_loss_cls: 0.0128  d0.dn_loss_bbox: 0.0868  d0.dn_loss_iou: 0.2161  d1.dn_loss_cls: 0.0033  d1.dn_loss_bbox: 0.0639  d1.dn_loss_iou: 0.1752  d2.dn_loss_cls: 0.0025  d2.dn_loss_bbox: 0.0608  d2.dn_loss_iou: 0.1696  d3.dn_loss_cls: 0.0022  d3.dn_loss_bbox: 0.0593  d3.dn_loss_iou: 0.1680  d4.dn_loss_cls: 0.0022  d4.dn_loss_bbox: 0.0592  d4.dn_loss_iou: 0.1675  contr_loss: 1.2326
08/07 16:44:31 - mmengine - INFO - Epoch(train) [27][250/698]  base_lr: 1.0000e-05 lr: 1.0000e-05  eta: 1:11:31  time: 1.1182  data_time: 0.0092  memory: 9944  grad_norm: 41.5882  loss: 5.1885  loss_cls: 0.0370  loss_bbox: 0.0607  loss_iou: 0.2413  d0.loss_cls: 0.0472  d0.loss_bbox: 0.0644  d0.loss_iou: 0.2524  d1.loss_cls: 0.0432  d1.loss_bbox: 0.0623  d1.loss_iou: 0.2437  d2.loss_cls: 0.0413  d2.loss_bbox: 0.0608  d2.loss_iou: 0.2415  d3.loss_cls: 0.0373  d3.loss_bbox: 0.0608  d3.loss_iou: 0.2411  d4.loss_cls: 0.0374  d4.loss_bbox: 0.0607  d4.loss_iou: 0.2412  enc_loss_cls: 0.0630  enc_loss_bbox: 0.0686  enc_loss_iou: 0.2602  dn_loss_cls: 0.0010  dn_loss_bbox: 0.0637  dn_loss_iou: 0.1701  d0.dn_loss_cls: 0.0130  d0.dn_loss_bbox: 0.0947  d0.dn_loss_iou: 0.2299  d1.dn_loss_cls: 0.0027  d1.dn_loss_bbox: 0.0697  d1.dn_loss_iou: 0.1819  d2.dn_loss_cls: 0.0015  d2.dn_loss_bbox: 0.0654  d2.dn_loss_iou: 0.1731  d3.dn_loss_cls: 0.0011  d3.dn_loss_bbox: 0.0644  d3.dn_loss_iou: 0.1709  d4.dn_loss_cls: 0.0011  d4.dn_loss_bbox: 0.0637  d4.dn_loss_iou: 0.1703  contr_loss: 1.1840
08/07 16:45:26 - mmengine - INFO - Epoch(train) [27][300/698]  base_lr: 1.0000e-05 lr: 1.0000e-05  eta: 1:10:37  time: 1.0962  data_time: 0.0099  memory: 10039  grad_norm: 42.7368  loss: 5.0304  loss_cls: 0.0512  loss_bbox: 0.0579  loss_iou: 0.2711  d0.loss_cls: 0.0638  d0.loss_bbox: 0.0595  d0.loss_iou: 0.2780  d1.loss_cls: 0.0593  d1.loss_bbox: 0.0584  d1.loss_iou: 0.2724  d2.loss_cls: 0.0556  d2.loss_bbox: 0.0585  d2.loss_iou: 0.2749  d3.loss_cls: 0.0536  d3.loss_bbox: 0.0582  d3.loss_iou: 0.2743  d4.loss_cls: 0.0531  d4.loss_bbox: 0.0580  d4.loss_iou: 0.2711  enc_loss_cls: 0.0758  enc_loss_bbox: 0.0657  enc_loss_iou: 0.2926  dn_loss_cls: 0.0009  dn_loss_bbox: 0.0580  dn_loss_iou: 0.1822  d0.dn_loss_cls: 0.0117  d0.dn_loss_bbox: 0.0803  d0.dn_loss_iou: 0.2373  d1.dn_loss_cls: 0.0021  d1.dn_loss_bbox: 0.0609  d1.dn_loss_iou: 0.1918  d2.dn_loss_cls: 0.0013  d2.dn_loss_bbox: 0.0587  d2.dn_loss_iou: 0.1851  d3.dn_loss_cls: 0.0009  d3.dn_loss_bbox: 0.0579  d3.dn_loss_iou: 0.1831  d4.dn_loss_cls: 0.0009  d4.dn_loss_bbox: 0.0581  d4.dn_loss_iou: 0.1822  contr_loss: 0.7136
08/07 16:46:21 - mmengine - INFO - Epoch(train) [27][350/698]  base_lr: 1.0000e-05 lr: 1.0000e-05  eta: 1:09:42  time: 1.0985  data_time: 0.0089  memory: 9708  grad_norm: 36.0507  loss: 4.8881  loss_cls: 0.0480  loss_bbox: 0.0575  loss_iou: 0.2749  d0.loss_cls: 0.0567  d0.loss_bbox: 0.0614  d0.loss_iou: 0.2841  d1.loss_cls: 0.0515  d1.loss_bbox: 0.0598  d1.loss_iou: 0.2788  d2.loss_cls: 0.0513  d2.loss_bbox: 0.0585  d2.loss_iou: 0.2761  d3.loss_cls: 0.0509  d3.loss_bbox: 0.0575  d3.loss_iou: 0.2747  d4.loss_cls: 0.0481  d4.loss_bbox: 0.0577  d4.loss_iou: 0.2755  enc_loss_cls: 0.0649  enc_loss_bbox: 0.0686  enc_loss_iou: 0.3007  dn_loss_cls: 0.0010  dn_loss_bbox: 0.0559  dn_loss_iou: 0.1703  d0.dn_loss_cls: 0.0102  d0.dn_loss_bbox: 0.0801  d0.dn_loss_iou: 0.2189  d1.dn_loss_cls: 0.0021  d1.dn_loss_bbox: 0.0592  d1.dn_loss_iou: 0.1809  d2.dn_loss_cls: 0.0014  d2.dn_loss_bbox: 0.0566  d2.dn_loss_iou: 0.1731  d3.dn_loss_cls: 0.0010  d3.dn_loss_bbox: 0.0562  d3.dn_loss_iou: 0.1714  d4.dn_loss_cls: 0.0010  d4.dn_loss_bbox: 0.0559  d4.dn_loss_iou: 0.1703  contr_loss: 0.6651
08/07 16:47:15 - mmengine - INFO - Epoch(train) [27][400/698]  base_lr: 1.0000e-05 lr: 1.0000e-05  eta: 1:08:48  time: 1.0848  data_time: 0.0089  memory: 9998  grad_norm: 35.5555  loss: 5.6223  loss_cls: 0.0510  loss_bbox: 0.0616  loss_iou: 0.2704  d0.loss_cls: 0.0607  d0.loss_bbox: 0.0661  d0.loss_iou: 0.2796  d1.loss_cls: 0.0561  d1.loss_bbox: 0.0648  d1.loss_iou: 0.2781  d2.loss_cls: 0.0557  d2.loss_bbox: 0.0630  d2.loss_iou: 0.2762  d3.loss_cls: 0.0543  d3.loss_bbox: 0.0621  d3.loss_iou: 0.2724  d4.loss_cls: 0.0517  d4.loss_bbox: 0.0616  d4.loss_iou: 0.2708  enc_loss_cls: 0.0732  enc_loss_bbox: 0.0728  enc_loss_iou: 0.2922  dn_loss_cls: 0.0013  dn_loss_bbox: 0.0648  dn_loss_iou: 0.1885  d0.dn_loss_cls: 0.0123  d0.dn_loss_bbox: 0.0968  d0.dn_loss_iou: 0.2450  d1.dn_loss_cls: 0.0028  d1.dn_loss_bbox: 0.0707  d1.dn_loss_iou: 0.2009  d2.dn_loss_cls: 0.0018  d2.dn_loss_bbox: 0.0663  d2.dn_loss_iou: 0.1921  d3.dn_loss_cls: 0.0014  d3.dn_loss_bbox: 0.0650  d3.dn_loss_iou: 0.1894  d4.dn_loss_cls: 0.0013  d4.dn_loss_bbox: 0.0648  d4.dn_loss_iou: 0.1887  contr_loss: 1.1741
08/07 16:48:10 - mmengine - INFO - Epoch(train) [27][450/698]  base_lr: 1.0000e-05 lr: 1.0000e-05  eta: 1:07:53  time: 1.0865  data_time: 0.0092  memory: 10309  grad_norm: 35.5370  loss: 4.9489  loss_cls: 0.0430  loss_bbox: 0.0597  loss_iou: 0.2427  d0.loss_cls: 0.0509  d0.loss_bbox: 0.0633  d0.loss_iou: 0.2498  d1.loss_cls: 0.0463  d1.loss_bbox: 0.0614  d1.loss_iou: 0.2473  d2.loss_cls: 0.0460  d2.loss_bbox: 0.0610  d2.loss_iou: 0.2433  d3.loss_cls: 0.0463  d3.loss_bbox: 0.0601  d3.loss_iou: 0.2424  d4.loss_cls: 0.0421  d4.loss_bbox: 0.0597  d4.loss_iou: 0.2426  enc_loss_cls: 0.0644  enc_loss_bbox: 0.0712  enc_loss_iou: 0.2626  dn_loss_cls: 0.0017  dn_loss_bbox: 0.0692  dn_loss_iou: 0.1790  d0.dn_loss_cls: 0.0122  d0.dn_loss_bbox: 0.1052  d0.dn_loss_iou: 0.2410  d1.dn_loss_cls: 0.0027  d1.dn_loss_bbox: 0.0772  d1.dn_loss_iou: 0.1908  d2.dn_loss_cls: 0.0021  d2.dn_loss_bbox: 0.0725  d2.dn_loss_iou: 0.1826  d3.dn_loss_cls: 0.0018  d3.dn_loss_bbox: 0.0700  d3.dn_loss_iou: 0.1799  d4.dn_loss_cls: 0.0017  d4.dn_loss_bbox: 0.0692  d4.dn_loss_iou: 0.1791  contr_loss: 0.8051
08/07 16:49:05 - mmengine - INFO - Epoch(train) [27][500/698]  base_lr: 1.0000e-05 lr: 1.0000e-05  eta: 1:06:59  time: 1.1029  data_time: 0.0088  memory: 9809  grad_norm: 36.1123  loss: 4.7611  loss_cls: 0.0347  loss_bbox: 0.0579  loss_iou: 0.2496  d0.loss_cls: 0.0384  d0.loss_bbox: 0.0620  d0.loss_iou: 0.2606  d1.loss_cls: 0.0342  d1.loss_bbox: 0.0593  d1.loss_iou: 0.2553  d2.loss_cls: 0.0347  d2.loss_bbox: 0.0577  d2.loss_iou: 0.2500  d3.loss_cls: 0.0341  d3.loss_bbox: 0.0578  d3.loss_iou: 0.2498  d4.loss_cls: 0.0350  d4.loss_bbox: 0.0578  d4.loss_iou: 0.2502  enc_loss_cls: 0.0493  enc_loss_bbox: 0.0681  enc_loss_iou: 0.2698  dn_loss_cls: 0.0016  dn_loss_bbox: 0.0576  dn_loss_iou: 0.1588  d0.dn_loss_cls: 0.0106  d0.dn_loss_bbox: 0.0838  d0.dn_loss_iou: 0.2133  d1.dn_loss_cls: 0.0026  d1.dn_loss_bbox: 0.0621  d1.dn_loss_iou: 0.1686  d2.dn_loss_cls: 0.0017  d2.dn_loss_bbox: 0.0590  d2.dn_loss_iou: 0.1615  d3.dn_loss_cls: 0.0017  d3.dn_loss_bbox: 0.0582  d3.dn_loss_iou: 0.1597  d4.dn_loss_cls: 0.0016  d4.dn_loss_bbox: 0.0576  d4.dn_loss_iou: 0.1589  contr_loss: 0.8757
08/07 16:50:00 - mmengine - INFO - Epoch(train) [27][550/698]  base_lr: 1.0000e-05 lr: 1.0000e-05  eta: 1:06:05  time: 1.0971  data_time: 0.0094  memory: 9917  grad_norm: 40.0565  loss: 5.0136  loss_cls: 0.0409  loss_bbox: 0.0528  loss_iou: 0.2090  d0.loss_cls: 0.0541  d0.loss_bbox: 0.0580  d0.loss_iou: 0.2151  d1.loss_cls: 0.0475  d1.loss_bbox: 0.0540  d1.loss_iou: 0.2121  d2.loss_cls: 0.0435  d2.loss_bbox: 0.0535  d2.loss_iou: 0.2106  d3.loss_cls: 0.0428  d3.loss_bbox: 0.0528  d3.loss_iou: 0.2083  d4.loss_cls: 0.0412  d4.loss_bbox: 0.0529  d4.loss_iou: 0.2092  enc_loss_cls: 0.0657  enc_loss_bbox: 0.0668  enc_loss_iou: 0.2277  dn_loss_cls: 0.0027  dn_loss_bbox: 0.0654  dn_loss_iou: 0.1884  d0.dn_loss_cls: 0.0148  d0.dn_loss_bbox: 0.0950  d0.dn_loss_iou: 0.2480  d1.dn_loss_cls: 0.0045  d1.dn_loss_bbox: 0.0698  d1.dn_loss_iou: 0.1993  d2.dn_loss_cls: 0.0036  d2.dn_loss_bbox: 0.0666  d2.dn_loss_iou: 0.1909  d3.dn_loss_cls: 0.0030  d3.dn_loss_bbox: 0.0655  d3.dn_loss_iou: 0.1893  d4.dn_loss_cls: 0.0028  d4.dn_loss_bbox: 0.0654  d4.dn_loss_iou: 0.1885  contr_loss: 1.1314
08/07 16:50:55 - mmengine - INFO - Epoch(train) [27][600/698]  base_lr: 1.0000e-05 lr: 1.0000e-05  eta: 1:05:10  time: 1.0979  data_time: 0.0092  memory: 9883  grad_norm: 41.3071  loss: 4.9276  loss_cls: 0.0446  loss_bbox: 0.0509  loss_iou: 0.2102  d0.loss_cls: 0.0508  d0.loss_bbox: 0.0563  d0.loss_iou: 0.2192  d1.loss_cls: 0.0474  d1.loss_bbox: 0.0545  d1.loss_iou: 0.2150  d2.loss_cls: 0.0476  d2.loss_bbox: 0.0533  d2.loss_iou: 0.2128  d3.loss_cls: 0.0468  d3.loss_bbox: 0.0512  d3.loss_iou: 0.2116  d4.loss_cls: 0.0450  d4.loss_bbox: 0.0508  d4.loss_iou: 0.2104  enc_loss_cls: 0.0625  enc_loss_bbox: 0.0615  enc_loss_iou: 0.2288  dn_loss_cls: 0.0006  dn_loss_bbox: 0.0632  dn_loss_iou: 0.1866  d0.dn_loss_cls: 0.0125  d0.dn_loss_bbox: 0.0940  d0.dn_loss_iou: 0.2493  d1.dn_loss_cls: 0.0020  d1.dn_loss_bbox: 0.0687  d1.dn_loss_iou: 0.1988  d2.dn_loss_cls: 0.0011  d2.dn_loss_bbox: 0.0658  d2.dn_loss_iou: 0.1902  d3.dn_loss_cls: 0.0008  d3.dn_loss_bbox: 0.0641  d3.dn_loss_iou: 0.1878  d4.dn_loss_cls: 0.0006  d4.dn_loss_bbox: 0.0635  d4.dn_loss_iou: 0.1868  contr_loss: 1.0599
08/07 16:51:49 - mmengine - INFO - Epoch(train) [27][650/698]  base_lr: 1.0000e-05 lr: 1.0000e-05  eta: 1:04:16  time: 1.0815  data_time: 0.0094  memory: 9783  grad_norm: 36.5778  loss: 5.0152  loss_cls: 0.0425  loss_bbox: 0.0507  loss_iou: 0.2250  d0.loss_cls: 0.0522  d0.loss_bbox: 0.0537  d0.loss_iou: 0.2323  d1.loss_cls: 0.0478  d1.loss_bbox: 0.0516  d1.loss_iou: 0.2289  d2.loss_cls: 0.0449  d2.loss_bbox: 0.0509  d2.loss_iou: 0.2266  d3.loss_cls: 0.0454  d3.loss_bbox: 0.0507  d3.loss_iou: 0.2262  d4.loss_cls: 0.0438  d4.loss_bbox: 0.0507  d4.loss_iou: 0.2249  enc_loss_cls: 0.0638  enc_loss_bbox: 0.0597  enc_loss_iou: 0.2439  dn_loss_cls: 0.0014  dn_loss_bbox: 0.0584  dn_loss_iou: 0.1750  d0.dn_loss_cls: 0.0118  d0.dn_loss_bbox: 0.0832  d0.dn_loss_iou: 0.2312  d1.dn_loss_cls: 0.0032  d1.dn_loss_bbox: 0.0613  d1.dn_loss_iou: 0.1851  d2.dn_loss_cls: 0.0022  d2.dn_loss_bbox: 0.0588  d2.dn_loss_iou: 0.1767  d3.dn_loss_cls: 0.0018  d3.dn_loss_bbox: 0.0585  d3.dn_loss_iou: 0.1755  d4.dn_loss_cls: 0.0016  d4.dn_loss_bbox: 0.0584  d4.dn_loss_iou: 0.1750  contr_loss: 1.1799
08/07 16:52:40 - mmengine - INFO - Exp name: lae_dino_swin-t_finetune_DIOR_20260807_105315
08/07 16:52:40 - mmengine - INFO - Saving checkpoint at 27 epochs
08/07 16:52:52 - mmengine - INFO - Epoch(val) [27][ 50/147]    eta: 0:00:10  time: 0.1041  data_time: 0.0025  memory: 9471  
08/07 16:52:57 - mmengine - INFO - Epoch(val) [27][100/147]    eta: 0:00:04  time: 0.1004  data_time: 0.0020  memory: 3800  
08/07 16:53:04 - mmengine - INFO - Evaluating bbox...
Loading and preparing results...
DONE (t=0.41s)
creating index...
index created!
Running per image evaluation...
Evaluate annotation type *bbox*
DONE (t=8.33s).
Accumulating evaluation results...
DONE (t=3.11s).
 Average Precision  (AP) @[ IoU=0.50:0.95 | area=   all | maxDets=100 ] = 0.739
 Average Precision  (AP) @[ IoU=0.50      | area=   all | maxDets=1000 ] = 0.912
 Average Precision  (AP) @[ IoU=0.75      | area=   all | maxDets=1000 ] = 0.806
 Average Precision  (AP) @[ IoU=0.50:0.95 | area= small | maxDets=1000 ] = 0.251
 Average Precision  (AP) @[ IoU=0.50:0.95 | area=medium | maxDets=1000 ] = 0.636
 Average Precision  (AP) @[ IoU=0.50:0.95 | area= large | maxDets=1000 ] = 0.852
 Average Recall     (AR) @[ IoU=0.50:0.95 | area=   all | maxDets=100 ] = 0.838
 Average Recall     (AR) @[ IoU=0.50:0.95 | area=   all | maxDets=300 ] = 0.843
 Average Recall     (AR) @[ IoU=0.50:0.95 | area=   all | maxDets=1000 ] = 0.843
 Average Recall     (AR) @[ IoU=0.50:0.95 | area= small | maxDets=1000 ] = 0.421
 Average Recall     (AR) @[ IoU=0.50:0.95 | area=medium | maxDets=1000 ] = 0.774
 Average Recall     (AR) @[ IoU=0.50:0.95 | area= large | maxDets=1000 ] = 0.924
08/07 16:53:17 - mmengine - INFO - bbox_mAP_copypaste: 0.739 0.912 0.806 0.251 0.636 0.852
================DIOR/coco================
08/07 16:53:17 - mmengine - INFO - Epoch(val) [27][147/147]    DIOR/coco/bbox_mAP: 0.7390  DIOR/coco/bbox_mAP_50: 0.9120  DIOR/coco/bbox_mAP_75: 0.8060  DIOR/coco/bbox_mAP_s: 0.2510  DIOR/coco/bbox_mAP_m: 0.6360  DIOR/coco/bbox_mAP_l: 0.8520  data_time: 0.0021  time: 0.1013
08/07 16:54:12 - mmengine - INFO - Epoch(train) [28][ 50/698]  base_lr: 1.0000e-05 lr: 1.0000e-05  eta: 1:02:29  time: 1.0969  data_time: 0.0121  memory: 9651  grad_norm: 40.6981  loss: 4.6942  loss_cls: 0.0253  loss_bbox: 0.0520  loss_iou: 0.2026  d0.loss_cls: 0.0347  d0.loss_bbox: 0.0546  d0.loss_iou: 0.2064  d1.loss_cls: 0.0315  d1.loss_bbox: 0.0524  d1.loss_iou: 0.2044  d2.loss_cls: 0.0285  d2.loss_bbox: 0.0522  d2.loss_iou: 0.2031  d3.loss_cls: 0.0268  d3.loss_bbox: 0.0520  d3.loss_iou: 0.2028  d4.loss_cls: 0.0247  d4.loss_bbox: 0.0519  d4.loss_iou: 0.2025  enc_loss_cls: 0.0509  enc_loss_bbox: 0.0596  enc_loss_iou: 0.2157  dn_loss_cls: 0.0010  dn_loss_bbox: 0.0552  dn_loss_iou: 0.1707  d0.dn_loss_cls: 0.0113  d0.dn_loss_bbox: 0.0808  d0.dn_loss_iou: 0.2224  d1.dn_loss_cls: 0.0020  d1.dn_loss_bbox: 0.0584  d1.dn_loss_iou: 0.1793  d2.dn_loss_cls: 0.0014  d2.dn_loss_bbox: 0.0557  d2.dn_loss_iou: 0.1724  d3.dn_loss_cls: 0.0010  d3.dn_loss_bbox: 0.0554  d3.dn_loss_iou: 0.1714  d4.dn_loss_cls: 0.0010  d4.dn_loss_bbox: 0.0552  d4.dn_loss_iou: 0.1707  contr_loss: 1.1943
08/07 16:55:06 - mmengine - INFO - Epoch(train) [28][100/698]  base_lr: 1.0000e-05 lr: 1.0000e-05  eta: 1:01:34  time: 1.0824  data_time: 0.0091  memory: 9836  grad_norm: 37.6806  loss: 4.4347  loss_cls: 0.0262  loss_bbox: 0.0512  loss_iou: 0.2067  d0.loss_cls: 0.0365  d0.loss_bbox: 0.0560  d0.loss_iou: 0.2130  d1.loss_cls: 0.0321  d1.loss_bbox: 0.0536  d1.loss_iou: 0.2094  d2.loss_cls: 0.0302  d2.loss_bbox: 0.0524  d2.loss_iou: 0.2075  d3.loss_cls: 0.0285  d3.loss_bbox: 0.0513  d3.loss_iou: 0.2071  d4.loss_cls: 0.0267  d4.loss_bbox: 0.0513  d4.loss_iou: 0.2066  enc_loss_cls: 0.0443  enc_loss_bbox: 0.0605  enc_loss_iou: 0.2240  dn_loss_cls: 0.0014  dn_loss_bbox: 0.0718  dn_loss_iou: 0.1887  d0.dn_loss_cls: 0.0129  d0.dn_loss_bbox: 0.1003  d0.dn_loss_iou: 0.2450  d1.dn_loss_cls: 0.0025  d1.dn_loss_bbox: 0.0754  d1.dn_loss_iou: 0.1977  d2.dn_loss_cls: 0.0016  d2.dn_loss_bbox: 0.0726  d2.dn_loss_iou: 0.1904  d3.dn_loss_cls: 0.0015  d3.dn_loss_bbox: 0.0720  d3.dn_loss_iou: 0.1893  d4.dn_loss_cls: 0.0015  d4.dn_loss_bbox: 0.0717  d4.dn_loss_iou: 0.1887  contr_loss: 0.6748
08/07 16:56:01 - mmengine - INFO - Epoch(train) [28][150/698]  base_lr: 1.0000e-05 lr: 1.0000e-05  eta: 1:00:40  time: 1.0845  data_time: 0.0092  memory: 10287  grad_norm: 41.7044  loss: 4.6563  loss_cls: 0.0411  loss_bbox: 0.0577  loss_iou: 0.2266  d0.loss_cls: 0.0535  d0.loss_bbox: 0.0607  d0.loss_iou: 0.2312  d1.loss_cls: 0.0464  d1.loss_bbox: 0.0601  d1.loss_iou: 0.2289  d2.loss_cls: 0.0462  d2.loss_bbox: 0.0587  d2.loss_iou: 0.2285  d3.loss_cls: 0.0442  d3.loss_bbox: 0.0585  d3.loss_iou: 0.2279  d4.loss_cls: 0.0410  d4.loss_bbox: 0.0578  d4.loss_iou: 0.2272  enc_loss_cls: 0.0714  enc_loss_bbox: 0.0691  enc_loss_iou: 0.2433  dn_loss_cls: 0.0011  dn_loss_bbox: 0.0615  dn_loss_iou: 0.1611  d0.dn_loss_cls: 0.0132  d0.dn_loss_bbox: 0.0936  d0.dn_loss_iou: 0.2213  d1.dn_loss_cls: 0.0022  d1.dn_loss_bbox: 0.0677  d1.dn_loss_iou: 0.1714  d2.dn_loss_cls: 0.0015  d2.dn_loss_bbox: 0.0639  d2.dn_loss_iou: 0.1641  d3.dn_loss_cls: 0.0010  d3.dn_loss_bbox: 0.0626  d3.dn_loss_iou: 0.1621  d4.dn_loss_cls: 0.0011  d4.dn_loss_bbox: 0.0616  d4.dn_loss_iou: 0.1612  contr_loss: 0.8043
08/07 16:56:05 - mmengine - INFO - Exp name: lae_dino_swin-t_finetune_DIOR_20260807_105315
08/07 16:56:55 - mmengine - INFO - Epoch(train) [28][200/698]  base_lr: 1.0000e-05 lr: 1.0000e-05  eta: 0:59:45  time: 1.0947  data_time: 0.0089  memory: 9943  grad_norm: 42.3563  loss: 4.5723  loss_cls: 0.0285  loss_bbox: 0.0509  loss_iou: 0.2295  d0.loss_cls: 0.0451  d0.loss_bbox: 0.0535  d0.loss_iou: 0.2356  d1.loss_cls: 0.0339  d1.loss_bbox: 0.0528  d1.loss_iou: 0.2324  d2.loss_cls: 0.0319  d2.loss_bbox: 0.0512  d2.loss_iou: 0.2301  d3.loss_cls: 0.0313  d3.loss_bbox: 0.0512  d3.loss_iou: 0.2295  d4.loss_cls: 0.0290  d4.loss_bbox: 0.0509  d4.loss_iou: 0.2294  enc_loss_cls: 0.0586  enc_loss_bbox: 0.0620  enc_loss_iou: 0.2517  dn_loss_cls: 0.0014  dn_loss_bbox: 0.0588  dn_loss_iou: 0.1682  d0.dn_loss_cls: 0.0124  d0.dn_loss_bbox: 0.0878  d0.dn_loss_iou: 0.2208  d1.dn_loss_cls: 0.0032  d1.dn_loss_bbox: 0.0639  d1.dn_loss_iou: 0.1764  d2.dn_loss_cls: 0.0017  d2.dn_loss_bbox: 0.0602  d2.dn_loss_iou: 0.1707  d3.dn_loss_cls: 0.0013  d3.dn_loss_bbox: 0.0591  d3.dn_loss_iou: 0.1691  d4.dn_loss_cls: 0.0013  d4.dn_loss_bbox: 0.0589  d4.dn_loss_iou: 0.1682  contr_loss: 0.8201
08/07 16:57:49 - mmengine - INFO - Epoch(train) [28][250/698]  base_lr: 1.0000e-05 lr: 1.0000e-05  eta: 0:58:50  time: 1.0697  data_time: 0.0088  memory: 9467  grad_norm: 44.8528  loss: 5.0416  loss_cls: 0.0316  loss_bbox: 0.0555  loss_iou: 0.2301  d0.loss_cls: 0.0377  d0.loss_bbox: 0.0596  d0.loss_iou: 0.2412  d1.loss_cls: 0.0339  d1.loss_bbox: 0.0575  d1.loss_iou: 0.2359  d2.loss_cls: 0.0342  d2.loss_bbox: 0.0564  d2.loss_iou: 0.2328  d3.loss_cls: 0.0332  d3.loss_bbox: 0.0559  d3.loss_iou: 0.2318  d4.loss_cls: 0.0326  d4.loss_bbox: 0.0555  d4.loss_iou: 0.2302  enc_loss_cls: 0.0500  enc_loss_bbox: 0.0649  enc_loss_iou: 0.2522  dn_loss_cls: 0.0016  dn_loss_bbox: 0.0614  dn_loss_iou: 0.1749  d0.dn_loss_cls: 0.0137  d0.dn_loss_bbox: 0.0898  d0.dn_loss_iou: 0.2343  d1.dn_loss_cls: 0.0041  d1.dn_loss_bbox: 0.0663  d1.dn_loss_iou: 0.1851  d2.dn_loss_cls: 0.0023  d2.dn_loss_bbox: 0.0626  d2.dn_loss_iou: 0.1772  d3.dn_loss_cls: 0.0019  d3.dn_loss_bbox: 0.0620  d3.dn_loss_iou: 0.1757  d4.dn_loss_cls: 0.0017  d4.dn_loss_bbox: 0.0615  d4.dn_loss_iou: 0.1749  contr_loss: 1.1779
08/07 16:58:44 - mmengine - INFO - Epoch(train) [28][300/698]  base_lr: 1.0000e-05 lr: 1.0000e-05  eta: 0:57:56  time: 1.0989  data_time: 0.0088  memory: 10432  grad_norm: 39.9604  loss: 5.5532  loss_cls: 0.0509  loss_bbox: 0.0651  loss_iou: 0.3027  d0.loss_cls: 0.0615  d0.loss_bbox: 0.0696  d0.loss_iou: 0.3133  d1.loss_cls: 0.0564  d1.loss_bbox: 0.0664  d1.loss_iou: 0.3074  d2.loss_cls: 0.0544  d2.loss_bbox: 0.0660  d2.loss_iou: 0.3051  d3.loss_cls: 0.0538  d3.loss_bbox: 0.0654  d3.loss_iou: 0.3033  d4.loss_cls: 0.0498  d4.loss_bbox: 0.0652  d4.loss_iou: 0.3028  enc_loss_cls: 0.0783  enc_loss_bbox: 0.0761  enc_loss_iou: 0.3225  dn_loss_cls: 0.0010  dn_loss_bbox: 0.0575  dn_loss_iou: 0.1820  d0.dn_loss_cls: 0.0115  d0.dn_loss_bbox: 0.0844  d0.dn_loss_iou: 0.2412  d1.dn_loss_cls: 0.0022  d1.dn_loss_bbox: 0.0621  d1.dn_loss_iou: 0.1929  d2.dn_loss_cls: 0.0015  d2.dn_loss_bbox: 0.0583  d2.dn_loss_iou: 0.1841  d3.dn_loss_cls: 0.0011  d3.dn_loss_bbox: 0.0577  d3.dn_loss_iou: 0.1823  d4.dn_loss_cls: 0.0010  d4.dn_loss_bbox: 0.0576  d4.dn_loss_iou: 0.1821  contr_loss: 0.9568
08/07 16:59:39 - mmengine - INFO - Epoch(train) [28][350/698]  base_lr: 1.0000e-05 lr: 1.0000e-05  eta: 0:57:02  time: 1.1066  data_time: 0.0096  memory: 10914  grad_norm: 36.8864  loss: 4.8984  loss_cls: 0.0366  loss_bbox: 0.0559  loss_iou: 0.2435  d0.loss_cls: 0.0492  d0.loss_bbox: 0.0596  d0.loss_iou: 0.2491  d1.loss_cls: 0.0446  d1.loss_bbox: 0.0580  d1.loss_iou: 0.2465  d2.loss_cls: 0.0402  d2.loss_bbox: 0.0567  d2.loss_iou: 0.2451  d3.loss_cls: 0.0386  d3.loss_bbox: 0.0563  d3.loss_iou: 0.2442  d4.loss_cls: 0.0372  d4.loss_bbox: 0.0559  d4.loss_iou: 0.2434  enc_loss_cls: 0.0613  enc_loss_bbox: 0.0671  enc_loss_iou: 0.2615  dn_loss_cls: 0.0022  dn_loss_bbox: 0.0571  dn_loss_iou: 0.1753  d0.dn_loss_cls: 0.0141  d0.dn_loss_bbox: 0.0897  d0.dn_loss_iou: 0.2369  d1.dn_loss_cls: 0.0039  d1.dn_loss_bbox: 0.0614  d1.dn_loss_iou: 0.1876  d2.dn_loss_cls: 0.0026  d2.dn_loss_bbox: 0.0590  d2.dn_loss_iou: 0.1791  d3.dn_loss_cls: 0.0024  d3.dn_loss_bbox: 0.0578  d3.dn_loss_iou: 0.1765  d4.dn_loss_cls: 0.0021  d4.dn_loss_bbox: 0.0572  d4.dn_loss_iou: 0.1754  contr_loss: 0.9075
08/07 17:00:32 - mmengine - INFO - Epoch(train) [28][400/698]  base_lr: 1.0000e-05 lr: 1.0000e-05  eta: 0:56:07  time: 1.0664  data_time: 0.0089  memory: 9956  grad_norm: 35.3052  loss: 4.2946  loss_cls: 0.0424  loss_bbox: 0.0539  loss_iou: 0.2253  d0.loss_cls: 0.0517  d0.loss_bbox: 0.0580  d0.loss_iou: 0.2320  d1.loss_cls: 0.0456  d1.loss_bbox: 0.0570  d1.loss_iou: 0.2282  d2.loss_cls: 0.0457  d2.loss_bbox: 0.0552  d2.loss_iou: 0.2268  d3.loss_cls: 0.0429  d3.loss_bbox: 0.0549  d3.loss_iou: 0.2266  d4.loss_cls: 0.0441  d4.loss_bbox: 0.0535  d4.loss_iou: 0.2251  enc_loss_cls: 0.0630  enc_loss_bbox: 0.0637  enc_loss_iou: 0.2440  dn_loss_cls: 0.0008  dn_loss_bbox: 0.0587  dn_loss_iou: 0.1748  d0.dn_loss_cls: 0.0124  d0.dn_loss_bbox: 0.0893  d0.dn_loss_iou: 0.2351  d1.dn_loss_cls: 0.0022  d1.dn_loss_bbox: 0.0638  d1.dn_loss_iou: 0.1860  d2.dn_loss_cls: 0.0014  d2.dn_loss_bbox: 0.0601  d2.dn_loss_iou: 0.1780  d3.dn_loss_cls: 0.0009  d3.dn_loss_bbox: 0.0588  d3.dn_loss_iou: 0.1755  d4.dn_loss_cls: 0.0008  d4.dn_loss_bbox: 0.0587  d4.dn_loss_iou: 0.1748  contr_loss: 0.4231
08/07 17:01:27 - mmengine - INFO - Epoch(train) [28][450/698]  base_lr: 1.0000e-05 lr: 1.0000e-05  eta: 0:55:13  time: 1.0935  data_time: 0.0099  memory: 10333  grad_norm: 37.4438  loss: 5.7674  loss_cls: 0.0576  loss_bbox: 0.0596  loss_iou: 0.2630  d0.loss_cls: 0.0643  d0.loss_bbox: 0.0681  d0.loss_iou: 0.2745  d1.loss_cls: 0.0620  d1.loss_bbox: 0.0633  d1.loss_iou: 0.2690  d2.loss_cls: 0.0603  d2.loss_bbox: 0.0614  d2.loss_iou: 0.2656  d3.loss_cls: 0.0580  d3.loss_bbox: 0.0601  d3.loss_iou: 0.2639  d4.loss_cls: 0.0574  d4.loss_bbox: 0.0595  d4.loss_iou: 0.2628  enc_loss_cls: 0.0777  enc_loss_bbox: 0.0728  enc_loss_iou: 0.2869  dn_loss_cls: 0.0012  dn_loss_bbox: 0.0702  dn_loss_iou: 0.2067  d0.dn_loss_cls: 0.0125  d0.dn_loss_bbox: 0.1012  d0.dn_loss_iou: 0.2708  d1.dn_loss_cls: 0.0023  d1.dn_loss_bbox: 0.0761  d1.dn_loss_iou: 0.2190  d2.dn_loss_cls: 0.0016  d2.dn_loss_bbox: 0.0717  d2.dn_loss_iou: 0.2092  d3.dn_loss_cls: 0.0012  d3.dn_loss_bbox: 0.0707  d3.dn_loss_iou: 0.2074  d4.dn_loss_cls: 0.0011  d4.dn_loss_bbox: 0.0701  d4.dn_loss_iou: 0.2067  contr_loss: 1.1998
08/07 17:02:21 - mmengine - INFO - Epoch(train) [28][500/698]  base_lr: 1.0000e-05 lr: 1.0000e-05  eta: 0:54:18  time: 1.0887  data_time: 0.0093  memory: 9885  grad_norm: 42.7643  loss: 6.0731  loss_cls: 0.0709  loss_bbox: 0.0644  loss_iou: 0.3182  d0.loss_cls: 0.0797  d0.loss_bbox: 0.0672  d0.loss_iou: 0.3219  d1.loss_cls: 0.0764  d1.loss_bbox: 0.0643  d1.loss_iou: 0.3192  d2.loss_cls: 0.0728  d2.loss_bbox: 0.0646  d2.loss_iou: 0.3176  d3.loss_cls: 0.0732  d3.loss_bbox: 0.0638  d3.loss_iou: 0.3176  d4.loss_cls: 0.0714  d4.loss_bbox: 0.0643  d4.loss_iou: 0.3182  enc_loss_cls: 0.0921  enc_loss_bbox: 0.0752  enc_loss_iou: 0.3353  dn_loss_cls: 0.0009  dn_loss_bbox: 0.0507  dn_loss_iou: 0.1676  d0.dn_loss_cls: 0.0102  d0.dn_loss_bbox: 0.0704  d0.dn_loss_iou: 0.2166  d1.dn_loss_cls: 0.0024  d1.dn_loss_bbox: 0.0535  d1.dn_loss_iou: 0.1774  d2.dn_loss_cls: 0.0014  d2.dn_loss_bbox: 0.0516  d2.dn_loss_iou: 0.1696  d3.dn_loss_cls: 0.0011  d3.dn_loss_bbox: 0.0510  d3.dn_loss_iou: 0.1681  d4.dn_loss_cls: 0.0009  d4.dn_loss_bbox: 0.0507  d4.dn_loss_iou: 0.1676  contr_loss: 1.4129
08/07 17:03:16 - mmengine - INFO - Epoch(train) [28][550/698]  base_lr: 1.0000e-05 lr: 1.0000e-05  eta: 0:53:23  time: 1.0812  data_time: 0.0092  memory: 9946  grad_norm: 38.9943  loss: 5.1796  loss_cls: 0.0518  loss_bbox: 0.0493  loss_iou: 0.2393  d0.loss_cls: 0.0626  d0.loss_bbox: 0.0527  d0.loss_iou: 0.2493  d1.loss_cls: 0.0564  d1.loss_bbox: 0.0509  d1.loss_iou: 0.2422  d2.loss_cls: 0.0540  d2.loss_bbox: 0.0499  d2.loss_iou: 0.2398  d3.loss_cls: 0.0523  d3.loss_bbox: 0.0497  d3.loss_iou: 0.2420  d4.loss_cls: 0.0507  d4.loss_bbox: 0.0493  d4.loss_iou: 0.2388  enc_loss_cls: 0.0715  enc_loss_bbox: 0.0595  enc_loss_iou: 0.2638  dn_loss_cls: 0.0017  dn_loss_bbox: 0.0565  dn_loss_iou: 0.1757  d0.dn_loss_cls: 0.0159  d0.dn_loss_bbox: 0.0860  d0.dn_loss_iou: 0.2351  d1.dn_loss_cls: 0.0035  d1.dn_loss_bbox: 0.0615  d1.dn_loss_iou: 0.1874  d2.dn_loss_cls: 0.0023  d2.dn_loss_bbox: 0.0578  d2.dn_loss_iou: 0.1776  d3.dn_loss_cls: 0.0020  d3.dn_loss_bbox: 0.0570  d3.dn_loss_iou: 0.1763  d4.dn_loss_cls: 0.0018  d4.dn_loss_bbox: 0.0565  d4.dn_loss_iou: 0.1758  contr_loss: 1.1736
08/07 17:04:11 - mmengine - INFO - Epoch(train) [28][600/698]  base_lr: 1.0000e-05 lr: 1.0000e-05  eta: 0:52:29  time: 1.1106  data_time: 0.0098  memory: 9876  grad_norm: 34.8011  loss: 4.7566  loss_cls: 0.0383  loss_bbox: 0.0592  loss_iou: 0.2378  d0.loss_cls: 0.0470  d0.loss_bbox: 0.0637  d0.loss_iou: 0.2439  d1.loss_cls: 0.0419  d1.loss_bbox: 0.0628  d1.loss_iou: 0.2423  d2.loss_cls: 0.0435  d2.loss_bbox: 0.0597  d2.loss_iou: 0.2399  d3.loss_cls: 0.0399  d3.loss_bbox: 0.0595  d3.loss_iou: 0.2392  d4.loss_cls: 0.0392  d4.loss_bbox: 0.0593  d4.loss_iou: 0.2390  enc_loss_cls: 0.0604  enc_loss_bbox: 0.0678  enc_loss_iou: 0.2556  dn_loss_cls: 0.0026  dn_loss_bbox: 0.0574  dn_loss_iou: 0.1800  d0.dn_loss_cls: 0.0150  d0.dn_loss_bbox: 0.0822  d0.dn_loss_iou: 0.2340  d1.dn_loss_cls: 0.0045  d1.dn_loss_bbox: 0.0611  d1.dn_loss_iou: 0.1898  d2.dn_loss_cls: 0.0034  d2.dn_loss_bbox: 0.0579  d2.dn_loss_iou: 0.1828  d3.dn_loss_cls: 0.0028  d3.dn_loss_bbox: 0.0577  d3.dn_loss_iou: 0.1806  d4.dn_loss_cls: 0.0026  d4.dn_loss_bbox: 0.0574  d4.dn_loss_iou: 0.1801  contr_loss: 0.7645
08/07 17:05:05 - mmengine - INFO - Epoch(train) [28][650/698]  base_lr: 1.0000e-05 lr: 1.0000e-05  eta: 0:51:35  time: 1.0818  data_time: 0.0091  memory: 9883  grad_norm: 37.4200  loss: 4.5960  loss_cls: 0.0361  loss_bbox: 0.0504  loss_iou: 0.2140  d0.loss_cls: 0.0490  d0.loss_bbox: 0.0540  d0.loss_iou: 0.2204  d1.loss_cls: 0.0404  d1.loss_bbox: 0.0521  d1.loss_iou: 0.2176  d2.loss_cls: 0.0374  d2.loss_bbox: 0.0511  d2.loss_iou: 0.2154  d3.loss_cls: 0.0355  d3.loss_bbox: 0.0508  d3.loss_iou: 0.2151  d4.loss_cls: 0.0350  d4.loss_bbox: 0.0504  d4.loss_iou: 0.2141  enc_loss_cls: 0.0651  enc_loss_bbox: 0.0612  enc_loss_iou: 0.2320  dn_loss_cls: 0.0011  dn_loss_bbox: 0.0564  dn_loss_iou: 0.1796  d0.dn_loss_cls: 0.0178  d0.dn_loss_bbox: 0.0815  d0.dn_loss_iou: 0.2404  d1.dn_loss_cls: 0.0034  d1.dn_loss_bbox: 0.0599  d1.dn_loss_iou: 0.1902  d2.dn_loss_cls: 0.0016  d2.dn_loss_bbox: 0.0569  d2.dn_loss_iou: 0.1821  d3.dn_loss_cls: 0.0013  d3.dn_loss_bbox: 0.0564  d3.dn_loss_iou: 0.1804  d4.dn_loss_cls: 0.0011  d4.dn_loss_bbox: 0.0565  d4.dn_loss_iou: 0.1797  contr_loss: 0.8528
08/07 17:05:57 - mmengine - INFO - Exp name: lae_dino_swin-t_finetune_DIOR_20260807_105315
08/07 17:05:57 - mmengine - INFO - Saving checkpoint at 28 epochs
08/07 17:06:09 - mmengine - INFO - Epoch(val) [28][ 50/147]    eta: 0:00:09  time: 0.1028  data_time: 0.0025  memory: 10147  
08/07 17:06:14 - mmengine - INFO - Epoch(val) [28][100/147]    eta: 0:00:04  time: 0.1019  data_time: 0.0021  memory: 3800  
08/07 17:06:22 - mmengine - INFO - Evaluating bbox...
Loading and preparing results...
DONE (t=0.58s)
creating index...
index created!
Running per image evaluation...
Evaluate annotation type *bbox*
DONE (t=8.24s).
Accumulating evaluation results...
DONE (t=3.28s).
 Average Precision  (AP) @[ IoU=0.50:0.95 | area=   all | maxDets=100 ] = 0.737
 Average Precision  (AP) @[ IoU=0.50      | area=   all | maxDets=1000 ] = 0.911
 Average Precision  (AP) @[ IoU=0.75      | area=   all | maxDets=1000 ] = 0.801
 Average Precision  (AP) @[ IoU=0.50:0.95 | area= small | maxDets=1000 ] = 0.250
 Average Precision  (AP) @[ IoU=0.50:0.95 | area=medium | maxDets=1000 ] = 0.620
 Average Precision  (AP) @[ IoU=0.50:0.95 | area= large | maxDets=1000 ] = 0.850
 Average Recall     (AR) @[ IoU=0.50:0.95 | area=   all | maxDets=100 ] = 0.836
 Average Recall     (AR) @[ IoU=0.50:0.95 | area=   all | maxDets=300 ] = 0.841
 Average Recall     (AR) @[ IoU=0.50:0.95 | area=   all | maxDets=1000 ] = 0.841
 Average Recall     (AR) @[ IoU=0.50:0.95 | area= small | maxDets=1000 ] = 0.428
 Average Recall     (AR) @[ IoU=0.50:0.95 | area=medium | maxDets=1000 ] = 0.777
 Average Recall     (AR) @[ IoU=0.50:0.95 | area= large | maxDets=1000 ] = 0.920
08/07 17:06:35 - mmengine - INFO - bbox_mAP_copypaste: 0.737 0.911 0.801 0.250 0.620 0.850
================DIOR/coco================
08/07 17:06:35 - mmengine - INFO - Epoch(val) [28][147/147]    DIOR/coco/bbox_mAP: 0.7370  DIOR/coco/bbox_mAP_50: 0.9110  DIOR/coco/bbox_mAP_75: 0.8010  DIOR/coco/bbox_mAP_s: 0.2500  DIOR/coco/bbox_mAP_m: 0.6200  DIOR/coco/bbox_mAP_l: 0.8500  data_time: 0.0022  time: 0.1017
08/07 17:07:30 - mmengine - INFO - Epoch(train) [29][ 50/698]  base_lr: 1.0000e-05 lr: 1.0000e-05  eta: 0:49:48  time: 1.1015  data_time: 0.0199  memory: 10132  grad_norm: 48.9334  loss: 5.3683  loss_cls: 0.0443  loss_bbox: 0.0458  loss_iou: 0.2572  d0.loss_cls: 0.0574  d0.loss_bbox: 0.0483  d0.loss_iou: 0.2674  d1.loss_cls: 0.0497  d1.loss_bbox: 0.0472  d1.loss_iou: 0.2633  d2.loss_cls: 0.0479  d2.loss_bbox: 0.0462  d2.loss_iou: 0.2591  d3.loss_cls: 0.0449  d3.loss_bbox: 0.0459  d3.loss_iou: 0.2578  d4.loss_cls: 0.0442  d4.loss_bbox: 0.0458  d4.loss_iou: 0.2571  enc_loss_cls: 0.0700  enc_loss_bbox: 0.0544  enc_loss_iou: 0.2814  dn_loss_cls: 0.0021  dn_loss_bbox: 0.0586  dn_loss_iou: 0.1887  d0.dn_loss_cls: 0.0138  d0.dn_loss_bbox: 0.0850  d0.dn_loss_iou: 0.2463  d1.dn_loss_cls: 0.0034  d1.dn_loss_bbox: 0.0625  d1.dn_loss_iou: 0.1981  d2.dn_loss_cls: 0.0026  d2.dn_loss_bbox: 0.0600  d2.dn_loss_iou: 0.1915  d3.dn_loss_cls: 0.0023  d3.dn_loss_bbox: 0.0590  d3.dn_loss_iou: 0.1891  d4.dn_loss_cls: 0.0022  d4.dn_loss_bbox: 0.0586  d4.dn_loss_iou: 0.1887  contr_loss: 1.2209
08/07 17:08:25 - mmengine - INFO - Epoch(train) [29][100/698]  base_lr: 1.0000e-05 lr: 1.0000e-05  eta: 0:48:53  time: 1.0965  data_time: 0.0098  memory: 9803  grad_norm: 41.1583  loss: 5.4050  loss_cls: 0.0410  loss_bbox: 0.0687  loss_iou: 0.3223  d0.loss_cls: 0.0559  d0.loss_bbox: 0.0709  d0.loss_iou: 0.3282  d1.loss_cls: 0.0437  d1.loss_bbox: 0.0697  d1.loss_iou: 0.3243  d2.loss_cls: 0.0446  d2.loss_bbox: 0.0676  d2.loss_iou: 0.3227  d3.loss_cls: 0.0458  d3.loss_bbox: 0.0661  d3.loss_iou: 0.3211  d4.loss_cls: 0.0417  d4.loss_bbox: 0.0687  d4.loss_iou: 0.3222  enc_loss_cls: 0.0649  enc_loss_bbox: 0.0791  enc_loss_iou: 0.3422  dn_loss_cls: 0.0015  dn_loss_bbox: 0.0551  dn_loss_iou: 0.1912  d0.dn_loss_cls: 0.0119  d0.dn_loss_bbox: 0.0755  d0.dn_loss_iou: 0.2451  d1.dn_loss_cls: 0.0029  d1.dn_loss_bbox: 0.0581  d1.dn_loss_iou: 0.1998  d2.dn_loss_cls: 0.0020  d2.dn_loss_bbox: 0.0560  d2.dn_loss_iou: 0.1927  d3.dn_loss_cls: 0.0016  d3.dn_loss_bbox: 0.0556  d3.dn_loss_iou: 0.1917  d4.dn_loss_cls: 0.0015  d4.dn_loss_bbox: 0.0552  d4.dn_loss_iou: 0.1913  contr_loss: 0.7047
08/07 17:09:19 - mmengine - INFO - Epoch(train) [29][150/698]  base_lr: 1.0000e-05 lr: 1.0000e-05  eta: 0:47:59  time: 1.0801  data_time: 0.0093  memory: 11082  grad_norm: 39.8726  loss: 4.8172  loss_cls: 0.0406  loss_bbox: 0.0492  loss_iou: 0.2313  d0.loss_cls: 0.0503  d0.loss_bbox: 0.0520  d0.loss_iou: 0.2375  d1.loss_cls: 0.0462  d1.loss_bbox: 0.0503  d1.loss_iou: 0.2354  d2.loss_cls: 0.0463  d2.loss_bbox: 0.0494  d2.loss_iou: 0.2322  d3.loss_cls: 0.0425  d3.loss_bbox: 0.0493  d3.loss_iou: 0.2324  d4.loss_cls: 0.0396  d4.loss_bbox: 0.0492  d4.loss_iou: 0.2320  enc_loss_cls: 0.0597  enc_loss_bbox: 0.0582  enc_loss_iou: 0.2454  dn_loss_cls: 0.0025  dn_loss_bbox: 0.0709  dn_loss_iou: 0.1737  d0.dn_loss_cls: 0.0139  d0.dn_loss_bbox: 0.0968  d0.dn_loss_iou: 0.2231  d1.dn_loss_cls: 0.0045  d1.dn_loss_bbox: 0.0750  d1.dn_loss_iou: 0.1825  d2.dn_loss_cls: 0.0032  d2.dn_loss_bbox: 0.0717  d2.dn_loss_iou: 0.1753  d3.dn_loss_cls: 0.0027  d3.dn_loss_bbox: 0.0711  d3.dn_loss_iou: 0.1745  d4.dn_loss_cls: 0.0023  d4.dn_loss_bbox: 0.0710  d4.dn_loss_iou: 0.1738  contr_loss: 0.8997
08/07 17:10:13 - mmengine - INFO - Epoch(train) [29][200/698]  base_lr: 1.0000e-05 lr: 1.0000e-05  eta: 0:47:04  time: 1.0827  data_time: 0.0095  memory: 9890  grad_norm: 37.9052  loss: 5.2803  loss_cls: 0.0544  loss_bbox: 0.0658  loss_iou: 0.3011  d0.loss_cls: 0.0656  d0.loss_bbox: 0.0705  d0.loss_iou: 0.3102  d1.loss_cls: 0.0609  d1.loss_bbox: 0.0692  d1.loss_iou: 0.3061  d2.loss_cls: 0.0581  d2.loss_bbox: 0.0665  d2.loss_iou: 0.3026  d3.loss_cls: 0.0564  d3.loss_bbox: 0.0654  d3.loss_iou: 0.3017  d4.loss_cls: 0.0543  d4.loss_bbox: 0.0656  d4.loss_iou: 0.3001  enc_loss_cls: 0.0839  enc_loss_bbox: 0.0759  enc_loss_iou: 0.3212  dn_loss_cls: 0.0016  dn_loss_bbox: 0.0544  dn_loss_iou: 0.1776  d0.dn_loss_cls: 0.0138  d0.dn_loss_bbox: 0.0772  d0.dn_loss_iou: 0.2326  d1.dn_loss_cls: 0.0032  d1.dn_loss_bbox: 0.0575  d1.dn_loss_iou: 0.1877  d2.dn_loss_cls: 0.0021  d2.dn_loss_bbox: 0.0555  d2.dn_loss_iou: 0.1801  d3.dn_loss_cls: 0.0019  d3.dn_loss_bbox: 0.0548  d3.dn_loss_iou: 0.1784  d4.dn_loss_cls: 0.0016  d4.dn_loss_bbox: 0.0544  d4.dn_loss_iou: 0.1776  contr_loss: 0.7128
08/07 17:11:08 - mmengine - INFO - Epoch(train) [29][250/698]  base_lr: 1.0000e-05 lr: 1.0000e-05  eta: 0:46:10  time: 1.1052  data_time: 0.0091  memory: 9745  grad_norm: 40.5075  loss: 4.5012  loss_cls: 0.0369  loss_bbox: 0.0518  loss_iou: 0.2065  d0.loss_cls: 0.0444  d0.loss_bbox: 0.0554  d0.loss_iou: 0.2133  d1.loss_cls: 0.0395  d1.loss_bbox: 0.0531  d1.loss_iou: 0.2095  d2.loss_cls: 0.0378  d2.loss_bbox: 0.0522  d2.loss_iou: 0.2069  d3.loss_cls: 0.0364  d3.loss_bbox: 0.0523  d3.loss_iou: 0.2073  d4.loss_cls: 0.0366  d4.loss_bbox: 0.0521  d4.loss_iou: 0.2068  enc_loss_cls: 0.0594  enc_loss_bbox: 0.0597  enc_loss_iou: 0.2242  dn_loss_cls: 0.0007  dn_loss_bbox: 0.0622  dn_loss_iou: 0.1769  d0.dn_loss_cls: 0.0136  d0.dn_loss_bbox: 0.0899  d0.dn_loss_iou: 0.2394  d1.dn_loss_cls: 0.0019  d1.dn_loss_bbox: 0.0657  d1.dn_loss_iou: 0.1871  d2.dn_loss_cls: 0.0012  d2.dn_loss_bbox: 0.0628  d2.dn_loss_iou: 0.1796  d3.dn_loss_cls: 0.0008  d3.dn_loss_bbox: 0.0624  d3.dn_loss_iou: 0.1778  d4.dn_loss_cls: 0.0007  d4.dn_loss_bbox: 0.0621  d4.dn_loss_iou: 0.1769  contr_loss: 0.7973
08/07 17:12:02 - mmengine - INFO - Epoch(train) [29][300/698]  base_lr: 1.0000e-05 lr: 1.0000e-05  eta: 0:45:15  time: 1.0787  data_time: 0.0095  memory: 10178  grad_norm: 41.0230  loss: 5.3913  loss_cls: 0.0461  loss_bbox: 0.0613  loss_iou: 0.2999  d0.loss_cls: 0.0595  d0.loss_bbox: 0.0644  d0.loss_iou: 0.3073  d1.loss_cls: 0.0526  d1.loss_bbox: 0.0626  d1.loss_iou: 0.3045  d2.loss_cls: 0.0499  d2.loss_bbox: 0.0618  d2.loss_iou: 0.2999  d3.loss_cls: 0.0497  d3.loss_bbox: 0.0614  d3.loss_iou: 0.3013  d4.loss_cls: 0.0465  d4.loss_bbox: 0.0613  d4.loss_iou: 0.2998  enc_loss_cls: 0.0750  enc_loss_bbox: 0.0694  enc_loss_iou: 0.3161  dn_loss_cls: 0.0021  dn_loss_bbox: 0.0513  dn_loss_iou: 0.1772  d0.dn_loss_cls: 0.0125  d0.dn_loss_bbox: 0.0746  d0.dn_loss_iou: 0.2263  d1.dn_loss_cls: 0.0031  d1.dn_loss_bbox: 0.0564  d1.dn_loss_iou: 0.1868  d2.dn_loss_cls: 0.0025  d2.dn_loss_bbox: 0.0529  d2.dn_loss_iou: 0.1784  d3.dn_loss_cls: 0.0022  d3.dn_loss_bbox: 0.0514  d3.dn_loss_iou: 0.1773  d4.dn_loss_cls: 0.0021  d4.dn_loss_bbox: 0.0512  d4.dn_loss_iou: 0.1771  contr_loss: 0.9555
08/07 17:12:57 - mmengine - INFO - Epoch(train) [29][350/698]  base_lr: 1.0000e-05 lr: 1.0000e-05  eta: 0:44:21  time: 1.1037  data_time: 0.0089  memory: 10226  grad_norm: 38.9545  loss: 5.1864  loss_cls: 0.0437  loss_bbox: 0.0574  loss_iou: 0.2951  d0.loss_cls: 0.0555  d0.loss_bbox: 0.0625  d0.loss_iou: 0.3050  d1.loss_cls: 0.0519  d1.loss_bbox: 0.0603  d1.loss_iou: 0.3007  d2.loss_cls: 0.0490  d2.loss_bbox: 0.0579  d2.loss_iou: 0.2965  d3.loss_cls: 0.0485  d3.loss_bbox: 0.0565  d3.loss_iou: 0.2947  d4.loss_cls: 0.0439  d4.loss_bbox: 0.0575  d4.loss_iou: 0.2949  enc_loss_cls: 0.0739  enc_loss_bbox: 0.0673  enc_loss_iou: 0.3173  dn_loss_cls: 0.0024  dn_loss_bbox: 0.0493  dn_loss_iou: 0.1789  d0.dn_loss_cls: 0.0141  d0.dn_loss_bbox: 0.0742  d0.dn_loss_iou: 0.2381  d1.dn_loss_cls: 0.0050  d1.dn_loss_bbox: 0.0532  d1.dn_loss_iou: 0.1895  d2.dn_loss_cls: 0.0035  d2.dn_loss_bbox: 0.0508  d2.dn_loss_iou: 0.1816  d3.dn_loss_cls: 0.0027  d3.dn_loss_bbox: 0.0499  d3.dn_loss_iou: 0.1798  d4.dn_loss_cls: 0.0026  d4.dn_loss_bbox: 0.0494  d4.dn_loss_iou: 0.1793  contr_loss: 0.7921
08/07 17:13:52 - mmengine - INFO - Epoch(train) [29][400/698]  base_lr: 1.0000e-05 lr: 1.0000e-05  eta: 0:43:26  time: 1.0888  data_time: 0.0095  memory: 9884  grad_norm: 35.6405  loss: 4.9056  loss_cls: 0.0506  loss_bbox: 0.0601  loss_iou: 0.2438  d0.loss_cls: 0.0639  d0.loss_bbox: 0.0657  d0.loss_iou: 0.2582  d1.loss_cls: 0.0568  d1.loss_bbox: 0.0630  d1.loss_iou: 0.2510  d2.loss_cls: 0.0566  d2.loss_bbox: 0.0610  d2.loss_iou: 0.2469  d3.loss_cls: 0.0530  d3.loss_bbox: 0.0603  d3.loss_iou: 0.2450  d4.loss_cls: 0.0516  d4.loss_bbox: 0.0600  d4.loss_iou: 0.2439  enc_loss_cls: 0.0778  enc_loss_bbox: 0.0721  enc_loss_iou: 0.2683  dn_loss_cls: 0.0015  dn_loss_bbox: 0.0611  dn_loss_iou: 0.1822  d0.dn_loss_cls: 0.0151  d0.dn_loss_bbox: 0.0945  d0.dn_loss_iou: 0.2483  d1.dn_loss_cls: 0.0035  d1.dn_loss_bbox: 0.0673  d1.dn_loss_iou: 0.1950  d2.dn_loss_cls: 0.0024  d2.dn_loss_bbox: 0.0629  d2.dn_loss_iou: 0.1854  d3.dn_loss_cls: 0.0017  d3.dn_loss_bbox: 0.0616  d3.dn_loss_iou: 0.1835  d4.dn_loss_cls: 0.0017  d4.dn_loss_bbox: 0.0611  d4.dn_loss_iou: 0.1823  contr_loss: 0.6850
08/07 17:14:47 - mmengine - INFO - Epoch(train) [29][450/698]  base_lr: 1.0000e-05 lr: 1.0000e-05  eta: 0:42:32  time: 1.0980  data_time: 0.0089  memory: 10229  grad_norm: 45.2283  loss: 4.8813  loss_cls: 0.0437  loss_bbox: 0.0555  loss_iou: 0.2385  d0.loss_cls: 0.0523  d0.loss_bbox: 0.0594  d0.loss_iou: 0.2465  d1.loss_cls: 0.0522  d1.loss_bbox: 0.0546  d1.loss_iou: 0.2399  d2.loss_cls: 0.0501  d2.loss_bbox: 0.0541  d2.loss_iou: 0.2386  d3.loss_cls: 0.0469  d3.loss_bbox: 0.0542  d3.loss_iou: 0.2372  d4.loss_cls: 0.0453  d4.loss_bbox: 0.0542  d4.loss_iou: 0.2375  enc_loss_cls: 0.0640  enc_loss_bbox: 0.0642  enc_loss_iou: 0.2549  dn_loss_cls: 0.0026  dn_loss_bbox: 0.0594  dn_loss_iou: 0.1889  d0.dn_loss_cls: 0.0160  d0.dn_loss_bbox: 0.0879  d0.dn_loss_iou: 0.2533  d1.dn_loss_cls: 0.0042  d1.dn_loss_bbox: 0.0635  d1.dn_loss_iou: 0.2001  d2.dn_loss_cls: 0.0029  d2.dn_loss_bbox: 0.0607  d2.dn_loss_iou: 0.1914  d3.dn_loss_cls: 0.0027  d3.dn_loss_bbox: 0.0598  d3.dn_loss_iou: 0.1897  d4.dn_loss_cls: 0.0026  d4.dn_loss_bbox: 0.0594  d4.dn_loss_iou: 0.1889  contr_loss: 0.8034
08/07 17:14:53 - mmengine - INFO - Exp name: lae_dino_swin-t_finetune_DIOR_20260807_105315
08/07 17:15:40 - mmengine - INFO - Epoch(train) [29][500/698]  base_lr: 1.0000e-05 lr: 1.0000e-05  eta: 0:41:37  time: 1.0688  data_time: 0.0088  memory: 10146  grad_norm: 40.2160  loss: 4.8170  loss_cls: 0.0492  loss_bbox: 0.0515  loss_iou: 0.2426  d0.loss_cls: 0.0564  d0.loss_bbox: 0.0550  d0.loss_iou: 0.2495  d1.loss_cls: 0.0535  d1.loss_bbox: 0.0531  d1.loss_iou: 0.2463  d2.loss_cls: 0.0537  d2.loss_bbox: 0.0532  d2.loss_iou: 0.2442  d3.loss_cls: 0.0502  d3.loss_bbox: 0.0524  d3.loss_iou: 0.2433  d4.loss_cls: 0.0514  d4.loss_bbox: 0.0507  d4.loss_iou: 0.2422  enc_loss_cls: 0.0713  enc_loss_bbox: 0.0622  enc_loss_iou: 0.2600  dn_loss_cls: 0.0014  dn_loss_bbox: 0.0643  dn_loss_iou: 0.1902  d0.dn_loss_cls: 0.0129  d0.dn_loss_bbox: 0.0941  d0.dn_loss_iou: 0.2546  d1.dn_loss_cls: 0.0025  d1.dn_loss_bbox: 0.0690  d1.dn_loss_iou: 0.2022  d2.dn_loss_cls: 0.0019  d2.dn_loss_bbox: 0.0653  d2.dn_loss_iou: 0.1931  d3.dn_loss_cls: 0.0016  d3.dn_loss_bbox: 0.0650  d3.dn_loss_iou: 0.1913  d4.dn_loss_cls: 0.0014  d4.dn_loss_bbox: 0.0642  d4.dn_loss_iou: 0.1904  contr_loss: 0.6596
08/07 17:16:34 - mmengine - INFO - Epoch(train) [29][550/698]  base_lr: 1.0000e-05 lr: 1.0000e-05  eta: 0:40:43  time: 1.0751  data_time: 0.0090  memory: 10269  grad_norm: 38.3495  loss: 5.2836  loss_cls: 0.0499  loss_bbox: 0.0470  loss_iou: 0.2429  d0.loss_cls: 0.0584  d0.loss_bbox: 0.0504  d0.loss_iou: 0.2491  d1.loss_cls: 0.0545  d1.loss_bbox: 0.0485  d1.loss_iou: 0.2467  d2.loss_cls: 0.0539  d2.loss_bbox: 0.0479  d2.loss_iou: 0.2437  d3.loss_cls: 0.0513  d3.loss_bbox: 0.0470  d3.loss_iou: 0.2425  d4.loss_cls: 0.0494  d4.loss_bbox: 0.0470  d4.loss_iou: 0.2430  enc_loss_cls: 0.0667  enc_loss_bbox: 0.0566  enc_loss_iou: 0.2610  dn_loss_cls: 0.0022  dn_loss_bbox: 0.0541  dn_loss_iou: 0.1680  d0.dn_loss_cls: 0.0115  d0.dn_loss_bbox: 0.0790  d0.dn_loss_iou: 0.2240  d1.dn_loss_cls: 0.0029  d1.dn_loss_bbox: 0.0574  d1.dn_loss_iou: 0.1770  d2.dn_loss_cls: 0.0022  d2.dn_loss_bbox: 0.0552  d2.dn_loss_iou: 0.1703  d3.dn_loss_cls: 0.0020  d3.dn_loss_bbox: 0.0546  d3.dn_loss_iou: 0.1690  d4.dn_loss_cls: 0.0024  d4.dn_loss_bbox: 0.0541  d4.dn_loss_iou: 0.1681  contr_loss: 1.3724
08/07 17:17:28 - mmengine - INFO - Epoch(train) [29][600/698]  base_lr: 1.0000e-05 lr: 1.0000e-05  eta: 0:39:48  time: 1.0899  data_time: 0.0093  memory: 9773  grad_norm: 36.3412  loss: 5.5281  loss_cls: 0.0347  loss_bbox: 0.0587  loss_iou: 0.2952  d0.loss_cls: 0.0486  d0.loss_bbox: 0.0624  d0.loss_iou: 0.3046  d1.loss_cls: 0.0495  d1.loss_bbox: 0.0604  d1.loss_iou: 0.3004  d2.loss_cls: 0.0388  d2.loss_bbox: 0.0598  d2.loss_iou: 0.2992  d3.loss_cls: 0.0362  d3.loss_bbox: 0.0591  d3.loss_iou: 0.2975  d4.loss_cls: 0.0335  d4.loss_bbox: 0.0588  d4.loss_iou: 0.2966  enc_loss_cls: 0.0586  enc_loss_bbox: 0.0693  enc_loss_iou: 0.3185  dn_loss_cls: 0.0013  dn_loss_bbox: 0.0556  dn_loss_iou: 0.1746  d0.dn_loss_cls: 0.0115  d0.dn_loss_bbox: 0.0840  d0.dn_loss_iou: 0.2372  d1.dn_loss_cls: 0.0033  d1.dn_loss_bbox: 0.0611  d1.dn_loss_iou: 0.1863  d2.dn_loss_cls: 0.0021  d2.dn_loss_bbox: 0.0571  d2.dn_loss_iou: 0.1779  d3.dn_loss_cls: 0.0016  d3.dn_loss_bbox: 0.0561  d3.dn_loss_iou: 0.1754  d4.dn_loss_cls: 0.0013  d4.dn_loss_bbox: 0.0557  d4.dn_loss_iou: 0.1747  contr_loss: 1.1711
08/07 17:18:23 - mmengine - INFO - Epoch(train) [29][650/698]  base_lr: 1.0000e-05 lr: 1.0000e-05  eta: 0:38:54  time: 1.0906  data_time: 0.0092  memory: 10065  grad_norm: 36.1853  loss: 4.6893  loss_cls: 0.0347  loss_bbox: 0.0555  loss_iou: 0.1880  d0.loss_cls: 0.0486  d0.loss_bbox: 0.0572  d0.loss_iou: 0.1923  d1.loss_cls: 0.0433  d1.loss_bbox: 0.0563  d1.loss_iou: 0.1893  d2.loss_cls: 0.0393  d2.loss_bbox: 0.0557  d2.loss_iou: 0.1877  d3.loss_cls: 0.0374  d3.loss_bbox: 0.0552  d3.loss_iou: 0.1865  d4.loss_cls: 0.0358  d4.loss_bbox: 0.0556  d4.loss_iou: 0.1877  enc_loss_cls: 0.0600  enc_loss_bbox: 0.0606  enc_loss_iou: 0.1993  dn_loss_cls: 0.0012  dn_loss_bbox: 0.0770  dn_loss_iou: 0.1673  d0.dn_loss_cls: 0.0139  d0.dn_loss_bbox: 0.1049  d0.dn_loss_iou: 0.2176  d1.dn_loss_cls: 0.0022  d1.dn_loss_bbox: 0.0793  d1.dn_loss_iou: 0.1757  d2.dn_loss_cls: 0.0014  d2.dn_loss_bbox: 0.0772  d2.dn_loss_iou: 0.1689  d3.dn_loss_cls: 0.0012  d3.dn_loss_bbox: 0.0769  d3.dn_loss_iou: 0.1676  d4.dn_loss_cls: 0.0012  d4.dn_loss_bbox: 0.0770  d4.dn_loss_iou: 0.1674  contr_loss: 1.0851
08/07 17:19:14 - mmengine - INFO - Exp name: lae_dino_swin-t_finetune_DIOR_20260807_105315
08/07 17:19:14 - mmengine - INFO - Saving checkpoint at 29 epochs
08/07 17:19:25 - mmengine - INFO - Epoch(val) [29][ 50/147]    eta: 0:00:09  time: 0.1027  data_time: 0.0024  memory: 9640  
08/07 17:19:30 - mmengine - INFO - Epoch(val) [29][100/147]    eta: 0:00:04  time: 0.1016  data_time: 0.0020  memory: 3800  
08/07 17:19:38 - mmengine - INFO - Evaluating bbox...
Loading and preparing results...
DONE (t=0.40s)
creating index...
index created!
Running per image evaluation...
Evaluate annotation type *bbox*
DONE (t=8.28s).
Accumulating evaluation results...
DONE (t=3.29s).
 Average Precision  (AP) @[ IoU=0.50:0.95 | area=   all | maxDets=100 ] = 0.736
 Average Precision  (AP) @[ IoU=0.50      | area=   all | maxDets=1000 ] = 0.914
 Average Precision  (AP) @[ IoU=0.75      | area=   all | maxDets=1000 ] = 0.807
 Average Precision  (AP) @[ IoU=0.50:0.95 | area= small | maxDets=1000 ] = 0.250
 Average Precision  (AP) @[ IoU=0.50:0.95 | area=medium | maxDets=1000 ] = 0.625
 Average Precision  (AP) @[ IoU=0.50:0.95 | area= large | maxDets=1000 ] = 0.846
 Average Recall     (AR) @[ IoU=0.50:0.95 | area=   all | maxDets=100 ] = 0.835
 Average Recall     (AR) @[ IoU=0.50:0.95 | area=   all | maxDets=300 ] = 0.841
 Average Recall     (AR) @[ IoU=0.50:0.95 | area=   all | maxDets=1000 ] = 0.841
 Average Recall     (AR) @[ IoU=0.50:0.95 | area= small | maxDets=1000 ] = 0.429
 Average Recall     (AR) @[ IoU=0.50:0.95 | area=medium | maxDets=1000 ] = 0.774
 Average Recall     (AR) @[ IoU=0.50:0.95 | area= large | maxDets=1000 ] = 0.917
08/07 17:19:51 - mmengine - INFO - bbox_mAP_copypaste: 0.736 0.914 0.807 0.250 0.625 0.846
================DIOR/coco================
08/07 17:19:51 - mmengine - INFO - Epoch(val) [29][147/147]    DIOR/coco/bbox_mAP: 0.7360  DIOR/coco/bbox_mAP_50: 0.9140  DIOR/coco/bbox_mAP_75: 0.8070  DIOR/coco/bbox_mAP_s: 0.2500  DIOR/coco/bbox_mAP_m: 0.6250  DIOR/coco/bbox_mAP_l: 0.8460  data_time: 0.0021  time: 0.1015
08/07 17:20:46 - mmengine - INFO - Epoch(train) [30][ 50/698]  base_lr: 1.0000e-05 lr: 1.0000e-05  eta: 0:37:07  time: 1.1029  data_time: 0.0126  memory: 9977  grad_norm: 34.4748  loss: 4.2990  loss_cls: 0.0241  loss_bbox: 0.0560  loss_iou: 0.2071  d0.loss_cls: 0.0345  d0.loss_bbox: 0.0596  d0.loss_iou: 0.2132  d1.loss_cls: 0.0303  d1.loss_bbox: 0.0578  d1.loss_iou: 0.2097  d2.loss_cls: 0.0295  d2.loss_bbox: 0.0561  d2.loss_iou: 0.2072  d3.loss_cls: 0.0266  d3.loss_bbox: 0.0560  d3.loss_iou: 0.2066  d4.loss_cls: 0.0245  d4.loss_bbox: 0.0560  d4.loss_iou: 0.2075  enc_loss_cls: 0.0483  enc_loss_bbox: 0.0661  enc_loss_iou: 0.2239  dn_loss_cls: 0.0018  dn_loss_bbox: 0.0756  dn_loss_iou: 0.1681  d0.dn_loss_cls: 0.0151  d0.dn_loss_bbox: 0.1039  d0.dn_loss_iou: 0.2238  d1.dn_loss_cls: 0.0037  d1.dn_loss_bbox: 0.0800  d1.dn_loss_iou: 0.1784  d2.dn_loss_cls: 0.0024  d2.dn_loss_bbox: 0.0765  d2.dn_loss_iou: 0.1709  d3.dn_loss_cls: 0.0020  d3.dn_loss_bbox: 0.0759  d3.dn_loss_iou: 0.1689  d4.dn_loss_cls: 0.0018  d4.dn_loss_bbox: 0.0756  d4.dn_loss_iou: 0.1682  contr_loss: 0.6057
08/07 17:21:41 - mmengine - INFO - Epoch(train) [30][100/698]  base_lr: 1.0000e-05 lr: 1.0000e-05  eta: 0:36:12  time: 1.0950  data_time: 0.0102  memory: 10340  grad_norm: 37.0323  loss: 4.9201  loss_cls: 0.0636  loss_bbox: 0.0511  loss_iou: 0.2677  d0.loss_cls: 0.0726  d0.loss_bbox: 0.0553  d0.loss_iou: 0.2733  d1.loss_cls: 0.0671  d1.loss_bbox: 0.0537  d1.loss_iou: 0.2723  d2.loss_cls: 0.0676  d2.loss_bbox: 0.0515  d2.loss_iou: 0.2700  d3.loss_cls: 0.0654  d3.loss_bbox: 0.0512  d3.loss_iou: 0.2684  d4.loss_cls: 0.0659  d4.loss_bbox: 0.0508  d4.loss_iou: 0.2669  enc_loss_cls: 0.0874  enc_loss_bbox: 0.0609  enc_loss_iou: 0.2814  dn_loss_cls: 0.0023  dn_loss_bbox: 0.0591  dn_loss_iou: 0.1874  d0.dn_loss_cls: 0.0148  d0.dn_loss_bbox: 0.0883  d0.dn_loss_iou: 0.2489  d1.dn_loss_cls: 0.0040  d1.dn_loss_bbox: 0.0641  d1.dn_loss_iou: 0.1997  d2.dn_loss_cls: 0.0027  d2.dn_loss_bbox: 0.0608  d2.dn_loss_iou: 0.1902  d3.dn_loss_cls: 0.0022  d3.dn_loss_bbox: 0.0598  d3.dn_loss_iou: 0.1884  d4.dn_loss_cls: 0.0023  d4.dn_loss_bbox: 0.0592  d4.dn_loss_iou: 0.1874  contr_loss: 0.5346
08/07 17:22:35 - mmengine - INFO - Epoch(train) [30][150/698]  base_lr: 1.0000e-05 lr: 1.0000e-05  eta: 0:35:18  time: 1.0866  data_time: 0.0089  memory: 9958  grad_norm: 39.4596  loss: 5.1023  loss_cls: 0.0372  loss_bbox: 0.0500  loss_iou: 0.2487  d0.loss_cls: 0.0452  d0.loss_bbox: 0.0537  d0.loss_iou: 0.2565  d1.loss_cls: 0.0415  d1.loss_bbox: 0.0515  d1.loss_iou: 0.2509  d2.loss_cls: 0.0418  d2.loss_bbox: 0.0502  d2.loss_iou: 0.2489  d3.loss_cls: 0.0389  d3.loss_bbox: 0.0502  d3.loss_iou: 0.2498  d4.loss_cls: 0.0371  d4.loss_bbox: 0.0500  d4.loss_iou: 0.2489  enc_loss_cls: 0.0524  enc_loss_bbox: 0.0622  enc_loss_iou: 0.2709  dn_loss_cls: 0.0012  dn_loss_bbox: 0.0602  dn_loss_iou: 0.1928  d0.dn_loss_cls: 0.0137  d0.dn_loss_bbox: 0.0914  d0.dn_loss_iou: 0.2514  d1.dn_loss_cls: 0.0027  d1.dn_loss_bbox: 0.0651  d1.dn_loss_iou: 0.2023  d2.dn_loss_cls: 0.0017  d2.dn_loss_bbox: 0.0625  d2.dn_loss_iou: 0.1954  d3.dn_loss_cls: 0.0013  d3.dn_loss_bbox: 0.0607  d3.dn_loss_iou: 0.1937  d4.dn_loss_cls: 0.0012  d4.dn_loss_bbox: 0.0603  d4.dn_loss_iou: 0.1929  contr_loss: 1.0154
08/07 17:23:29 - mmengine - INFO - Epoch(train) [30][200/698]  base_lr: 1.0000e-05 lr: 1.0000e-05  eta: 0:34:23  time: 1.0811  data_time: 0.0092  memory: 9641  grad_norm: 40.0390  loss: 4.1165  loss_cls: 0.0201  loss_bbox: 0.0419  loss_iou: 0.1711  d0.loss_cls: 0.0275  d0.loss_bbox: 0.0436  d0.loss_iou: 0.1725  d1.loss_cls: 0.0257  d1.loss_bbox: 0.0423  d1.loss_iou: 0.1715  d2.loss_cls: 0.0248  d2.loss_bbox: 0.0421  d2.loss_iou: 0.1715  d3.loss_cls: 0.0213  d3.loss_bbox: 0.0419  d3.loss_iou: 0.1717  d4.loss_cls: 0.0204  d4.loss_bbox: 0.0419  d4.loss_iou: 0.1714  enc_loss_cls: 0.0418  enc_loss_bbox: 0.0496  enc_loss_iou: 0.1816  dn_loss_cls: 0.0035  dn_loss_bbox: 0.0617  dn_loss_iou: 0.1741  d0.dn_loss_cls: 0.0189  d0.dn_loss_bbox: 0.0920  d0.dn_loss_iou: 0.2337  d1.dn_loss_cls: 0.0055  d1.dn_loss_bbox: 0.0656  d1.dn_loss_iou: 0.1830  d2.dn_loss_cls: 0.0040  d2.dn_loss_bbox: 0.0633  d2.dn_loss_iou: 0.1764  d3.dn_loss_cls: 0.0037  d3.dn_loss_bbox: 0.0617  d3.dn_loss_iou: 0.1750  d4.dn_loss_cls: 0.0035  d4.dn_loss_bbox: 0.0617  d4.dn_loss_iou: 0.1742  contr_loss: 0.8587
08/07 17:24:25 - mmengine - INFO - Epoch(train) [30][250/698]  base_lr: 1.0000e-05 lr: 1.0000e-05  eta: 0:33:29  time: 1.1129  data_time: 0.0104  memory: 10320  grad_norm: 44.2599  loss: 5.0056  loss_cls: 0.0507  loss_bbox: 0.0554  loss_iou: 0.2681  d0.loss_cls: 0.0622  d0.loss_bbox: 0.0598  d0.loss_iou: 0.2788  d1.loss_cls: 0.0586  d1.loss_bbox: 0.0573  d1.loss_iou: 0.2743  d2.loss_cls: 0.0545  d2.loss_bbox: 0.0562  d2.loss_iou: 0.2710  d3.loss_cls: 0.0534  d3.loss_bbox: 0.0568  d3.loss_iou: 0.2722  d4.loss_cls: 0.0508  d4.loss_bbox: 0.0554  d4.loss_iou: 0.2689  enc_loss_cls: 0.0738  enc_loss_bbox: 0.0643  enc_loss_iou: 0.2906  dn_loss_cls: 0.0019  dn_loss_bbox: 0.0585  dn_loss_iou: 0.1712  d0.dn_loss_cls: 0.0143  d0.dn_loss_bbox: 0.0896  d0.dn_loss_iou: 0.2349  d1.dn_loss_cls: 0.0034  d1.dn_loss_bbox: 0.0636  d1.dn_loss_iou: 0.1817  d2.dn_loss_cls: 0.0023  d2.dn_loss_bbox: 0.0606  d2.dn_loss_iou: 0.1745  d3.dn_loss_cls: 0.0022  d3.dn_loss_bbox: 0.0592  d3.dn_loss_iou: 0.1722  d4.dn_loss_cls: 0.0020  d4.dn_loss_bbox: 0.0586  d4.dn_loss_iou: 0.1712  contr_loss: 0.7508
08/07 17:25:19 - mmengine - INFO - Epoch(train) [30][300/698]  base_lr: 1.0000e-05 lr: 1.0000e-05  eta: 0:32:35  time: 1.0866  data_time: 0.0092  memory: 9941  grad_norm: 36.7089  loss: 5.5263  loss_cls: 0.0562  loss_bbox: 0.0562  loss_iou: 0.2763  d0.loss_cls: 0.0731  d0.loss_bbox: 0.0584  d0.loss_iou: 0.2799  d1.loss_cls: 0.0637  d1.loss_bbox: 0.0570  d1.loss_iou: 0.2786  d2.loss_cls: 0.0626  d2.loss_bbox: 0.0554  d2.loss_iou: 0.2759  d3.loss_cls: 0.0601  d3.loss_bbox: 0.0560  d3.loss_iou: 0.2767  d4.loss_cls: 0.0535  d4.loss_bbox: 0.0563  d4.loss_iou: 0.2784  enc_loss_cls: 0.0804  enc_loss_bbox: 0.0644  enc_loss_iou: 0.2922  dn_loss_cls: 0.0028  dn_loss_bbox: 0.0564  dn_loss_iou: 0.1801  d0.dn_loss_cls: 0.0209  d0.dn_loss_bbox: 0.0854  d0.dn_loss_iou: 0.2437  d1.dn_loss_cls: 0.0058  d1.dn_loss_bbox: 0.0602  d1.dn_loss_iou: 0.1917  d2.dn_loss_cls: 0.0036  d2.dn_loss_bbox: 0.0569  d2.dn_loss_iou: 0.1816  d3.dn_loss_cls: 0.0030  d3.dn_loss_bbox: 0.0568  d3.dn_loss_iou: 0.1809  d4.dn_loss_cls: 0.0029  d4.dn_loss_bbox: 0.0563  d4.dn_loss_iou: 0.1801  contr_loss: 1.1460
08/07 17:26:14 - mmengine - INFO - Epoch(train) [30][350/698]  base_lr: 1.0000e-05 lr: 1.0000e-05  eta: 0:31:40  time: 1.0905  data_time: 0.0090  memory: 9617  grad_norm: 38.6597  loss: 4.8476  loss_cls: 0.0402  loss_bbox: 0.0567  loss_iou: 0.2545  d0.loss_cls: 0.0495  d0.loss_bbox: 0.0621  d0.loss_iou: 0.2620  d1.loss_cls: 0.0453  d1.loss_bbox: 0.0586  d1.loss_iou: 0.2578  d2.loss_cls: 0.0426  d2.loss_bbox: 0.0576  d2.loss_iou: 0.2560  d3.loss_cls: 0.0425  d3.loss_bbox: 0.0567  d3.loss_iou: 0.2540  d4.loss_cls: 0.0399  d4.loss_bbox: 0.0568  d4.loss_iou: 0.2546  enc_loss_cls: 0.0630  enc_loss_bbox: 0.0659  enc_loss_iou: 0.2699  dn_loss_cls: 0.0009  dn_loss_bbox: 0.0535  dn_loss_iou: 0.1787  d0.dn_loss_cls: 0.0140  d0.dn_loss_bbox: 0.0801  d0.dn_loss_iou: 0.2332  d1.dn_loss_cls: 0.0024  d1.dn_loss_bbox: 0.0580  d1.dn_loss_iou: 0.1878  d2.dn_loss_cls: 0.0013  d2.dn_loss_bbox: 0.0545  d2.dn_loss_iou: 0.1808  d3.dn_loss_cls: 0.0012  d3.dn_loss_bbox: 0.0540  d3.dn_loss_iou: 0.1791  d4.dn_loss_cls: 0.0009  d4.dn_loss_bbox: 0.0535  d4.dn_loss_iou: 0.1787  contr_loss: 0.7889
08/07 17:27:08 - mmengine - INFO - Epoch(train) [30][400/698]  base_lr: 1.0000e-05 lr: 1.0000e-05  eta: 0:30:46  time: 1.0856  data_time: 0.0092  memory: 9604  grad_norm: 36.9944  loss: 4.8405  loss_cls: 0.0583  loss_bbox: 0.0531  loss_iou: 0.2261  d0.loss_cls: 0.0691  d0.loss_bbox: 0.0551  d0.loss_iou: 0.2313  d1.loss_cls: 0.0672  d1.loss_bbox: 0.0526  d1.loss_iou: 0.2259  d2.loss_cls: 0.0617  d2.loss_bbox: 0.0530  d2.loss_iou: 0.2272  d3.loss_cls: 0.0610  d3.loss_bbox: 0.0528  d3.loss_iou: 0.2249  d4.loss_cls: 0.0593  d4.loss_bbox: 0.0530  d4.loss_iou: 0.2252  enc_loss_cls: 0.0812  enc_loss_bbox: 0.0616  enc_loss_iou: 0.2441  dn_loss_cls: 0.0023  dn_loss_bbox: 0.0613  dn_loss_iou: 0.1801  d0.dn_loss_cls: 0.0141  d0.dn_loss_bbox: 0.0805  d0.dn_loss_iou: 0.2313  d1.dn_loss_cls: 0.0031  d1.dn_loss_bbox: 0.0634  d1.dn_loss_iou: 0.1889  d2.dn_loss_cls: 0.0024  d2.dn_loss_bbox: 0.0616  d2.dn_loss_iou: 0.1816  d3.dn_loss_cls: 0.0023  d3.dn_loss_bbox: 0.0612  d3.dn_loss_iou: 0.1806  d4.dn_loss_cls: 0.0024  d4.dn_loss_bbox: 0.0613  d4.dn_loss_iou: 0.1802  contr_loss: 0.8384
08/07 17:28:03 - mmengine - INFO - Epoch(train) [30][450/698]  base_lr: 1.0000e-05 lr: 1.0000e-05  eta: 0:29:51  time: 1.0875  data_time: 0.0095  memory: 10368  grad_norm: 37.9637  loss: 4.9364  loss_cls: 0.0356  loss_bbox: 0.0577  loss_iou: 0.2404  d0.loss_cls: 0.0496  d0.loss_bbox: 0.0627  d0.loss_iou: 0.2512  d1.loss_cls: 0.0459  d1.loss_bbox: 0.0593  d1.loss_iou: 0.2436  d2.loss_cls: 0.0408  d2.loss_bbox: 0.0585  d2.loss_iou: 0.2413  d3.loss_cls: 0.0380  d3.loss_bbox: 0.0581  d3.loss_iou: 0.2411  d4.loss_cls: 0.0389  d4.loss_bbox: 0.0575  d4.loss_iou: 0.2395  enc_loss_cls: 0.0718  enc_loss_bbox: 0.0680  enc_loss_iou: 0.2603  dn_loss_cls: 0.0020  dn_loss_bbox: 0.0707  dn_loss_iou: 0.1816  d0.dn_loss_cls: 0.0140  d0.dn_loss_bbox: 0.1081  d0.dn_loss_iou: 0.2445  d1.dn_loss_cls: 0.0039  d1.dn_loss_bbox: 0.0767  d1.dn_loss_iou: 0.1941  d2.dn_loss_cls: 0.0025  d2.dn_loss_bbox: 0.0729  d2.dn_loss_iou: 0.1856  d3.dn_loss_cls: 0.0021  d3.dn_loss_bbox: 0.0715  d3.dn_loss_iou: 0.1830  d4.dn_loss_cls: 0.0021  d4.dn_loss_bbox: 0.0708  d4.dn_loss_iou: 0.1817  contr_loss: 0.8087
08/07 17:28:56 - mmengine - INFO - Epoch(train) [30][500/698]  base_lr: 1.0000e-05 lr: 1.0000e-05  eta: 0:28:57  time: 1.0681  data_time: 0.0086  memory: 10054  grad_norm: 35.3442  loss: 6.0034  loss_cls: 0.0614  loss_bbox: 0.0648  loss_iou: 0.3439  d0.loss_cls: 0.0794  d0.loss_bbox: 0.0678  d0.loss_iou: 0.3573  d1.loss_cls: 0.0704  d1.loss_bbox: 0.0656  d1.loss_iou: 0.3533  d2.loss_cls: 0.0684  d2.loss_bbox: 0.0656  d2.loss_iou: 0.3487  d3.loss_cls: 0.0634  d3.loss_bbox: 0.0650  d3.loss_iou: 0.3458  d4.loss_cls: 0.0609  d4.loss_bbox: 0.0651  d4.loss_iou: 0.3460  enc_loss_cls: 0.0928  enc_loss_bbox: 0.0747  enc_loss_iou: 0.3725  dn_loss_cls: 0.0017  dn_loss_bbox: 0.0497  dn_loss_iou: 0.1785  d0.dn_loss_cls: 0.0109  d0.dn_loss_bbox: 0.0755  d0.dn_loss_iou: 0.2347  d1.dn_loss_cls: 0.0026  d1.dn_loss_bbox: 0.0533  d1.dn_loss_iou: 0.1903  d2.dn_loss_cls: 0.0019  d2.dn_loss_bbox: 0.0511  d2.dn_loss_iou: 0.1820  d3.dn_loss_cls: 0.0018  d3.dn_loss_bbox: 0.0499  d3.dn_loss_iou: 0.1793  d4.dn_loss_cls: 0.0017  d4.dn_loss_bbox: 0.0497  d4.dn_loss_iou: 0.1786  contr_loss: 1.0774
08/07 17:29:50 - mmengine - INFO - Epoch(train) [30][550/698]  base_lr: 1.0000e-05 lr: 1.0000e-05  eta: 0:28:02  time: 1.0779  data_time: 0.0086  memory: 9801  grad_norm: 38.2995  loss: 4.7399  loss_cls: 0.0312  loss_bbox: 0.0522  loss_iou: 0.2432  d0.loss_cls: 0.0431  d0.loss_bbox: 0.0582  d0.loss_iou: 0.2518  d1.loss_cls: 0.0369  d1.loss_bbox: 0.0554  d1.loss_iou: 0.2451  d2.loss_cls: 0.0338  d2.loss_bbox: 0.0535  d2.loss_iou: 0.2432  d3.loss_cls: 0.0323  d3.loss_bbox: 0.0532  d3.loss_iou: 0.2426  d4.loss_cls: 0.0322  d4.loss_bbox: 0.0523  d4.loss_iou: 0.2423  enc_loss_cls: 0.0636  enc_loss_bbox: 0.0638  enc_loss_iou: 0.2642  dn_loss_cls: 0.0016  dn_loss_bbox: 0.0594  dn_loss_iou: 0.1875  d0.dn_loss_cls: 0.0135  d0.dn_loss_bbox: 0.0893  d0.dn_loss_iou: 0.2528  d1.dn_loss_cls: 0.0029  d1.dn_loss_bbox: 0.0644  d1.dn_loss_iou: 0.1995  d2.dn_loss_cls: 0.0022  d2.dn_loss_bbox: 0.0611  d2.dn_loss_iou: 0.1907  d3.dn_loss_cls: 0.0019  d3.dn_loss_bbox: 0.0594  d3.dn_loss_iou: 0.1878  d4.dn_loss_cls: 0.0017  d4.dn_loss_bbox: 0.0593  d4.dn_loss_iou: 0.1875  contr_loss: 0.7233
08/07 17:30:44 - mmengine - INFO - Epoch(train) [30][600/698]  base_lr: 1.0000e-05 lr: 1.0000e-05  eta: 0:27:07  time: 1.0899  data_time: 0.0090  memory: 10056  grad_norm: 33.2864  loss: 4.8536  loss_cls: 0.0344  loss_bbox: 0.0585  loss_iou: 0.2673  d0.loss_cls: 0.0452  d0.loss_bbox: 0.0625  d0.loss_iou: 0.2728  d1.loss_cls: 0.0386  d1.loss_bbox: 0.0606  d1.loss_iou: 0.2707  d2.loss_cls: 0.0369  d2.loss_bbox: 0.0596  d2.loss_iou: 0.2682  d3.loss_cls: 0.0365  d3.loss_bbox: 0.0590  d3.loss_iou: 0.2676  d4.loss_cls: 0.0346  d4.loss_bbox: 0.0584  d4.loss_iou: 0.2669  enc_loss_cls: 0.0574  enc_loss_bbox: 0.0667  enc_loss_iou: 0.2867  dn_loss_cls: 0.0014  dn_loss_bbox: 0.0523  dn_loss_iou: 0.1718  d0.dn_loss_cls: 0.0114  d0.dn_loss_bbox: 0.0766  d0.dn_loss_iou: 0.2218  d1.dn_loss_cls: 0.0029  d1.dn_loss_bbox: 0.0563  d1.dn_loss_iou: 0.1805  d2.dn_loss_cls: 0.0019  d2.dn_loss_bbox: 0.0537  d2.dn_loss_iou: 0.1738  d3.dn_loss_cls: 0.0016  d3.dn_loss_bbox: 0.0527  d3.dn_loss_iou: 0.1723  d4.dn_loss_cls: 0.0015  d4.dn_loss_bbox: 0.0524  d4.dn_loss_iou: 0.1718  contr_loss: 0.7880
08/07 17:31:39 - mmengine - INFO - Epoch(train) [30][650/698]  base_lr: 1.0000e-05 lr: 1.0000e-05  eta: 0:26:13  time: 1.0898  data_time: 0.0088  memory: 10253  grad_norm: 37.8146  loss: 5.5704  loss_cls: 0.0465  loss_bbox: 0.0638  loss_iou: 0.2637  d0.loss_cls: 0.0573  d0.loss_bbox: 0.0663  d0.loss_iou: 0.2698  d1.loss_cls: 0.0498  d1.loss_bbox: 0.0649  d1.loss_iou: 0.2661  d2.loss_cls: 0.0504  d2.loss_bbox: 0.0643  d2.loss_iou: 0.2645  d3.loss_cls: 0.0482  d3.loss_bbox: 0.0639  d3.loss_iou: 0.2640  d4.loss_cls: 0.0469  d4.loss_bbox: 0.0636  d4.loss_iou: 0.2635  enc_loss_cls: 0.0676  enc_loss_bbox: 0.0752  enc_loss_iou: 0.2863  dn_loss_cls: 0.0026  dn_loss_bbox: 0.0585  dn_loss_iou: 0.1717  d0.dn_loss_cls: 0.0137  d0.dn_loss_bbox: 0.0858  d0.dn_loss_iou: 0.2278  d1.dn_loss_cls: 0.0035  d1.dn_loss_bbox: 0.0620  d1.dn_loss_iou: 0.1817  d2.dn_loss_cls: 0.0028  d2.dn_loss_bbox: 0.0589  d2.dn_loss_iou: 0.1740  d3.dn_loss_cls: 0.0025  d3.dn_loss_bbox: 0.0587  d3.dn_loss_iou: 0.1728  d4.dn_loss_cls: 0.0025  d4.dn_loss_bbox: 0.0585  d4.dn_loss_iou: 0.1717  contr_loss: 1.3542
08/07 17:32:31 - mmengine - INFO - Exp name: lae_dino_swin-t_finetune_DIOR_20260807_105315
08/07 17:32:31 - mmengine - INFO - Saving checkpoint at 30 epochs
08/07 17:32:42 - mmengine - INFO - Epoch(val) [30][ 50/147]    eta: 0:00:10  time: 0.1033  data_time: 0.0027  memory: 9847  
08/07 17:32:47 - mmengine - INFO - Epoch(val) [30][100/147]    eta: 0:00:04  time: 0.1011  data_time: 0.0021  memory: 3800  
08/07 17:32:55 - mmengine - INFO - Evaluating bbox...
Loading and preparing results...
DONE (t=0.41s)
creating index...
index created!
Running per image evaluation...
Evaluate annotation type *bbox*
DONE (t=8.60s).
Accumulating evaluation results...
DONE (t=3.15s).
 Average Precision  (AP) @[ IoU=0.50:0.95 | area=   all | maxDets=100 ] = 0.736
 Average Precision  (AP) @[ IoU=0.50      | area=   all | maxDets=1000 ] = 0.913
 Average Precision  (AP) @[ IoU=0.75      | area=   all | maxDets=1000 ] = 0.802
 Average Precision  (AP) @[ IoU=0.50:0.95 | area= small | maxDets=1000 ] = 0.258
 Average Precision  (AP) @[ IoU=0.50:0.95 | area=medium | maxDets=1000 ] = 0.628
 Average Precision  (AP) @[ IoU=0.50:0.95 | area= large | maxDets=1000 ] = 0.845
 Average Recall     (AR) @[ IoU=0.50:0.95 | area=   all | maxDets=100 ] = 0.835
 Average Recall     (AR) @[ IoU=0.50:0.95 | area=   all | maxDets=300 ] = 0.841
 Average Recall     (AR) @[ IoU=0.50:0.95 | area=   all | maxDets=1000 ] = 0.841
 Average Recall     (AR) @[ IoU=0.50:0.95 | area= small | maxDets=1000 ] = 0.428
 Average Recall     (AR) @[ IoU=0.50:0.95 | area=medium | maxDets=1000 ] = 0.771
 Average Recall     (AR) @[ IoU=0.50:0.95 | area= large | maxDets=1000 ] = 0.919
08/07 17:33:08 - mmengine - INFO - bbox_mAP_copypaste: 0.736 0.913 0.802 0.258 0.628 0.845
================DIOR/coco================
08/07 17:33:08 - mmengine - INFO - Epoch(val) [30][147/147]    DIOR/coco/bbox_mAP: 0.7360  DIOR/coco/bbox_mAP_50: 0.9130  DIOR/coco/bbox_mAP_75: 0.8020  DIOR/coco/bbox_mAP_s: 0.2580  DIOR/coco/bbox_mAP_m: 0.6280  DIOR/coco/bbox_mAP_l: 0.8450  data_time: 0.0022  time: 0.1015
08/07 17:34:03 - mmengine - INFO - Epoch(train) [31][ 50/698]  base_lr: 1.0000e-05 lr: 1.0000e-05  eta: 0:24:26  time: 1.0915  data_time: 0.0152  memory: 10091  grad_norm: 41.5653  loss: 4.1063  loss_cls: 0.0431  loss_bbox: 0.0523  loss_iou: 0.1743  d0.loss_cls: 0.0534  d0.loss_bbox: 0.0570  d0.loss_iou: 0.1841  d1.loss_cls: 0.0520  d1.loss_bbox: 0.0536  d1.loss_iou: 0.1778  d2.loss_cls: 0.0475  d2.loss_bbox: 0.0531  d2.loss_iou: 0.1767  d3.loss_cls: 0.0459  d3.loss_bbox: 0.0522  d3.loss_iou: 0.1751  d4.loss_cls: 0.0439  d4.loss_bbox: 0.0523  d4.loss_iou: 0.1742  enc_loss_cls: 0.0696  enc_loss_bbox: 0.0625  enc_loss_iou: 0.1939  dn_loss_cls: 0.0022  dn_loss_bbox: 0.0689  dn_loss_iou: 0.1712  d0.dn_loss_cls: 0.0144  d0.dn_loss_bbox: 0.0999  d0.dn_loss_iou: 0.2264  d1.dn_loss_cls: 0.0038  d1.dn_loss_bbox: 0.0732  d1.dn_loss_iou: 0.1802  d2.dn_loss_cls: 0.0031  d2.dn_loss_bbox: 0.0706  d2.dn_loss_iou: 0.1741  d3.dn_loss_cls: 0.0022  d3.dn_loss_bbox: 0.0691  d3.dn_loss_iou: 0.1718  d4.dn_loss_cls: 0.0020  d4.dn_loss_bbox: 0.0689  d4.dn_loss_iou: 0.1712  contr_loss: 0.5382
08/07 17:34:13 - mmengine - INFO - Exp name: lae_dino_swin-t_finetune_DIOR_20260807_105315
08/07 17:34:57 - mmengine - INFO - Epoch(train) [31][100/698]  base_lr: 1.0000e-05 lr: 1.0000e-05  eta: 0:23:32  time: 1.0937  data_time: 0.0093  memory: 10109  grad_norm: 38.6428  loss: 4.9824  loss_cls: 0.0387  loss_bbox: 0.0521  loss_iou: 0.2409  d0.loss_cls: 0.0524  d0.loss_bbox: 0.0530  d0.loss_iou: 0.2435  d1.loss_cls: 0.0478  d1.loss_bbox: 0.0520  d1.loss_iou: 0.2427  d2.loss_cls: 0.0462  d2.loss_bbox: 0.0515  d2.loss_iou: 0.2395  d3.loss_cls: 0.0409  d3.loss_bbox: 0.0518  d3.loss_iou: 0.2396  d4.loss_cls: 0.0394  d4.loss_bbox: 0.0520  d4.loss_iou: 0.2402  enc_loss_cls: 0.0660  enc_loss_bbox: 0.0585  enc_loss_iou: 0.2532  dn_loss_cls: 0.0011  dn_loss_bbox: 0.0535  dn_loss_iou: 0.1747  d0.dn_loss_cls: 0.0116  d0.dn_loss_bbox: 0.0788  d0.dn_loss_iou: 0.2270  d1.dn_loss_cls: 0.0022  d1.dn_loss_bbox: 0.0576  d1.dn_loss_iou: 0.1837  d2.dn_loss_cls: 0.0019  d2.dn_loss_bbox: 0.0544  d2.dn_loss_iou: 0.1763  d3.dn_loss_cls: 0.0015  d3.dn_loss_bbox: 0.0536  d3.dn_loss_iou: 0.1751  d4.dn_loss_cls: 0.0012  d4.dn_loss_bbox: 0.0536  d4.dn_loss_iou: 0.1749  contr_loss: 1.0977
08/07 17:35:52 - mmengine - INFO - Epoch(train) [31][150/698]  base_lr: 1.0000e-05 lr: 1.0000e-05  eta: 0:22:37  time: 1.0883  data_time: 0.0098  memory: 10168  grad_norm: 41.4443  loss: 4.8711  loss_cls: 0.0545  loss_bbox: 0.0538  loss_iou: 0.2478  d0.loss_cls: 0.0685  d0.loss_bbox: 0.0554  d0.loss_iou: 0.2488  d1.loss_cls: 0.0624  d1.loss_bbox: 0.0548  d1.loss_iou: 0.2491  d2.loss_cls: 0.0571  d2.loss_bbox: 0.0577  d2.loss_iou: 0.2510  d3.loss_cls: 0.0551  d3.loss_bbox: 0.0551  d3.loss_iou: 0.2505  d4.loss_cls: 0.0530  d4.loss_bbox: 0.0551  d4.loss_iou: 0.2503  enc_loss_cls: 0.0728  enc_loss_bbox: 0.0631  enc_loss_iou: 0.2654  dn_loss_cls: 0.0040  dn_loss_bbox: 0.0524  dn_loss_iou: 0.1577  d0.dn_loss_cls: 0.0137  d0.dn_loss_bbox: 0.0775  d0.dn_loss_iou: 0.2072  d1.dn_loss_cls: 0.0039  d1.dn_loss_bbox: 0.0553  d1.dn_loss_iou: 0.1664  d2.dn_loss_cls: 0.0033  d2.dn_loss_bbox: 0.0529  d2.dn_loss_iou: 0.1596  d3.dn_loss_cls: 0.0035  d3.dn_loss_bbox: 0.0524  d3.dn_loss_iou: 0.1579  d4.dn_loss_cls: 0.0040  d4.dn_loss_bbox: 0.0525  d4.dn_loss_iou: 0.1579  contr_loss: 0.9079
08/07 17:36:46 - mmengine - INFO - Epoch(train) [31][200/698]  base_lr: 1.0000e-05 lr: 1.0000e-05  eta: 0:21:43  time: 1.0815  data_time: 0.0092  memory: 10863  grad_norm: 36.8787  loss: 4.7708  loss_cls: 0.0361  loss_bbox: 0.0536  loss_iou: 0.2487  d0.loss_cls: 0.0457  d0.loss_bbox: 0.0557  d0.loss_iou: 0.2538  d1.loss_cls: 0.0394  d1.loss_bbox: 0.0549  d1.loss_iou: 0.2518  d2.loss_cls: 0.0384  d2.loss_bbox: 0.0541  d2.loss_iou: 0.2507  d3.loss_cls: 0.0373  d3.loss_bbox: 0.0538  d3.loss_iou: 0.2491  d4.loss_cls: 0.0355  d4.loss_bbox: 0.0536  d4.loss_iou: 0.2488  enc_loss_cls: 0.0597  enc_loss_bbox: 0.0617  enc_loss_iou: 0.2662  dn_loss_cls: 0.0022  dn_loss_bbox: 0.0589  dn_loss_iou: 0.1759  d0.dn_loss_cls: 0.0118  d0.dn_loss_bbox: 0.0893  d0.dn_loss_iou: 0.2362  d1.dn_loss_cls: 0.0034  d1.dn_loss_bbox: 0.0640  d1.dn_loss_iou: 0.1871  d2.dn_loss_cls: 0.0025  d2.dn_loss_bbox: 0.0605  d2.dn_loss_iou: 0.1781  d3.dn_loss_cls: 0.0022  d3.dn_loss_bbox: 0.0594  d3.dn_loss_iou: 0.1768  d4.dn_loss_cls: 0.0022  d4.dn_loss_bbox: 0.0591  d4.dn_loss_iou: 0.1759  contr_loss: 0.7766
08/07 17:37:41 - mmengine - INFO - Epoch(train) [31][250/698]  base_lr: 1.0000e-05 lr: 1.0000e-05  eta: 0:20:48  time: 1.0965  data_time: 0.0090  memory: 10041  grad_norm: 41.8153  loss: 5.0586  loss_cls: 0.0363  loss_bbox: 0.0521  loss_iou: 0.2340  d0.loss_cls: 0.0460  d0.loss_bbox: 0.0558  d0.loss_iou: 0.2397  d1.loss_cls: 0.0436  d1.loss_bbox: 0.0540  d1.loss_iou: 0.2363  d2.loss_cls: 0.0424  d2.loss_bbox: 0.0527  d2.loss_iou: 0.2357  d3.loss_cls: 0.0383  d3.loss_bbox: 0.0523  d3.loss_iou: 0.2338  d4.loss_cls: 0.0368  d4.loss_bbox: 0.0521  d4.loss_iou: 0.2339  enc_loss_cls: 0.0573  enc_loss_bbox: 0.0608  enc_loss_iou: 0.2494  dn_loss_cls: 0.0012  dn_loss_bbox: 0.0586  dn_loss_iou: 0.1794  d0.dn_loss_cls: 0.0128  d0.dn_loss_bbox: 0.0895  d0.dn_loss_iou: 0.2389  d1.dn_loss_cls: 0.0025  d1.dn_loss_bbox: 0.0622  d1.dn_loss_iou: 0.1896  d2.dn_loss_cls: 0.0018  d2.dn_loss_bbox: 0.0592  d2.dn_loss_iou: 0.1820  d3.dn_loss_cls: 0.0014  d3.dn_loss_bbox: 0.0588  d3.dn_loss_iou: 0.1795  d4.dn_loss_cls: 0.0012  d4.dn_loss_bbox: 0.0587  d4.dn_loss_iou: 0.1796  contr_loss: 1.1581
08/07 17:38:35 - mmengine - INFO - Epoch(train) [31][300/698]  base_lr: 1.0000e-05 lr: 1.0000e-05  eta: 0:19:54  time: 1.0893  data_time: 0.0099  memory: 11037  grad_norm: 42.7842  loss: 5.1272  loss_cls: 0.0299  loss_bbox: 0.0605  loss_iou: 0.2392  d0.loss_cls: 0.0441  d0.loss_bbox: 0.0623  d0.loss_iou: 0.2450  d1.loss_cls: 0.0376  d1.loss_bbox: 0.0624  d1.loss_iou: 0.2445  d2.loss_cls: 0.0385  d2.loss_bbox: 0.0599  d2.loss_iou: 0.2401  d3.loss_cls: 0.0348  d3.loss_bbox: 0.0610  d3.loss_iou: 0.2404  d4.loss_cls: 0.0312  d4.loss_bbox: 0.0605  d4.loss_iou: 0.2394  enc_loss_cls: 0.0611  enc_loss_bbox: 0.0695  enc_loss_iou: 0.2579  dn_loss_cls: 0.0024  dn_loss_bbox: 0.0634  dn_loss_iou: 0.1670  d0.dn_loss_cls: 0.0134  d0.dn_loss_bbox: 0.0934  d0.dn_loss_iou: 0.2230  d1.dn_loss_cls: 0.0035  d1.dn_loss_bbox: 0.0680  d1.dn_loss_iou: 0.1770  d2.dn_loss_cls: 0.0026  d2.dn_loss_bbox: 0.0648  d2.dn_loss_iou: 0.1692  d3.dn_loss_cls: 0.0023  d3.dn_loss_bbox: 0.0640  d3.dn_loss_iou: 0.1678  d4.dn_loss_cls: 0.0025  d4.dn_loss_bbox: 0.0635  d4.dn_loss_iou: 0.1672  contr_loss: 1.1924
08/07 17:39:29 - mmengine - INFO - Epoch(train) [31][350/698]  base_lr: 1.0000e-05 lr: 1.0000e-05  eta: 0:18:59  time: 1.0828  data_time: 0.0090  memory: 10321  grad_norm: 43.2906  loss: 5.3816  loss_cls: 0.0554  loss_bbox: 0.0519  loss_iou: 0.2851  d0.loss_cls: 0.0675  d0.loss_bbox: 0.0542  d0.loss_iou: 0.2954  d1.loss_cls: 0.0609  d1.loss_bbox: 0.0539  d1.loss_iou: 0.2904  d2.loss_cls: 0.0593  d2.loss_bbox: 0.0523  d2.loss_iou: 0.2875  d3.loss_cls: 0.0571  d3.loss_bbox: 0.0522  d3.loss_iou: 0.2855  d4.loss_cls: 0.0569  d4.loss_bbox: 0.0520  d4.loss_iou: 0.2854  enc_loss_cls: 0.0788  enc_loss_bbox: 0.0604  enc_loss_iou: 0.3081  dn_loss_cls: 0.0017  dn_loss_bbox: 0.0457  dn_loss_iou: 0.1751  d0.dn_loss_cls: 0.0114  d0.dn_loss_bbox: 0.0698  d0.dn_loss_iou: 0.2328  d1.dn_loss_cls: 0.0031  d1.dn_loss_bbox: 0.0501  d1.dn_loss_iou: 0.1859  d2.dn_loss_cls: 0.0024  d2.dn_loss_bbox: 0.0473  d2.dn_loss_iou: 0.1794  d3.dn_loss_cls: 0.0020  d3.dn_loss_bbox: 0.0463  d3.dn_loss_iou: 0.1765  d4.dn_loss_cls: 0.0017  d4.dn_loss_bbox: 0.0458  d4.dn_loss_iou: 0.1752  contr_loss: 1.0795
08/07 17:40:25 - mmengine - INFO - Epoch(train) [31][400/698]  base_lr: 1.0000e-05 lr: 1.0000e-05  eta: 0:18:05  time: 1.1044  data_time: 0.0090  memory: 9729  grad_norm: 40.8577  loss: 5.6357  loss_cls: 0.0415  loss_bbox: 0.0602  loss_iou: 0.2409  d0.loss_cls: 0.0575  d0.loss_bbox: 0.0645  d0.loss_iou: 0.2467  d1.loss_cls: 0.0490  d1.loss_bbox: 0.0634  d1.loss_iou: 0.2454  d2.loss_cls: 0.0419  d2.loss_bbox: 0.0616  d2.loss_iou: 0.2440  d3.loss_cls: 0.0423  d3.loss_bbox: 0.0604  d3.loss_iou: 0.2422  d4.loss_cls: 0.0427  d4.loss_bbox: 0.0602  d4.loss_iou: 0.2411  enc_loss_cls: 0.0691  enc_loss_bbox: 0.0721  enc_loss_iou: 0.2643  dn_loss_cls: 0.0015  dn_loss_bbox: 0.0630  dn_loss_iou: 0.1768  d0.dn_loss_cls: 0.0154  d0.dn_loss_bbox: 0.0941  d0.dn_loss_iou: 0.2354  d1.dn_loss_cls: 0.0037  d1.dn_loss_bbox: 0.0683  d1.dn_loss_iou: 0.1880  d2.dn_loss_cls: 0.0023  d2.dn_loss_bbox: 0.0638  d2.dn_loss_iou: 0.1790  d3.dn_loss_cls: 0.0018  d3.dn_loss_bbox: 0.0630  d3.dn_loss_iou: 0.1773  d4.dn_loss_cls: 0.0016  d4.dn_loss_bbox: 0.0631  d4.dn_loss_iou: 0.1769  contr_loss: 1.5500
08/07 17:41:19 - mmengine - INFO - Epoch(train) [31][450/698]  base_lr: 1.0000e-05 lr: 1.0000e-05  eta: 0:17:10  time: 1.0787  data_time: 0.0092  memory: 9977  grad_norm: 40.1434  loss: 5.0794  loss_cls: 0.0497  loss_bbox: 0.0579  loss_iou: 0.2478  d0.loss_cls: 0.0598  d0.loss_bbox: 0.0614  d0.loss_iou: 0.2558  d1.loss_cls: 0.0533  d1.loss_bbox: 0.0595  d1.loss_iou: 0.2523  d2.loss_cls: 0.0496  d2.loss_bbox: 0.0587  d2.loss_iou: 0.2488  d3.loss_cls: 0.0503  d3.loss_bbox: 0.0584  d3.loss_iou: 0.2484  d4.loss_cls: 0.0499  d4.loss_bbox: 0.0580  d4.loss_iou: 0.2479  enc_loss_cls: 0.0702  enc_loss_bbox: 0.0689  enc_loss_iou: 0.2707  dn_loss_cls: 0.0011  dn_loss_bbox: 0.0566  dn_loss_iou: 0.1752  d0.dn_loss_cls: 0.0143  d0.dn_loss_bbox: 0.0836  d0.dn_loss_iou: 0.2332  d1.dn_loss_cls: 0.0031  d1.dn_loss_bbox: 0.0607  d1.dn_loss_iou: 0.1859  d2.dn_loss_cls: 0.0018  d2.dn_loss_bbox: 0.0576  d2.dn_loss_iou: 0.1778  d3.dn_loss_cls: 0.0014  d3.dn_loss_bbox: 0.0570  d3.dn_loss_iou: 0.1763  d4.dn_loss_cls: 0.0012  d4.dn_loss_bbox: 0.0567  d4.dn_loss_iou: 0.1754  contr_loss: 0.9832
08/07 17:42:13 - mmengine - INFO - Epoch(train) [31][500/698]  base_lr: 1.0000e-05 lr: 1.0000e-05  eta: 0:16:16  time: 1.0978  data_time: 0.0094  memory: 10154  grad_norm: 35.9243  loss: 5.5018  loss_cls: 0.0360  loss_bbox: 0.0677  loss_iou: 0.2518  d0.loss_cls: 0.0440  d0.loss_bbox: 0.0711  d0.loss_iou: 0.2600  d1.loss_cls: 0.0404  d1.loss_bbox: 0.0692  d1.loss_iou: 0.2561  d2.loss_cls: 0.0389  d2.loss_bbox: 0.0692  d2.loss_iou: 0.2532  d3.loss_cls: 0.0373  d3.loss_bbox: 0.0681  d3.loss_iou: 0.2511  d4.loss_cls: 0.0363  d4.loss_bbox: 0.0677  d4.loss_iou: 0.2516  enc_loss_cls: 0.0598  enc_loss_bbox: 0.0759  enc_loss_iou: 0.2693  dn_loss_cls: 0.0011  dn_loss_bbox: 0.0694  dn_loss_iou: 0.1828  d0.dn_loss_cls: 0.0133  d0.dn_loss_bbox: 0.0947  d0.dn_loss_iou: 0.2374  d1.dn_loss_cls: 0.0025  d1.dn_loss_bbox: 0.0729  d1.dn_loss_iou: 0.1919  d2.dn_loss_cls: 0.0015  d2.dn_loss_bbox: 0.0702  d2.dn_loss_iou: 0.1844  d3.dn_loss_cls: 0.0011  d3.dn_loss_bbox: 0.0694  d3.dn_loss_iou: 0.1829  d4.dn_loss_cls: 0.0011  d4.dn_loss_bbox: 0.0694  d4.dn_loss_iou: 0.1829  contr_loss: 1.2980
08/07 17:43:07 - mmengine - INFO - Epoch(train) [31][550/698]  base_lr: 1.0000e-05 lr: 1.0000e-05  eta: 0:15:21  time: 1.0757  data_time: 0.0090  memory: 9615  grad_norm: 37.2315  loss: 4.7050  loss_cls: 0.0418  loss_bbox: 0.0555  loss_iou: 0.2062  d0.loss_cls: 0.0511  d0.loss_bbox: 0.0622  d0.loss_iou: 0.2126  d1.loss_cls: 0.0487  d1.loss_bbox: 0.0586  d1.loss_iou: 0.2079  d2.loss_cls: 0.0466  d2.loss_bbox: 0.0578  d2.loss_iou: 0.2077  d3.loss_cls: 0.0427  d3.loss_bbox: 0.0570  d3.loss_iou: 0.2069  d4.loss_cls: 0.0430  d4.loss_bbox: 0.0555  d4.loss_iou: 0.2061  enc_loss_cls: 0.0648  enc_loss_bbox: 0.0675  enc_loss_iou: 0.2266  dn_loss_cls: 0.0040  dn_loss_bbox: 0.0736  dn_loss_iou: 0.1655  d0.dn_loss_cls: 0.0129  d0.dn_loss_bbox: 0.1077  d0.dn_loss_iou: 0.2226  d1.dn_loss_cls: 0.0053  d1.dn_loss_bbox: 0.0788  d1.dn_loss_iou: 0.1755  d2.dn_loss_cls: 0.0042  d2.dn_loss_bbox: 0.0748  d2.dn_loss_iou: 0.1682  d3.dn_loss_cls: 0.0041  d3.dn_loss_bbox: 0.0738  d3.dn_loss_iou: 0.1667  d4.dn_loss_cls: 0.0044  d4.dn_loss_bbox: 0.0736  d4.dn_loss_iou: 0.1657  contr_loss: 0.8971
08/07 17:44:02 - mmengine - INFO - Epoch(train) [31][600/698]  base_lr: 1.0000e-05 lr: 1.0000e-05  eta: 0:14:27  time: 1.0976  data_time: 0.0093  memory: 10206  grad_norm: 41.5591  loss: 6.3534  loss_cls: 0.0752  loss_bbox: 0.0587  loss_iou: 0.3721  d0.loss_cls: 0.0920  d0.loss_bbox: 0.0619  d0.loss_iou: 0.3841  d1.loss_cls: 0.0832  d1.loss_bbox: 0.0602  d1.loss_iou: 0.3755  d2.loss_cls: 0.0788  d2.loss_bbox: 0.0591  d2.loss_iou: 0.3736  d3.loss_cls: 0.0766  d3.loss_bbox: 0.0585  d3.loss_iou: 0.3723  d4.loss_cls: 0.0763  d4.loss_bbox: 0.0585  d4.loss_iou: 0.3715  enc_loss_cls: 0.0996  enc_loss_bbox: 0.0674  enc_loss_iou: 0.4012  dn_loss_cls: 0.0025  dn_loss_bbox: 0.0561  dn_loss_iou: 0.2174  d0.dn_loss_cls: 0.0157  d0.dn_loss_bbox: 0.0854  d0.dn_loss_iou: 0.2859  d1.dn_loss_cls: 0.0051  d1.dn_loss_bbox: 0.0604  d1.dn_loss_iou: 0.2309  d2.dn_loss_cls: 0.0035  d2.dn_loss_bbox: 0.0576  d2.dn_loss_iou: 0.2215  d3.dn_loss_cls: 0.0027  d3.dn_loss_bbox: 0.0564  d3.dn_loss_iou: 0.2190  d4.dn_loss_cls: 0.0026  d4.dn_loss_bbox: 0.0561  d4.dn_loss_iou: 0.2173  contr_loss: 0.9010
08/07 17:44:57 - mmengine - INFO - Epoch(train) [31][650/698]  base_lr: 1.0000e-05 lr: 1.0000e-05  eta: 0:13:32  time: 1.1077  data_time: 0.0090  memory: 10273  grad_norm: 45.1750  loss: 5.3658  loss_cls: 0.0401  loss_bbox: 0.0581  loss_iou: 0.2143  d0.loss_cls: 0.0532  d0.loss_bbox: 0.0580  d0.loss_iou: 0.2134  d1.loss_cls: 0.0429  d1.loss_bbox: 0.0607  d1.loss_iou: 0.2182  d2.loss_cls: 0.0466  d2.loss_bbox: 0.0579  d2.loss_iou: 0.2131  d3.loss_cls: 0.0429  d3.loss_bbox: 0.0582  d3.loss_iou: 0.2143  d4.loss_cls: 0.0406  d4.loss_bbox: 0.0581  d4.loss_iou: 0.2144  enc_loss_cls: 0.0618  enc_loss_bbox: 0.0668  enc_loss_iou: 0.2271  dn_loss_cls: 0.0020  dn_loss_bbox: 0.0742  dn_loss_iou: 0.2075  d0.dn_loss_cls: 0.0147  d0.dn_loss_bbox: 0.1029  d0.dn_loss_iou: 0.2701  d1.dn_loss_cls: 0.0037  d1.dn_loss_bbox: 0.0781  d1.dn_loss_iou: 0.2189  d2.dn_loss_cls: 0.0029  d2.dn_loss_bbox: 0.0746  d2.dn_loss_iou: 0.2094  d3.dn_loss_cls: 0.0023  d3.dn_loss_bbox: 0.0744  d3.dn_loss_iou: 0.2080  d4.dn_loss_cls: 0.0021  d4.dn_loss_bbox: 0.0743  d4.dn_loss_iou: 0.2076  contr_loss: 1.2774
08/07 17:45:49 - mmengine - INFO - Exp name: lae_dino_swin-t_finetune_DIOR_20260807_105315
08/07 17:45:49 - mmengine - INFO - Saving checkpoint at 31 epochs
08/07 17:46:01 - mmengine - INFO - Epoch(val) [31][ 50/147]    eta: 0:00:09  time: 0.1021  data_time: 0.0025  memory: 10222  
08/07 17:46:06 - mmengine - INFO - Epoch(val) [31][100/147]    eta: 0:00:04  time: 0.1018  data_time: 0.0020  memory: 3800  
08/07 17:46:14 - mmengine - INFO - Evaluating bbox...
Loading and preparing results...
DONE (t=0.59s)
creating index...
index created!
Running per image evaluation...
Evaluate annotation type *bbox*
DONE (t=8.46s).
Accumulating evaluation results...
DONE (t=3.06s).
 Average Precision  (AP) @[ IoU=0.50:0.95 | area=   all | maxDets=100 ] = 0.742
 Average Precision  (AP) @[ IoU=0.50      | area=   all | maxDets=1000 ] = 0.916
 Average Precision  (AP) @[ IoU=0.75      | area=   all | maxDets=1000 ] = 0.807
 Average Precision  (AP) @[ IoU=0.50:0.95 | area= small | maxDets=1000 ] = 0.257
 Average Precision  (AP) @[ IoU=0.50:0.95 | area=medium | maxDets=1000 ] = 0.634
 Average Precision  (AP) @[ IoU=0.50:0.95 | area= large | maxDets=1000 ] = 0.849
 Average Recall     (AR) @[ IoU=0.50:0.95 | area=   all | maxDets=100 ] = 0.837
 Average Recall     (AR) @[ IoU=0.50:0.95 | area=   all | maxDets=300 ] = 0.843
 Average Recall     (AR) @[ IoU=0.50:0.95 | area=   all | maxDets=1000 ] = 0.843
 Average Recall     (AR) @[ IoU=0.50:0.95 | area= small | maxDets=1000 ] = 0.428
 Average Recall     (AR) @[ IoU=0.50:0.95 | area=medium | maxDets=1000 ] = 0.784
 Average Recall     (AR) @[ IoU=0.50:0.95 | area= large | maxDets=1000 ] = 0.920
08/07 17:46:27 - mmengine - INFO - bbox_mAP_copypaste: 0.742 0.916 0.807 0.257 0.634 0.849
================DIOR/coco================
08/07 17:46:27 - mmengine - INFO - Epoch(val) [31][147/147]    DIOR/coco/bbox_mAP: 0.7420  DIOR/coco/bbox_mAP_50: 0.9160  DIOR/coco/bbox_mAP_75: 0.8070  DIOR/coco/bbox_mAP_s: 0.2570  DIOR/coco/bbox_mAP_m: 0.6340  DIOR/coco/bbox_mAP_l: 0.8490  data_time: 0.0021  time: 0.1009
08/07 17:47:22 - mmengine - INFO - Epoch(train) [32][ 50/698]  base_lr: 1.0000e-05 lr: 1.0000e-05  eta: 0:11:46  time: 1.1030  data_time: 0.0164  memory: 10671  grad_norm: 36.9052  loss: 5.4264  loss_cls: 0.0307  loss_bbox: 0.0620  loss_iou: 0.2977  d0.loss_cls: 0.0409  d0.loss_bbox: 0.0654  d0.loss_iou: 0.3072  d1.loss_cls: 0.0346  d1.loss_bbox: 0.0639  d1.loss_iou: 0.3035  d2.loss_cls: 0.0329  d2.loss_bbox: 0.0626  d2.loss_iou: 0.3008  d3.loss_cls: 0.0310  d3.loss_bbox: 0.0624  d3.loss_iou: 0.3005  d4.loss_cls: 0.0307  d4.loss_bbox: 0.0620  d4.loss_iou: 0.2979  enc_loss_cls: 0.0576  enc_loss_bbox: 0.0721  enc_loss_iou: 0.3153  dn_loss_cls: 0.0013  dn_loss_bbox: 0.0615  dn_loss_iou: 0.1672  d0.dn_loss_cls: 0.0105  d0.dn_loss_bbox: 0.0856  d0.dn_loss_iou: 0.2168  d1.dn_loss_cls: 0.0024  d1.dn_loss_bbox: 0.0663  d1.dn_loss_iou: 0.1768  d2.dn_loss_cls: 0.0018  d2.dn_loss_bbox: 0.0634  d2.dn_loss_iou: 0.1697  d3.dn_loss_cls: 0.0013  d3.dn_loss_bbox: 0.0622  d3.dn_loss_iou: 0.1681  d4.dn_loss_cls: 0.0013  d4.dn_loss_bbox: 0.0616  d4.dn_loss_iou: 0.1674  contr_loss: 1.1098
08/07 17:48:17 - mmengine - INFO - Epoch(train) [32][100/698]  base_lr: 1.0000e-05 lr: 1.0000e-05  eta: 0:10:51  time: 1.0997  data_time: 0.0090  memory: 9479  grad_norm: 37.1436  loss: 4.8684  loss_cls: 0.0335  loss_bbox: 0.0542  loss_iou: 0.2211  d0.loss_cls: 0.0463  d0.loss_bbox: 0.0560  d0.loss_iou: 0.2252  d1.loss_cls: 0.0396  d1.loss_bbox: 0.0551  d1.loss_iou: 0.2245  d2.loss_cls: 0.0351  d2.loss_bbox: 0.0544  d2.loss_iou: 0.2208  d3.loss_cls: 0.0353  d3.loss_bbox: 0.0546  d3.loss_iou: 0.2220  d4.loss_cls: 0.0337  d4.loss_bbox: 0.0542  d4.loss_iou: 0.2212  enc_loss_cls: 0.0640  enc_loss_bbox: 0.0619  enc_loss_iou: 0.2353  dn_loss_cls: 0.0035  dn_loss_bbox: 0.0673  dn_loss_iou: 0.1802  d0.dn_loss_cls: 0.0162  d0.dn_loss_bbox: 0.0955  d0.dn_loss_iou: 0.2319  d1.dn_loss_cls: 0.0055  d1.dn_loss_bbox: 0.0708  d1.dn_loss_iou: 0.1884  d2.dn_loss_cls: 0.0041  d2.dn_loss_bbox: 0.0685  d2.dn_loss_iou: 0.1817  d3.dn_loss_cls: 0.0037  d3.dn_loss_bbox: 0.0675  d3.dn_loss_iou: 0.1805  d4.dn_loss_cls: 0.0035  d4.dn_loss_bbox: 0.0673  d4.dn_loss_iou: 0.1802  contr_loss: 1.0038
08/07 17:49:12 - mmengine - INFO - Epoch(train) [32][150/698]  base_lr: 1.0000e-05 lr: 1.0000e-05  eta: 0:09:57  time: 1.0961  data_time: 0.0091  memory: 10759  grad_norm: 38.8045  loss: 4.3690  loss_cls: 0.0422  loss_bbox: 0.0507  loss_iou: 0.2408  d0.loss_cls: 0.0545  d0.loss_bbox: 0.0542  d0.loss_iou: 0.2480  d1.loss_cls: 0.0491  d1.loss_bbox: 0.0521  d1.loss_iou: 0.2452  d2.loss_cls: 0.0473  d2.loss_bbox: 0.0517  d2.loss_iou: 0.2432  d3.loss_cls: 0.0441  d3.loss_bbox: 0.0507  d3.loss_iou: 0.2423  d4.loss_cls: 0.0427  d4.loss_bbox: 0.0507  d4.loss_iou: 0.2415  enc_loss_cls: 0.0641  enc_loss_bbox: 0.0607  enc_loss_iou: 0.2602  dn_loss_cls: 0.0013  dn_loss_bbox: 0.0614  dn_loss_iou: 0.1793  d0.dn_loss_cls: 0.0131  d0.dn_loss_bbox: 0.0938  d0.dn_loss_iou: 0.2366  d1.dn_loss_cls: 0.0024  d1.dn_loss_bbox: 0.0656  d1.dn_loss_iou: 0.1891  d2.dn_loss_cls: 0.0014  d2.dn_loss_bbox: 0.0631  d2.dn_loss_iou: 0.1821  d3.dn_loss_cls: 0.0012  d3.dn_loss_bbox: 0.0614  d3.dn_loss_iou: 0.1802  d4.dn_loss_cls: 0.0012  d4.dn_loss_bbox: 0.0614  d4.dn_loss_iou: 0.1791  contr_loss: 0.3593
08/07 17:50:06 - mmengine - INFO - Epoch(train) [32][200/698]  base_lr: 1.0000e-05 lr: 1.0000e-05  eta: 0:09:02  time: 1.0822  data_time: 0.0092  memory: 9538  grad_norm: 40.6736  loss: 4.6817  loss_cls: 0.0337  loss_bbox: 0.0634  loss_iou: 0.2732  d0.loss_cls: 0.0456  d0.loss_bbox: 0.0660  d0.loss_iou: 0.2802  d1.loss_cls: 0.0374  d1.loss_bbox: 0.0646  d1.loss_iou: 0.2779  d2.loss_cls: 0.0364  d2.loss_bbox: 0.0643  d2.loss_iou: 0.2767  d3.loss_cls: 0.0362  d3.loss_bbox: 0.0620  d3.loss_iou: 0.2737  d4.loss_cls: 0.0341  d4.loss_bbox: 0.0635  d4.loss_iou: 0.2733  enc_loss_cls: 0.0570  enc_loss_bbox: 0.0730  enc_loss_iou: 0.2950  dn_loss_cls: 0.0024  dn_loss_bbox: 0.0533  dn_loss_iou: 0.1626  d0.dn_loss_cls: 0.0131  d0.dn_loss_bbox: 0.0811  d0.dn_loss_iou: 0.2195  d1.dn_loss_cls: 0.0034  d1.dn_loss_bbox: 0.0580  d1.dn_loss_iou: 0.1733  d2.dn_loss_cls: 0.0028  d2.dn_loss_bbox: 0.0545  d2.dn_loss_iou: 0.1653  d3.dn_loss_cls: 0.0024  d3.dn_loss_bbox: 0.0535  d3.dn_loss_iou: 0.1633  d4.dn_loss_cls: 0.0024  d4.dn_loss_bbox: 0.0533  d4.dn_loss_iou: 0.1625  contr_loss: 0.5675
08/07 17:51:01 - mmengine - INFO - Epoch(train) [32][250/698]  base_lr: 1.0000e-05 lr: 1.0000e-05  eta: 0:08:08  time: 1.1053  data_time: 0.0088  memory: 10429  grad_norm: 42.0582  loss: 5.1751  loss_cls: 0.0508  loss_bbox: 0.0655  loss_iou: 0.2515  d0.loss_cls: 0.0597  d0.loss_bbox: 0.0660  d0.loss_iou: 0.2574  d1.loss_cls: 0.0560  d1.loss_bbox: 0.0661  d1.loss_iou: 0.2547  d2.loss_cls: 0.0531  d2.loss_bbox: 0.0662  d2.loss_iou: 0.2527  d3.loss_cls: 0.0525  d3.loss_bbox: 0.0657  d3.loss_iou: 0.2522  d4.loss_cls: 0.0516  d4.loss_bbox: 0.0655  d4.loss_iou: 0.2517  enc_loss_cls: 0.0808  enc_loss_bbox: 0.0686  enc_loss_iou: 0.2635  dn_loss_cls: 0.0015  dn_loss_bbox: 0.0730  dn_loss_iou: 0.2012  d0.dn_loss_cls: 0.0136  d0.dn_loss_bbox: 0.0982  d0.dn_loss_iou: 0.2633  d1.dn_loss_cls: 0.0037  d1.dn_loss_bbox: 0.0762  d1.dn_loss_iou: 0.2126  d2.dn_loss_cls: 0.0022  d2.dn_loss_bbox: 0.0738  d2.dn_loss_iou: 0.2028  d3.dn_loss_cls: 0.0016  d3.dn_loss_bbox: 0.0730  d3.dn_loss_iou: 0.2012  d4.dn_loss_cls: 0.0016  d4.dn_loss_bbox: 0.0732  d4.dn_loss_iou: 0.2012  contr_loss: 0.7497
08/07 17:51:56 - mmengine - INFO - Epoch(train) [32][300/698]  base_lr: 1.0000e-05 lr: 1.0000e-05  eta: 0:07:13  time: 1.0877  data_time: 0.0091  memory: 9799  grad_norm: 35.6187  loss: 4.9262  loss_cls: 0.0387  loss_bbox: 0.0590  loss_iou: 0.2274  d0.loss_cls: 0.0463  d0.loss_bbox: 0.0661  d0.loss_iou: 0.2340  d1.loss_cls: 0.0400  d1.loss_bbox: 0.0643  d1.loss_iou: 0.2322  d2.loss_cls: 0.0380  d2.loss_bbox: 0.0631  d2.loss_iou: 0.2308  d3.loss_cls: 0.0395  d3.loss_bbox: 0.0626  d3.loss_iou: 0.2294  d4.loss_cls: 0.0392  d4.loss_bbox: 0.0591  d4.loss_iou: 0.2275  enc_loss_cls: 0.0692  enc_loss_bbox: 0.0728  enc_loss_iou: 0.2482  dn_loss_cls: 0.0012  dn_loss_bbox: 0.0627  dn_loss_iou: 0.1804  d0.dn_loss_cls: 0.0139  d0.dn_loss_bbox: 0.0956  d0.dn_loss_iou: 0.2420  d1.dn_loss_cls: 0.0030  d1.dn_loss_bbox: 0.0682  d1.dn_loss_iou: 0.1921  d2.dn_loss_cls: 0.0015  d2.dn_loss_bbox: 0.0648  d2.dn_loss_iou: 0.1838  d3.dn_loss_cls: 0.0012  d3.dn_loss_bbox: 0.0633  d3.dn_loss_iou: 0.1811  d4.dn_loss_cls: 0.0012  d4.dn_loss_bbox: 0.0627  d4.dn_loss_iou: 0.1804  contr_loss: 0.9396
08/07 17:52:49 - mmengine - INFO - Epoch(train) [32][350/698]  base_lr: 1.0000e-05 lr: 1.0000e-05  eta: 0:06:19  time: 1.0769  data_time: 0.0089  memory: 9652  grad_norm: 37.7087  loss: 4.3948  loss_cls: 0.0352  loss_bbox: 0.0530  loss_iou: 0.2382  d0.loss_cls: 0.0426  d0.loss_bbox: 0.0558  d0.loss_iou: 0.2432  d1.loss_cls: 0.0376  d1.loss_bbox: 0.0541  d1.loss_iou: 0.2408  d2.loss_cls: 0.0366  d2.loss_bbox: 0.0541  d2.loss_iou: 0.2396  d3.loss_cls: 0.0357  d3.loss_bbox: 0.0540  d3.loss_iou: 0.2392  d4.loss_cls: 0.0348  d4.loss_bbox: 0.0537  d4.loss_iou: 0.2385  enc_loss_cls: 0.0666  enc_loss_bbox: 0.0610  enc_loss_iou: 0.2550  dn_loss_cls: 0.0010  dn_loss_bbox: 0.0607  dn_loss_iou: 0.1722  d0.dn_loss_cls: 0.0107  d0.dn_loss_bbox: 0.0824  d0.dn_loss_iou: 0.2255  d1.dn_loss_cls: 0.0023  d1.dn_loss_bbox: 0.0640  d1.dn_loss_iou: 0.1822  d2.dn_loss_cls: 0.0016  d2.dn_loss_bbox: 0.0608  d2.dn_loss_iou: 0.1738  d3.dn_loss_cls: 0.0011  d3.dn_loss_bbox: 0.0606  d3.dn_loss_iou: 0.1722  d4.dn_loss_cls: 0.0010  d4.dn_loss_bbox: 0.0608  d4.dn_loss_iou: 0.1722  contr_loss: 0.5204
08/07 17:53:02 - mmengine - INFO - Exp name: lae_dino_swin-t_finetune_DIOR_20260807_105315
08/07 17:53:44 - mmengine - INFO - Epoch(train) [32][400/698]  base_lr: 1.0000e-05 lr: 1.0000e-05  eta: 0:05:24  time: 1.0974  data_time: 0.0095  memory: 10171  grad_norm: 39.0618  loss: 4.8827  loss_cls: 0.0399  loss_bbox: 0.0615  loss_iou: 0.2703  d0.loss_cls: 0.0520  d0.loss_bbox: 0.0660  d0.loss_iou: 0.2782  d1.loss_cls: 0.0467  d1.loss_bbox: 0.0638  d1.loss_iou: 0.2759  d2.loss_cls: 0.0458  d2.loss_bbox: 0.0627  d2.loss_iou: 0.2733  d3.loss_cls: 0.0433  d3.loss_bbox: 0.0619  d3.loss_iou: 0.2723  d4.loss_cls: 0.0398  d4.loss_bbox: 0.0615  d4.loss_iou: 0.2702  enc_loss_cls: 0.0663  enc_loss_bbox: 0.0745  enc_loss_iou: 0.2949  dn_loss_cls: 0.0008  dn_loss_bbox: 0.0546  dn_loss_iou: 0.1652  d0.dn_loss_cls: 0.0108  d0.dn_loss_bbox: 0.0808  d0.dn_loss_iou: 0.2160  d1.dn_loss_cls: 0.0020  d1.dn_loss_bbox: 0.0596  d1.dn_loss_iou: 0.1747  d2.dn_loss_cls: 0.0011  d2.dn_loss_bbox: 0.0558  d2.dn_loss_iou: 0.1675  d3.dn_loss_cls: 0.0009  d3.dn_loss_bbox: 0.0551  d3.dn_loss_iou: 0.1659  d4.dn_loss_cls: 0.0008  d4.dn_loss_bbox: 0.0546  d4.dn_loss_iou: 0.1652  contr_loss: 0.7305
08/07 17:54:39 - mmengine - INFO - Epoch(train) [32][450/698]  base_lr: 1.0000e-05 lr: 1.0000e-05  eta: 0:04:30  time: 1.1006  data_time: 0.0091  memory: 10226  grad_norm: 39.2238  loss: 4.7955  loss_cls: 0.0425  loss_bbox: 0.0498  loss_iou: 0.2493  d0.loss_cls: 0.0500  d0.loss_bbox: 0.0550  d0.loss_iou: 0.2601  d1.loss_cls: 0.0480  d1.loss_bbox: 0.0505  d1.loss_iou: 0.2542  d2.loss_cls: 0.0468  d2.loss_bbox: 0.0505  d2.loss_iou: 0.2513  d3.loss_cls: 0.0447  d3.loss_bbox: 0.0502  d3.loss_iou: 0.2507  d4.loss_cls: 0.0431  d4.loss_bbox: 0.0498  d4.loss_iou: 0.2495  enc_loss_cls: 0.0663  enc_loss_bbox: 0.0596  enc_loss_iou: 0.2734  dn_loss_cls: 0.0011  dn_loss_bbox: 0.0520  dn_loss_iou: 0.1730  d0.dn_loss_cls: 0.0124  d0.dn_loss_bbox: 0.0767  d0.dn_loss_iou: 0.2286  d1.dn_loss_cls: 0.0030  d1.dn_loss_bbox: 0.0554  d1.dn_loss_iou: 0.1821  d2.dn_loss_cls: 0.0021  d2.dn_loss_bbox: 0.0526  d2.dn_loss_iou: 0.1749  d3.dn_loss_cls: 0.0013  d3.dn_loss_bbox: 0.0523  d3.dn_loss_iou: 0.1737  d4.dn_loss_cls: 0.0011  d4.dn_loss_bbox: 0.0520  d4.dn_loss_iou: 0.1731  contr_loss: 0.8328
08/07 17:55:34 - mmengine - INFO - Epoch(train) [32][500/698]  base_lr: 1.0000e-05 lr: 1.0000e-05  eta: 0:03:35  time: 1.0840  data_time: 0.0097  memory: 10320  grad_norm: 43.2966  loss: 5.2816  loss_cls: 0.0296  loss_bbox: 0.0565  loss_iou: 0.2579  d0.loss_cls: 0.0412  d0.loss_bbox: 0.0600  d0.loss_iou: 0.2662  d1.loss_cls: 0.0352  d1.loss_bbox: 0.0593  d1.loss_iou: 0.2646  d2.loss_cls: 0.0341  d2.loss_bbox: 0.0575  d2.loss_iou: 0.2607  d3.loss_cls: 0.0322  d3.loss_bbox: 0.0570  d3.loss_iou: 0.2591  d4.loss_cls: 0.0310  d4.loss_bbox: 0.0565  d4.loss_iou: 0.2581  enc_loss_cls: 0.0554  enc_loss_bbox: 0.0649  enc_loss_iou: 0.2773  dn_loss_cls: 0.0008  dn_loss_bbox: 0.0591  dn_loss_iou: 0.1837  d0.dn_loss_cls: 0.0117  d0.dn_loss_bbox: 0.0891  d0.dn_loss_iou: 0.2415  d1.dn_loss_cls: 0.0021  d1.dn_loss_bbox: 0.0643  d1.dn_loss_iou: 0.1944  d2.dn_loss_cls: 0.0012  d2.dn_loss_bbox: 0.0600  d2.dn_loss_iou: 0.1861  d3.dn_loss_cls: 0.0009  d3.dn_loss_bbox: 0.0592  d3.dn_loss_iou: 0.1845  d4.dn_loss_cls: 0.0008  d4.dn_loss_bbox: 0.0592  d4.dn_loss_iou: 0.1840  contr_loss: 1.1843
08/07 17:56:28 - mmengine - INFO - Epoch(train) [32][550/698]  base_lr: 1.0000e-05 lr: 1.0000e-05  eta: 0:02:41  time: 1.0980  data_time: 0.0091  memory: 9906  grad_norm: 37.2094  loss: 4.5072  loss_cls: 0.0414  loss_bbox: 0.0537  loss_iou: 0.2693  d0.loss_cls: 0.0521  d0.loss_bbox: 0.0584  d0.loss_iou: 0.2793  d1.loss_cls: 0.0460  d1.loss_bbox: 0.0557  d1.loss_iou: 0.2726  d2.loss_cls: 0.0464  d2.loss_bbox: 0.0545  d2.loss_iou: 0.2699  d3.loss_cls: 0.0440  d3.loss_bbox: 0.0538  d3.loss_iou: 0.2689  d4.loss_cls: 0.0426  d4.loss_bbox: 0.0537  d4.loss_iou: 0.2693  enc_loss_cls: 0.0676  enc_loss_bbox: 0.0630  enc_loss_iou: 0.2921  dn_loss_cls: 0.0006  dn_loss_bbox: 0.0534  dn_loss_iou: 0.1815  d0.dn_loss_cls: 0.0112  d0.dn_loss_bbox: 0.0765  d0.dn_loss_iou: 0.2366  d1.dn_loss_cls: 0.0017  d1.dn_loss_bbox: 0.0564  d1.dn_loss_iou: 0.1908  d2.dn_loss_cls: 0.0010  d2.dn_loss_bbox: 0.0537  d2.dn_loss_iou: 0.1832  d3.dn_loss_cls: 0.0007  d3.dn_loss_bbox: 0.0532  d3.dn_loss_iou: 0.1818  d4.dn_loss_cls: 0.0006  d4.dn_loss_bbox: 0.0533  d4.dn_loss_iou: 0.1816  contr_loss: 0.3347
08/07 17:57:24 - mmengine - INFO - Epoch(train) [32][600/698]  base_lr: 1.0000e-05 lr: 1.0000e-05  eta: 0:01:46  time: 1.1049  data_time: 0.0092  memory: 10271  grad_norm: 38.6222  loss: 5.1926  loss_cls: 0.0483  loss_bbox: 0.0566  loss_iou: 0.2731  d0.loss_cls: 0.0643  d0.loss_bbox: 0.0581  d0.loss_iou: 0.2789  d1.loss_cls: 0.0603  d1.loss_bbox: 0.0579  d1.loss_iou: 0.2754  d2.loss_cls: 0.0567  d2.loss_bbox: 0.0573  d2.loss_iou: 0.2754  d3.loss_cls: 0.0550  d3.loss_bbox: 0.0564  d3.loss_iou: 0.2732  d4.loss_cls: 0.0498  d4.loss_bbox: 0.0565  d4.loss_iou: 0.2737  enc_loss_cls: 0.0782  enc_loss_bbox: 0.0624  enc_loss_iou: 0.2882  dn_loss_cls: 0.0034  dn_loss_bbox: 0.0601  dn_loss_iou: 0.1883  d0.dn_loss_cls: 0.0203  d0.dn_loss_bbox: 0.0858  d0.dn_loss_iou: 0.2444  d1.dn_loss_cls: 0.0060  d1.dn_loss_bbox: 0.0625  d1.dn_loss_iou: 0.1983  d2.dn_loss_cls: 0.0039  d2.dn_loss_bbox: 0.0602  d2.dn_loss_iou: 0.1905  d3.dn_loss_cls: 0.0037  d3.dn_loss_bbox: 0.0604  d3.dn_loss_iou: 0.1891  d4.dn_loss_cls: 0.0033  d4.dn_loss_bbox: 0.0601  d4.dn_loss_iou: 0.1884  contr_loss: 0.8084
08/07 17:58:18 - mmengine - INFO - Epoch(train) [32][650/698]  base_lr: 1.0000e-05 lr: 1.0000e-05  eta: 0:00:52  time: 1.0960  data_time: 0.0090  memory: 9934  grad_norm: 54.1390  loss: 4.7487  loss_cls: 0.0352  loss_bbox: 0.0555  loss_iou: 0.2582  d0.loss_cls: 0.0501  d0.loss_bbox: 0.0596  d0.loss_iou: 0.2641  d1.loss_cls: 0.0431  d1.loss_bbox: 0.0572  d1.loss_iou: 0.2602  d2.loss_cls: 0.0404  d2.loss_bbox: 0.0566  d2.loss_iou: 0.2594  d3.loss_cls: 0.0379  d3.loss_bbox: 0.0560  d3.loss_iou: 0.2583  d4.loss_cls: 0.0353  d4.loss_bbox: 0.0555  d4.loss_iou: 0.2581  enc_loss_cls: 0.0618  enc_loss_bbox: 0.0683  enc_loss_iou: 0.2788  dn_loss_cls: 0.0012  dn_loss_bbox: 0.0576  dn_loss_iou: 0.1831  d0.dn_loss_cls: 0.0121  d0.dn_loss_bbox: 0.0852  d0.dn_loss_iou: 0.2349  d1.dn_loss_cls: 0.0027  d1.dn_loss_bbox: 0.0624  d1.dn_loss_iou: 0.1923  d2.dn_loss_cls: 0.0016  d2.dn_loss_bbox: 0.0597  d2.dn_loss_iou: 0.1851  d3.dn_loss_cls: 0.0013  d3.dn_loss_bbox: 0.0581  d3.dn_loss_iou: 0.1834  d4.dn_loss_cls: 0.0012  d4.dn_loss_bbox: 0.0577  d4.dn_loss_iou: 0.1831  contr_loss: 0.6365
08/07 17:59:11 - mmengine - INFO - Exp name: lae_dino_swin-t_finetune_DIOR_20260807_105315
08/07 17:59:11 - mmengine - INFO - Saving checkpoint at 32 epochs
08/07 17:59:23 - mmengine - INFO - Epoch(val) [32][ 50/147]    eta: 0:00:09  time: 0.1028  data_time: 0.0023  memory: 10155  
08/07 17:59:28 - mmengine - INFO - Epoch(val) [32][100/147]    eta: 0:00:04  time: 0.1006  data_time: 0.0018  memory: 3800  
08/07 17:59:35 - mmengine - INFO - Evaluating bbox...
Loading and preparing results...
DONE (t=0.41s)
creating index...
index created!
Running per image evaluation...
Evaluate annotation type *bbox*
DONE (t=8.57s).
Accumulating evaluation results...
DONE (t=3.06s).
 Average Precision  (AP) @[ IoU=0.50:0.95 | area=   all | maxDets=100 ] = 0.741
 Average Precision  (AP) @[ IoU=0.50      | area=   all | maxDets=1000 ] = 0.915
 Average Precision  (AP) @[ IoU=0.75      | area=   all | maxDets=1000 ] = 0.808
 Average Precision  (AP) @[ IoU=0.50:0.95 | area= small | maxDets=1000 ] = 0.246
 Average Precision  (AP) @[ IoU=0.50:0.95 | area=medium | maxDets=1000 ] = 0.624
 Average Precision  (AP) @[ IoU=0.50:0.95 | area= large | maxDets=1000 ] = 0.853
 Average Recall     (AR) @[ IoU=0.50:0.95 | area=   all | maxDets=100 ] = 0.837
 Average Recall     (AR) @[ IoU=0.50:0.95 | area=   all | maxDets=300 ] = 0.843
 Average Recall     (AR) @[ IoU=0.50:0.95 | area=   all | maxDets=1000 ] = 0.843
 Average Recall     (AR) @[ IoU=0.50:0.95 | area= small | maxDets=1000 ] = 0.417
 Average Recall     (AR) @[ IoU=0.50:0.95 | area=medium | maxDets=1000 ] = 0.779
 Average Recall     (AR) @[ IoU=0.50:0.95 | area= large | maxDets=1000 ] = 0.923
08/07 17:59:49 - mmengine - INFO - bbox_mAP_copypaste: 0.741 0.915 0.808 0.246 0.624 0.853
================DIOR/coco================
08/07 17:59:49 - mmengine - INFO - Epoch(val) [32][147/147]    DIOR/coco/bbox_mAP: 0.7410  DIOR/coco/bbox_mAP_50: 0.9150  DIOR/coco/bbox_mAP_75: 0.8080  DIOR/coco/bbox_mAP_s: 0.2460  DIOR/coco/bbox_mAP_m: 0.6240  DIOR/coco/bbox_mAP_l: 0.8530  data_time: 0.0020  time: 0.1008
